product_sku,product_model,product_name,product_type,fabric_sku,stock_category,product_size,product_height_cm,appartment,storage_room,container_box_id,product_quality,product_quality_segment,physical_stock_on_hand,recent_flux_volume,total_available_for_sale_units
DMAY0-2XL,DMAY01,Dress - Noir,Dress,SOL14,Finished product,2XL,173.0,APT02,CHB01,2ND-BOX-3,Second,🔄 Repaired/Rework (2nd Quality Sale),6,65.0,71.0
DMAY0-3XL,DMAY01,Dress - Noir,Dress,SOL14,Finished product,3XL,173.0,APT02,CHB01,2ND-BOX-3,Second,🔄 Repaired/Rework (2nd Quality Sale),2,18.0,20.0
JUMYO-S,JUMYO1,Jumpsuit - vert,Jumpsuit,SAL08,Finished product,S,173.0,APT02,CHB01,2ND-BOX-1,Second,🔄 Repaired/Rework (2nd Quality Sale),9,11.0,20.0
JUMYO-XS,JUMYO1,Jumpsuit - vert,Jumpsuit,SAL08,Finished product,XS,173.0,APT02,CHB01,2ND-BOX-1,Second,🔄 Repaired/Rework (2nd Quality Sale),8,9.0,17.0
JUMYO-2XL,JUMYO1,Jumpsuit - vert,Jumpsuit,SAL08,Finished product,2XL,173.0,APT02,CHB01,2ND-BOX-1,Second,🔄 Repaired/Rework (2nd Quality Sale),7,7.0,14.0
JUMYO-L,JUMYO1,Jumpsuit - vert,Jumpsuit,SAL08,Finished product,L,173.0,APT02,CHB01,2ND-BOX-1,Second,🔄 Repaired/Rework (2nd Quality Sale),8,14.0,22.0
JUMYO-3XL,JUMYO1,Jumpsuit - vert,Jumpsuit,SAL08,Finished product,3XL,173.0,APT02,CHB01,2ND-BOX-1,Second,🔄 Repaired/Rework (2nd Quality Sale),1,2.0,3.0
JUMYO-XL,JUMYO1,Jumpsuit - vert,Jumpsuit,SAL08,Finished product,XL,173.0,APT02,CHB01,2ND-BOX-1,Second,🔄 Repaired/Rework (2nd Quality Sale),15,17.0,32.0
JUMY0-M,JUMY01,Jumpsuit - Rust,Jumpsuit,SOL14,Finished product,M,173.0,APT02,CHB01,2ND-BOX-3,Second,🔄 Repaired/Rework (2nd Quality Sale),4,67.0,71.0
JUMY0-XS,JUMY01,Jumpsuit - Rust,Jumpsuit,SOL14,Finished product,XS,173.0,APT02,CHB01,2ND-BOX-3,Second,🔄 Repaired/Rework (2nd Quality Sale),4,52.0,56.0
JUMY0-L,JUMY01,Jumpsuit - Rust,Jumpsuit,SOL14,Finished product,L,173.0,APT02,CHB01,2ND-BOX-3,Second,🔄 Repaired/Rework (2nd Quality Sale),7,57.0,64.0
JUMY0-XL,JUMY01,Jumpsuit - Rust,Jumpsuit,SOL14,Finished product,XL,173.0,APT02,CHB01,2ND-BOX-3,Second,🔄 Repaired/Rework (2nd Quality Sale),3,68.0,71.0
JUMY0-2XL,JUMY01,Jumpsuit - Rust,Jumpsuit,SOL14,Finished product,2XL,173.0,APT02,CHB01,2ND-BOX-3,Second,🔄 Repaired/Rework (2nd Quality Sale),1,38.0,39.0
JUMY0-XS,JUMY01,Jumpsuit - Teal,Jumpsuit,SOL14,Finished product,XS,173.0,APT02,CHB01,2ND-BOX-3,Second,🔄 Repaired/Rework (2nd Quality Sale),1,52.0,53.0
JUMY0-XL,JUMY01,Jumpsuit - Teal,Jumpsuit,SOL14,Finished product,XL,173.0,APT02,CHB01,2ND-BOX-3,Second,🔄 Repaired/Rework (2nd Quality Sale),2,68.0,70.0
JUMY0-2XL,JUMY01,Jumpsuit - Teal,Jumpsuit,SOL14,Finished product,2XL,173.0,APT02,CHB01,2ND-BOX-3,Second,🔄 Repaired/Rework (2nd Quality Sale),1,38.0,39.0
JUMY0-3XL,JUMY01,Jumpsuit - Teal,Jumpsuit,SOL14,Finished product,3XL,173.0,APT02,CHB01,2ND-BOX-3,Second,🔄 Repaired/Rework (2nd Quality Sale),1,12.0,13.0
JUMY0-XS,JUMY01,Jumpsuit - Noir,Jumpsuit,TUK08,Finished product,XS,173.0,APT02,CHB01,2ND-BOX-1,Second,🔄 Repaired/Rework (2nd Quality Sale),4,52.0,56.0
JUMY0-XL,JUMY01,Jumpsuit - Noir,Jumpsuit,TUK08,Finished product,XL,173.0,APT02,CHB01,2ND-BOX-1,Second,🔄 Repaired/Rework (2nd Quality Sale),4,68.0,72.0
JUMY0-2XL,JUMY01,Jumpsuit - Noir,Jumpsuit,TUK08,Finished product,2XL,173.0,APT02,CHB01,2ND-BOX-1,Second,🔄 Repaired/Rework (2nd Quality Sale),3,38.0,41.0
JUMY0-3XL,JUMY01,Jumpsuit - Noir,Jumpsuit,TUK08,Finished product,3XL,173.0,APT02,CHB01,2ND-BOX-1,Second,🔄 Repaired/Rework (2nd Quality Sale),1,12.0,13.0
JUMY0-S,JUMY01,Jumpsuit - Noir,Jumpsuit,TUK08,Finished product,S,173.0,APT02,CHB01,2ND-BOX-1,Second,🔄 Repaired/Rework (2nd Quality Sale),2,75.0,77.0
JUMY1-2XL,JUMY11,Jumpsuit - White,Jumpsuit,SIN08,Finished product,2XL,173.0,APT02,CHB01,2ND-BOX-53,Second,🔄 Repaired/Rework (2nd Quality Sale),1,1.0,2.0
PLEE0-L,PLEE01,Pants - Noir,Pants,SOL14,Finished product,L,173.0,APT02,CHB01,2ND-BOX-2,Second,🔄 Repaired/Rework (2nd Quality Sale),24,172.0,196.0
PLEE0-S,PLEE01,Pants - Noir,Pants,SOL14,Finished product,S,173.0,APT02,CHB01,2ND-BOX-2,Second,🔄 Repaired/Rework (2nd Quality Sale),21,185.0,206.0
PLEE0-M,PLEE01,Pants - Noir,Pants,SOL14,Finished product,M,173.0,APT02,CHB01,2ND-BOX-2,Second,🔄 Repaired/Rework (2nd Quality Sale),24,211.0,235.0
PLEE0-XS,PLEE01,Pants - Noir,Pants,SOL14,Finished product,XS,173.0,APT02,CHB01,2ND-BOX-2,Second,🔄 Repaired/Rework (2nd Quality Sale),13,174.0,187.0
PLEE0-2XL,PLEE01,Pants - Noir,Pants,SOL14,Finished product,2XL,173.0,APT02,CHB01,2ND-BOX-2,Second,🔄 Repaired/Rework (2nd Quality Sale),5,113.0,118.0
PLEE0-XS,PLEE01,Pants - Rust,Pants,SOL14,Finished product,XS,173.0,APT02,CHB01,2ND-BOX-4,Second,🔄 Repaired/Rework (2nd Quality Sale),4,174.0,178.0
PLEE0-S,PLEE01,Pants - Rust,Pants,SOL14,Finished product,S,173.0,APT02,CHB01,2ND-BOX-4,Second,🔄 Repaired/Rework (2nd Quality Sale),4,185.0,189.0
PLEE0-3XL,PLEE01,Pants - Rust,Pants,SOL14,Finished product,3XL,173.0,APT02,CHB01,2ND-BOX-4,Second,🔄 Repaired/Rework (2nd Quality Sale),1,56.0,57.0
PLEE0-XL,PLEE01,Pants - Rust,Pants,SOL14,Finished product,XL,173.0,APT02,CHB01,2ND-BOX-4,Second,🔄 Repaired/Rework (2nd Quality Sale),2,108.0,110.0
PLEE0-2XL,PLEE01,Pants - Rust,Pants,SOL14,Finished product,2XL,173.0,APT02,CHB01,2ND-BOX-4,Second,🔄 Repaired/Rework (2nd Quality Sale),1,113.0,114.0
PLEE0-L,PLEE01,Pants - White,Pants,ZEN08,Finished product,L,173.0,APT02,CHB01,2ND-BOX-4,Second,🔄 Repaired/Rework (2nd Quality Sale),3,172.0,175.0
PLEE0-M,PLEE01,Pants - White,Pants,ZEN08,Finished product,M,173.0,APT02,CHB01,2ND-BOX-4,Second,🔄 Repaired/Rework (2nd Quality Sale),3,211.0,214.0
PLEE0-XL,PLEE01,Pants - White,Pants,ZEN08,Finished product,XL,173.0,APT02,CHB01,2ND-BOX-4,Second,🔄 Repaired/Rework (2nd Quality Sale),3,108.0,111.0
PLEE0-XS,PLEE01,Pants - White,Pants,ZEN08,Finished product,XS,173.0,APT02,CHB01,2ND-BOX-4,Second,🔄 Repaired/Rework (2nd Quality Sale),3,174.0,177.0
PLEE0-2XL,PLEE01,Pants - White,Pants,ZEN08,Finished product,2XL,173.0,APT02,CHB01,2ND-BOX-4,Second,🔄 Repaired/Rework (2nd Quality Sale),1,113.0,114.0
PLEE0-XL,PLEE01,Pants - Blu,Pants,BAT08,Finished product,XL,173.0,APT02,CHB01,2ND-BOX-4,Second,🔄 Repaired/Rework (2nd Quality Sale),3,108.0,111.0
PLEE0-L,PLEE01,Pants - Blu,Pants,BAT08,Finished product,L,173.0,APT02,CHB01,2ND-BOX-4,Second,🔄 Repaired/Rework (2nd Quality Sale),3,172.0,175.0
PLEE0-XS,PLEE01,Pants - Blu,Pants,BAT08,Finished product,XS,173.0,APT02,CHB01,2ND-BOX-4,Second,🔄 Repaired/Rework (2nd Quality Sale),2,174.0,176.0
PLEE0-2XL,PLEE01,Pants - Blu,Pants,BAT08,Finished product,2XL,173.0,APT02,CHB01,2ND-BOX-4,Second,🔄 Repaired/Rework (2nd Quality Sale),1,113.0,114.0
PLEE0-3XL,PLEE01,Pants - Blu,Pants,BAT08,Finished product,3XL,173.0,APT02,CHB01,2ND-BOX-4,Second,🔄 Repaired/Rework (2nd Quality Sale),1,56.0,57.0
PLEE0-XS,PLEE01,Pants - Navy,Pants,COS08,Finished product,XS,173.0,APT02,CHB01,2ND-BOX-4,Second,🔄 Repaired/Rework (2nd Quality Sale),3,174.0,177.0
PLEE0-L,PLEE01,Pants - Navy,Pants,COS08,Finished product,L,173.0,APT02,CHB01,2ND-BOX-4,Second,🔄 Repaired/Rework (2nd Quality Sale),1,172.0,173.0
PLEE0-M,PLEE01,Pants - Navy,Pants,COS08,Finished product,M,173.0,APT02,CHB01,2ND-BOX-4,Second,🔄 Repaired/Rework (2nd Quality Sale),1,211.0,212.0
PLEE0-XL,PLEE01,Pants - Navy,Pants,COS08,Finished product,XL,173.0,APT02,CHB01,2ND-BOX-4,Second,🔄 Repaired/Rework (2nd Quality Sale),1,108.0,109.0
PLEE0-2XL,PLEE01,Pants - Gold,Pants,TEX08,Finished product,2XL,173.0,APT02,CHB01,2ND-BOX-4,Second,🔄 Repaired/Rework (2nd Quality Sale),2,113.0,115.0
PLEE0-XS,PLEE01,Pants - Rose,Pants,BLO08,Finished product,XS,173.0,APT02,CHB01,2ND-BOX-4,Second,🔄 Repaired/Rework (2nd Quality Sale),2,174.0,176.0
PLEE0-L,PLEE01,Pants - Rust,Pants,SUT08,Finished product,L,173.0,APT02,CHB01,2ND-BOX-4,Second,🔄 Repaired/Rework (2nd Quality Sale),1,172.0,173.0
PLEE0-XS,PLEE01,Pants - Rust,Pants,SUT08,Finished product,XS,173.0,APT02,CHB01,2ND-BOX-4,Second,🔄 Repaired/Rework (2nd Quality Sale),1,174.0,175.0
PLEE0-XS,PLEE01,Pants - Gold,Pants,SUT08,Finished product,XS,173.0,APT02,CHB01,2ND-BOX-4,Second,🔄 Repaired/Rework (2nd Quality Sale),2,174.0,176.0
PLEE0-M,PLEE01,Pants - Gold,Pants,SUT08,Finished product,M,173.0,APT02,CHB01,2ND-BOX-4,Second,🔄 Repaired/Rework (2nd Quality Sale),1,211.0,212.0
PLEE0-L,PLEE01,Pants - vert,Pants,SAL08,Finished product,L,173.0,APT02,CHB01,2ND-BOX-4,Second,🔄 Repaired/Rework (2nd Quality Sale),1,172.0,173.0
PLEE0-XS,PLEE01,Pants - vert,Pants,SAL08,Finished product,XS,173.0,APT02,CHB01,2ND-BOX-4,Second,🔄 Repaired/Rework (2nd Quality Sale),1,174.0,175.0
PLEE0-2XL,PLEE01,Pants - Cream,Pants,ZEN08,Finished product,2XL,173.0,APT02,CHB01,2ND-BOX-4,Second,🔄 Repaired/Rework (2nd Quality Sale),1,113.0,114.0
PLEE0-XL,PLEE01,Pants - Cream,Pants,TIL08,Finished product,XL,173.0,APT02,CHB01,2ND-BOX-5,Second,🔄 Repaired/Rework (2nd Quality Sale),11,108.0,119.0
PLEE0-2XL,PLEE01,Pants - Cream,Pants,TIL08,Finished product,2XL,173.0,APT02,CHB01,2ND-BOX-5,Second,🔄 Repaired/Rework (2nd Quality Sale),8,113.0,121.0
PLEE0-L,PLEE01,Pants - Cream,Pants,TIL08,Finished product,L,173.0,APT02,CHB01,2ND-BOX-5,Second,🔄 Repaired/Rework (2nd Quality Sale),10,172.0,182.0
PLEE0-S,PLEE01,Pants - Cream,Pants,TIL08,Finished product,S,173.0,APT02,CHB01,2ND-BOX-5,Second,🔄 Repaired/Rework (2nd Quality Sale),3,185.0,188.0
PLEE0-3XL,PLEE01,Pants - Cream,Pants,TIL08,Finished product,3XL,173.0,APT02,CHB01,2ND-BOX-5,Second,🔄 Repaired/Rework (2nd Quality Sale),3,56.0,59.0
PLEE0-M,PLEE01,Pants - Cream,Pants,TIL08,Finished product,M,173.0,APT02,CHB01,2ND-BOX-5,Second,🔄 Repaired/Rework (2nd Quality Sale),7,211.0,218.0
PLEE0-XS,PLEE01,Pants - Cream,Pants,TIL08,Finished product,XS,173.0,APT02,CHB01,2ND-BOX-5,Second,🔄 Repaired/Rework (2nd Quality Sale),1,174.0,175.0
PLEE1-XS,PLEE11,Pants - Black,Pants,LIN08,Finished product,XS,173.0,APT02,CHB01,2ND-BOX-5,Second,🔄 Repaired/Rework (2nd Quality Sale),17,25.0,42.0
PLEE1-M,PLEE11,Pants - Black,Pants,LIN08,Finished product,M,173.0,APT02,CHB01,2ND-BOX-5,Second,🔄 Repaired/Rework (2nd Quality Sale),3,11.0,14.0
PLEE1-S,PLEE11,Pants - Black,Pants,LIN08,Finished product,S,173.0,APT02,CHB01,2ND-BOX-5,Second,🔄 Repaired/Rework (2nd Quality Sale),1,10.0,11.0
PLEE0-M,PLEE01,Pants - Black,Pants,SUT08,Finished product,M,173.0,APT02,CHB01,2ND-BOX-5,Second,🔄 Repaired/Rework (2nd Quality Sale),5,211.0,216.0
PLEE0-L,PLEE01,Pants - Black,Pants,SUT08,Finished product,L,173.0,APT02,CHB01,2ND-BOX-5,Second,🔄 Repaired/Rework (2nd Quality Sale),1,172.0,173.0
OWRA1-OS,OWRA11,Cape - Blue,Cape,SOL17,Finished product,OS,173.0,APT02,CHB01,FST-BOX-1,First,✨ Premium (1st Quality),10,223.0,233.0
OWRA1-OS,OWRA11,Cape - Blue,Cape,SOL17,Finished product,OS,173.0,APT02,CHB01,FST-BOX-2,First,✨ Premium (1st Quality),10,223.0,233.0
OWRA1-OS,OWRA11,Cape - Blue,Cape,SOL17,Finished product,OS,173.0,APT02,CHB01,FST-BOX-3,First,✨ Premium (1st Quality),10,223.0,233.0
OWRA1-OS,OWRA11,Cape - Blue,Cape,SOL17,Finished product,OS,173.0,APT02,CHB01,FST-BOX-4,First,✨ Premium (1st Quality),10,223.0,233.0
OWRA1-OS,OWRA11,Cape - Blue,Cape,SOL17,Finished product,OS,173.0,APT02,CHB01,FST-BOX-5,First,✨ Premium (1st Quality),9,223.0,232.0
OWRA1-OS,OWRA11,Cape - Cream,Cape,SOL17,Finished product,OS,173.0,APT02,CHB01,FST-BOX-6,First,✨ Premium (1st Quality),8,223.0,231.0
OWRA1-OS,OWRA11,Cape - Cream,Cape,SOL17,Finished product,OS,173.0,APT02,CHB01,FST-BOX-7,First,✨ Premium (1st Quality),10,223.0,233.0
OWRA1-OS,OWRA11,Cape - Cream,Cape,SOL17,Finished product,OS,173.0,APT02,CHB01,FST-BOX-8,First,✨ Premium (1st Quality),5,223.0,228.0
PLEE0-XS,PLEE01,Pants - Black,Pants,SUT08,Finished product,XS,,APT02,CHB01,2ND-BOX-5,Second,🔄 Repaired/Rework (2nd Quality Sale),1,174.0,175.0
OWRA1-OS,OWRA11,Cape - Black,Cape,SOL17,Finished product,OS,173.0,APT02,CHB01,FST-BOX-10,First,✨ Premium (1st Quality),9,223.0,232.0
OAMY1-OS,OAMY11,Poncho - Teal,Poncho,BAO08,Finished product,OS,173.0,APT02,CHB01,FST-BOX-11,First,✨ Premium (1st Quality),10,124.0,134.0
OAMY1-OS,OAMY11,Poncho - White,Poncho,ZEN08,Finished product,OS,173.0,APT02,CHB01,FST-BOX-11,First,✨ Premium (1st Quality),4,124.0,128.0
OAMY1-OS,OAMY11,Poncho - Teal,Poncho,BAO08,Finished product,OS,173.0,APT02,CHB01,FST-BOX-12,First,✨ Premium (1st Quality),10,124.0,134.0
OAMY1-OS,OAMY11,Poncho - Blue,Poncho,GYR08,Finished product,OS,173.0,APT02,CHB01,FST-BOX-14,First,✨ Premium (1st Quality),11,124.0,135.0
OAMY1-OS,OAMY11,Poncho - White,Poncho,ZEN08,Finished product,OS,173.0,APT02,CHB01,FST-BOX-14,First,✨ Premium (1st Quality),3,124.0,127.0
PLEE0-XS,PLEE01,Pants - Noir,Pants,HER08,Finished product,XS,173.0,APT02,CHB01,2ND-BOX-5,Second,🔄 Repaired/Rework (2nd Quality Sale),4,174.0,178.0
PLEE0-3XL,PLEE01,Pants - Noir,Pants,HER08,Finished product,3XL,173.0,APT02,CHB01,2ND-BOX-5,Second,🔄 Repaired/Rework (2nd Quality Sale),2,56.0,58.0
PLEE0-2XL,PLEE01,Pants - Noir,Pants,HER08,Finished product,2XL,173.0,APT02,CHB01,2ND-BOX-5,Second,🔄 Repaired/Rework (2nd Quality Sale),2,113.0,115.0
PLEE0-XL,PLEE01,Pants - Noir,Pants,HER08,Finished product,XL,173.0,APT02,CHB01,2ND-BOX-5,Second,🔄 Repaired/Rework (2nd Quality Sale),2,108.0,110.0
PLEE0-3XL,PLEE01,Pants - Noir,Pants,TUK08,Finished product,3XL,173.0,APT02,CHB01,2ND-BOX-5,Second,🔄 Repaired/Rework (2nd Quality Sale),1,56.0,57.0
JUMY0-M,JUMY01,Jumpsuit - Noir,Jumpsuit,SOL14,Finished product,M,173.0,APT02,CHB01,2ND-BOX-6,Second,🔄 Repaired/Rework (2nd Quality Sale),27,67.0,94.0
JUMY0-S,JUMY01,Jumpsuit - Noir,Jumpsuit,SOL14,Finished product,S,173.0,APT02,CHB01,2ND-BOX-6,Second,🔄 Repaired/Rework (2nd Quality Sale),20,75.0,95.0
JUMY0-XS,JUMY01,Jumpsuit - Noir,Jumpsuit,SOL14,Finished product,XS,173.0,APT02,CHB01,2ND-BOX-6,Second,🔄 Repaired/Rework (2nd Quality Sale),1,52.0,53.0
JUMY0-2XL,JUMY01,Jumpsuit - Noir,Jumpsuit,SOL14,Finished product,2XL,173.0,APT02,CHB01,2ND-BOX-6,Second,🔄 Repaired/Rework (2nd Quality Sale),1,38.0,39.0
OAMY1-OS,OAMY11,Poncho - Blue,Poncho,GYR08,Finished product,OS,173.0,APT02,CHB01,FST-BOX-15,First,✨ Premium (1st Quality),12,124.0,136.0
OWRA1-OS,OWRA11,Cape - Black,Cape,SOL17,Finished product,OS,173.0,APT02,CHB01,FST-BOX-16,First,✨ Premium (1st Quality),9,223.0,232.0
OAMY1-OS,OAMY11,Poncho - White,Poncho,ZEN08,Finished product,OS,173.0,APT02,CHB01,FST-BOX-17,First,✨ Premium (1st Quality),16,124.0,140.0
OWRA1-OS,OWRA11,Cape - Brown,Cape,SOL17,Finished product,OS,173.0,APT02,CHB01,FST-BOX-18,First,✨ Premium (1st Quality),10,223.0,233.0
OAMY1-OS,OAMY11,Poncho - Teal,Poncho,BAO08,Finished product,OS,173.0,APT02,CHB01,FST-BOX-19,First,✨ Premium (1st Quality),5,124.0,129.0
OAMY1-OS,OAMY11,Poncho - White,Poncho,ZEN08,Finished product,OS,173.0,APT02,CHB01,FST-BOX-19,First,✨ Premium (1st Quality),6,124.0,130.0
PLEE0-2XL,PLEE01,Pants - Black,Pants,SOK08,Finished product,2XL,173.0,APT02,CHB01,2ND-BOX-7,Second,🔄 Repaired/Rework (2nd Quality Sale),23,113.0,136.0
PLEE0-M,PLEE01,Pants - Black,Pants,SOK08,Finished product,M,173.0,APT02,CHB01,2ND-BOX-7,Second,🔄 Repaired/Rework (2nd Quality Sale),12,211.0,223.0
PLEE0-S,PLEE01,Pants - Black,Pants,SOK08,Finished product,S,173.0,APT02,CHB01,2ND-BOX-7,Second,🔄 Repaired/Rework (2nd Quality Sale),7,185.0,192.0
PLEE0-XS,PLEE01,Pants - Black,Pants,SOK08,Finished product,XS,173.0,APT02,CHB01,2ND-BOX-7,Second,🔄 Repaired/Rework (2nd Quality Sale),4,174.0,178.0
PLEE0-XL,PLEE01,Pants - Black,Pants,SOK08,Finished product,XL,173.0,APT02,CHB01,2ND-BOX-7,Second,🔄 Repaired/Rework (2nd Quality Sale),7,108.0,115.0
PLEE0-3XL,PLEE01,Pants - Black,Pants,SOK08,Finished product,3XL,173.0,APT02,CHB01,2ND-BOX-7,Second,🔄 Repaired/Rework (2nd Quality Sale),6,56.0,62.0
PLEE0-L,PLEE01,Pants - Black,Pants,SOK08,Finished product,L,173.0,APT02,CHB01,2ND-BOX-7,Second,🔄 Repaired/Rework (2nd Quality Sale),13,172.0,185.0
OWRA1-OS,OWRA11,Cape - Cream,Cape,SOL17,Finished product,OS,173.0,APT02,CHB01,FST-BOX-21,First,✨ Premium (1st Quality),4,223.0,227.0
OWRA1-OS,OWRA11,Cape - Brown,Cape,SOL17,Finished product,OS,173.0,APT02,CHB01,FST-BOX-22,First,✨ Premium (1st Quality),11,223.0,234.0
JUMY0-2XL,JUMY01,Jumpsuit - Blue,Jumpsuit,YRA08,Finished product,2XL,173.0,APT02,CHB01,2ND-BOX-8,Second,🔄 Repaired/Rework (2nd Quality Sale),18,38.0,56.0
JUMY0-L,JUMY01,Jumpsuit - Blue,Jumpsuit,YRA08,Finished product,L,173.0,APT02,CHB01,2ND-BOX-8,Second,🔄 Repaired/Rework (2nd Quality Sale),9,57.0,66.0
JUMY0-XL,JUMY01,Jumpsuit - Blue,Jumpsuit,YRA08,Finished product,XL,173.0,APT02,CHB01,2ND-BOX-8,Second,🔄 Repaired/Rework (2nd Quality Sale),7,68.0,75.0
JUMY0-XS,JUMY01,Jumpsuit - Blue,Jumpsuit,YRA08,Finished product,XS,173.0,APT02,CHB01,2ND-BOX-8,Second,🔄 Repaired/Rework (2nd Quality Sale),3,52.0,55.0
JUMY0-S,JUMY01,Jumpsuit - Blue,Jumpsuit,YRA08,Finished product,S,173.0,APT02,CHB01,2ND-BOX-8,Second,🔄 Repaired/Rework (2nd Quality Sale),1,75.0,76.0
TREE0-2XL,TREE01,Top - Vert,Top,SAL08,Finished product,2XL,,APT02,CHB01,2ND-BOX-8,Second,🔄 Repaired/Rework (2nd Quality Sale),9,17.0,26.0
DJWA0-S,DJWA01,Dress - Noir,Dress,SIE08,Finished product,S,173.0,APT02,CHB01,FST-BOX-23,First,✨ Premium (1st Quality),1,5.0,6.0
DJWA0-L,DJWA01,Dress - Noir,Dress,SIE08,Finished product,L,173.0,APT02,CHB01,FST-BOX-23,First,✨ Premium (1st Quality),1,3.0,4.0
DJWA0-2XL,DJWA01,Dress - Noir,Dress,SIE08,Finished product,2XL,173.0,APT02,CHB01,FST-BOX-23,First,✨ Premium (1st Quality),1,3.0,4.0
DSAT0-M,DSAT01,Dress - Vert,Dress,SAL08,Finished product,M,173.0,APT02,CHB01,2ND-BOX-9,Second,🔄 Repaired/Rework (2nd Quality Sale),52,196.0,248.0
DSAT0-2XL,DSAT01,Dress - Vert,Dress,SAL08,Finished product,2XL,173.0,APT02,CHB01,2ND-BOX-9,Second,🔄 Repaired/Rework (2nd Quality Sale),20,113.0,133.0
DSAT0-XL,DSAT01,Dress - Vert,Dress,SAL08,Finished product,XL,173.0,APT02,CHB01,2ND-BOX-9,Second,🔄 Repaired/Rework (2nd Quality Sale),4,166.0,170.0
DSAT0-L,DSAT01,Dress - Vert,Dress,SAL08,Finished product,L,173.0,APT02,CHB01,2ND-BOX-9,Second,🔄 Repaired/Rework (2nd Quality Sale),3,134.0,137.0
DSAT0-M,DSAT01,Dress - Olive,Dress,COR08,Finished product,M,173.0,APT02,CHB01,FST-BOX-23,First,✨ Premium (1st Quality),1,196.0,197.0
DNAI0-XS,DNAI01,Dress - Blu,Dress,AUR08,Finished product,XS,173.0,APT02,CHB01,FST-BOX-23,First,✨ Premium (1st Quality),1,7.0,8.0
DSAT0-S,DSAT01,Dress - Vert,Dress,SAL08,Finished product,S,173.0,APT02,CHB01,2ND-BOX-9,Second,🔄 Repaired/Rework (2nd Quality Sale),1,153.0,154.0
DSAT0-XS,DSAT01,Dress - Vert,Dress,SAL08,Finished product,XS,173.0,APT02,CHB01,2ND-BOX-9,Second,🔄 Repaired/Rework (2nd Quality Sale),1,88.0,89.0
DSAT0-XL,DSAT01,Dress - Noir,Dress,SCR08,Finished product,XL,173.0,APT02,CHB01,2ND-BOX-10,Second,🔄 Repaired/Rework (2nd Quality Sale),13,166.0,179.0
DSAT0-XL,DSAT01,Dress - Vert,Dress,SAL08,Finished product,XL,173.0,APT02,CHB01,2ND-BOX-10,Second,🔄 Repaired/Rework (2nd Quality Sale),14,166.0,180.0
DSAT0-L,DSAT01,Dress - Vert,Dress,SAL08,Finished product,L,173.0,APT02,CHB01,2ND-BOX-10,Second,🔄 Repaired/Rework (2nd Quality Sale),4,134.0,138.0
DSAT0-3XL,DSAT01,Dress - Vert,Dress,SAL08,Finished product,3XL,173.0,APT02,CHB01,2ND-BOX-10,Second,🔄 Repaired/Rework (2nd Quality Sale),8,61.0,69.0
DSAT0-2XL,DSAT01,Dress - Noir,Dress,HER08,Finished product,2XL,173.0,APT02,CHB01,2ND-BOX-10,Second,🔄 Repaired/Rework (2nd Quality Sale),2,113.0,115.0
DSAT0-3XL,DSAT01,Dress - Noir,Dress,HER08,Finished product,3XL,173.0,APT02,CHB01,2ND-BOX-10,Second,🔄 Repaired/Rework (2nd Quality Sale),5,61.0,66.0
DSAT0-M,DSAT01,Dress - Blue,Dress,YRA08,Finished product,M,173.0,APT02,CHB01,2ND-BOX-11,Second,🔄 Repaired/Rework (2nd Quality Sale),8,196.0,204.0
DSAT0-L,DSAT01,Dress - Blue,Dress,YRA08,Finished product,L,173.0,APT02,CHB01,2ND-BOX-11,Second,🔄 Repaired/Rework (2nd Quality Sale),4,134.0,138.0
DSAT0-2XL,DSAT01,Dress - Blue,Dress,YRA08,Finished product,2XL,173.0,APT02,CHB01,2ND-BOX-11,Second,🔄 Repaired/Rework (2nd Quality Sale),6,113.0,119.0
DSAT0-XL,DSAT01,Dress - Blue,Dress,YRA08,Finished product,XL,173.0,APT02,CHB01,2ND-BOX-11,Second,🔄 Repaired/Rework (2nd Quality Sale),1,166.0,167.0
DSAT0-3XL,DSAT01,Dress - Blue,Dress,YRA08,Finished product,3XL,173.0,APT02,CHB01,2ND-BOX-11,Second,🔄 Repaired/Rework (2nd Quality Sale),1,61.0,62.0
DSAT0-L,DSAT01,Dress - Blu,Dress,BAT08,Finished product,L,173.0,APT02,CHB01,2ND-BOX-11,Second,🔄 Repaired/Rework (2nd Quality Sale),7,134.0,141.0
DSAT0-2XL,DSAT01,Dress - Blu,Dress,BAT08,Finished product,2XL,173.0,APT02,CHB01,2ND-BOX-11,Second,🔄 Repaired/Rework (2nd Quality Sale),3,113.0,116.0
DSAT0-XL,DSAT01,Dress - Blu,Dress,BAT08,Finished product,XL,173.0,APT02,CHB01,2ND-BOX-11,Second,🔄 Repaired/Rework (2nd Quality Sale),1,166.0,167.0
DSAT0-2XL,DSAT01,Dress - Blu,Dress,COS08,Finished product,2XL,173.0,APT02,CHB01,2ND-BOX-11,Second,🔄 Repaired/Rework (2nd Quality Sale),4,113.0,117.0
DSAT0-L,DSAT01,Dress - Blu,Dress,COS08,Finished product,L,173.0,APT02,CHB01,2ND-BOX-11,Second,🔄 Repaired/Rework (2nd Quality Sale),2,134.0,136.0
DSAT0-XL,DSAT01,Dress - Blu,Dress,COS08,Finished product,XL,173.0,APT02,CHB01,2ND-BOX-11,Second,🔄 Repaired/Rework (2nd Quality Sale),4,166.0,170.0
DSAT0-M,DSAT01,Dress - Blu,Dress,COS08,Finished product,M,173.0,APT02,CHB01,2ND-BOX-11,Second,🔄 Repaired/Rework (2nd Quality Sale),1,196.0,197.0
DSAT0-2XL,DSAT01,Dress - Cream,Dress,TIL08,Finished product,2XL,173.0,APT02,CHB01,2ND-BOX-11,Second,🔄 Repaired/Rework (2nd Quality Sale),2,113.0,115.0
DSAT0-XL,DSAT01,Dress - Cream,Dress,TIL08,Finished product,XL,173.0,APT02,CHB01,2ND-BOX-11,Second,🔄 Repaired/Rework (2nd Quality Sale),2,166.0,168.0
PLEE0-M,PLEE01,Pants - Navy,Pants,SOL14,Finished product,M,173.0,APT02,CHB01,FST-BOX-23,First,✨ Premium (1st Quality),1,211.0,212.0
DTUB0-XS-C,DTUB01,Dress - Blu,Dress,SKY08,Finished product,XS,160.0,APT02,CHB01,FST-BOX-23,First,✨ Premium (1st Quality),1,1.0,2.0
PHAN0-L-C,PHAN01,Pants - Olive,Pants,AYE29,Finished product,L,157.0,APT02,CHB01,FST-BOX-23,First,✨ Premium (1st Quality),1,1.0,2.0
DSAT0-3XL,DSAT01,Dress - Cream,Dress,TIL08,Finished product,3XL,173.0,APT02,CHB01,2ND-BOX-11,Second,🔄 Repaired/Rework (2nd Quality Sale),1,61.0,62.0
DSAT0-L,DSAT01,Dress - Teal,Dress,BLO08,Finished product,L,173.0,APT02,CHB01,2ND-BOX-11,Second,🔄 Repaired/Rework (2nd Quality Sale),2,134.0,136.0
DSAT0-XL,DSAT01,Dress - Teal,Dress,BLO08,Finished product,XL,173.0,APT02,CHB01,2ND-BOX-11,Second,🔄 Repaired/Rework (2nd Quality Sale),2,166.0,168.0
DSAT0-2XL,DSAT01,Dress - Blu,Dress,SUT08,Finished product,2XL,173.0,APT02,CHB01,2ND-BOX-11,Second,🔄 Repaired/Rework (2nd Quality Sale),2,113.0,115.0
DSAT0-3XL,DSAT01,Dress - Blu,Dress,SUT08,Finished product,3XL,173.0,APT02,CHB01,2ND-BOX-11,Second,🔄 Repaired/Rework (2nd Quality Sale),1,61.0,62.0
DSAT0-XL,DSAT01,Dress - Rose,Dress,ATO08,Finished product,XL,173.0,APT02,CHB01,2ND-BOX-11,Second,🔄 Repaired/Rework (2nd Quality Sale),2,166.0,168.0
DSAT0-XL,DSAT01,Dress - Gold,Dress,SUT08,Finished product,XL,173.0,APT02,CHB01,2ND-BOX-11,Second,🔄 Repaired/Rework (2nd Quality Sale),1,166.0,167.0
DSAT0-2XL,DSAT01,Dress - Rust,Dress,SUT08,Finished product,2XL,173.0,APT02,CHB01,2ND-BOX-11,Second,🔄 Repaired/Rework (2nd Quality Sale),2,113.0,115.0
DSAT0-XL,DSAT01,Dress - Cream,Dress,ZEN08,Finished product,XL,173.0,APT02,CHB01,2ND-BOX-11,Second,🔄 Repaired/Rework (2nd Quality Sale),1,166.0,167.0
DSAT0-S,DSAT01,Dress - Cream,Dress,TIL08,Finished product,S,173.0,APT02,CHB01,2ND-BOX-11,Second,🔄 Repaired/Rework (2nd Quality Sale),6,153.0,159.0
DSAT0-XL-C,DSAT01,Dress - Olive,Dress,COR08,Finished product,XL,168.0,APT02,CHB01,FST-BOX-23,First,✨ Premium (1st Quality),1,2.0,3.0
PJAN0-L,PJAN01,Pants - Mustard,Pants,AVE08,Finished product,L,173.0,APT02,CHB01,FST-BOX-23,First,✨ Premium (1st Quality),1,1.0,2.0
PJAN0-2XL,PJAN01,Pants - Mustard,Pants,AVE08,Finished product,2XL,173.0,APT02,CHB01,FST-BOX-23,First,✨ Premium (1st Quality),1,8.0,9.0
PHAN0-S-C,PHAN01,Pants - Terracota,Pants,COC08,Finished product,S,153.0,APT02,CHB01,FST-BOX-23,First,✨ Premium (1st Quality),1,2.0,3.0
DTUB0-S,DTUB01,Dress - Noir,Dress,ZEE24,Finished product,S,173.0,APT02,CHB01,FST-BOX-23,First,✨ Premium (1st Quality),1,5.0,6.0
DSAT0-M,DSAT01,Dress - Blu,Dress,SUT08,Finished product,M,173.0,APT02,CHB01,2ND-BOX-11,Second,🔄 Repaired/Rework (2nd Quality Sale),2,196.0,198.0
DSAT0-XS,DSAT01,Dress - Blu,Dress,SUT08,Finished product,XS,173.0,APT02,CHB01,2ND-BOX-11,Second,🔄 Repaired/Rework (2nd Quality Sale),1,88.0,89.0
DSAT0-S,DSAT01,Dress - Blu,Dress,COS08,Finished product,S,173.0,APT02,CHB01,2ND-BOX-11,Second,🔄 Repaired/Rework (2nd Quality Sale),2,153.0,155.0
DSAT0-S,DSAT01,Dress - Blue,Dress,YRA08,Finished product,S,173.0,APT02,CHB01,2ND-BOX-11,Second,🔄 Repaired/Rework (2nd Quality Sale),4,153.0,157.0
DSAT0-M,DSAT01,Dress - Blu,Dress,ATO08,Finished product,M,173.0,APT02,CHB01,2ND-BOX-11,Second,🔄 Repaired/Rework (2nd Quality Sale),1,196.0,197.0
DSAT0-XS,DSAT01,Dress - Blue,Dress,YRA08,Finished product,XS,173.0,APT02,CHB01,2ND-BOX-10,Second,🔄 Repaired/Rework (2nd Quality Sale),3,88.0,91.0
DSAT0-XS,DSAT01,Dress - Cream,Dress,TIL08,Finished product,XS,173.0,APT02,CHB01,2ND-BOX-10,Second,🔄 Repaired/Rework (2nd Quality Sale),1,88.0,89.0
DLAL0-M-C,DLAL01,Dress - Rust,Dress,CHI08,Finished product,M,165.0,APT02,CHB01,FST-BOX-23,First,✨ Premium (1st Quality),1,1.0,2.0
DSAT0-M-C,DSAT01,Dress - Noir,Dress,LAV08,Finished product,M,160.0,APT02,CHB01,FST-BOX-23,First,✨ Premium (1st Quality),1,4.0,5.0
DNAI0-2XL-C,DNAI01,Dress - Vert,Dress,BEL08,Finished product,2XL,160.0,APT02,CHB01,FST-BOX-23,First,✨ Premium (1st Quality),1,1.0,2.0
DSAT0-XS-C,DSAT01,Dress - Ivory,Dress,LUZ08,Finished product,XS,165.0,APT02,CHB01,FST-BOX-23,First,✨ Premium (1st Quality),1,1.0,2.0
TJAI0-M,TJAI01,Top - Olive,Top,COR08,Finished product,M,,APT02,CHB01,FST-BOX-23,First,✨ Premium (1st Quality),1,1.0,2.0
TMIIA0-S,TMIIA01,Top - Terracota,Top,COC08,Finished product,S,,APT02,CHB01,FST-BOX-23,First,✨ Premium (1st Quality),1,1.0,2.0
DFAN0-2XL,DFAN01,Dress - Vert,Dress,SAL08,Finished product,2XL,173.0,APT02,CHB01,2ND-BOX-14,Second,🔄 Repaired/Rework (2nd Quality Sale),12,36.0,48.0
DFAN0-L,DFAN01,Dress - Vert,Dress,SAL08,Finished product,L,173.0,APT02,CHB01,2ND-BOX-14,Second,🔄 Repaired/Rework (2nd Quality Sale),1,40.0,41.0
DFAN0-M,DFAN01,Dress - Vert,Dress,SAL08,Finished product,M,173.0,APT02,CHB01,2ND-BOX-14,Second,🔄 Repaired/Rework (2nd Quality Sale),1,32.0,33.0
DFAN0-3XL,DFAN01,Dress - Vert,Dress,SAL08,Finished product,3XL,173.0,APT02,CHB01,2ND-BOX-14,Second,🔄 Repaired/Rework (2nd Quality Sale),1,7.0,8.0
DSAT0-S,DSAT01,Dress - Blu,Dress,BAT08,Finished product,S,173.0,APT02,CHB01,2ND-BOX-11,Second,🔄 Repaired/Rework (2nd Quality Sale),1,153.0,154.0
DSAT0-S,DSAT01,Dress - Vert,Dress,SAL08,Finished product,S,173.0,APT02,CHB01,2ND-BOX-12,Second,🔄 Repaired/Rework (2nd Quality Sale),32,153.0,185.0
DSAT0-XS,DSAT01,Dress - Vert,Dress,SAL08,Finished product,XS,173.0,APT02,CHB01,2ND-BOX-12,Second,🔄 Repaired/Rework (2nd Quality Sale),7,88.0,95.0
DMAY0-2XL,DMAY01,Dress - Gold,Dress,FIO08,Finished product,2XL,173.0,APT02,CHB01,2ND-BOX-54,Second,🔄 Repaired/Rework (2nd Quality Sale),4,65.0,69.0
DMAY0-XS,DMAY01,Dress - Gold,Dress,FIO08,Finished product,XS,173.0,APT02,CHB01,2ND-BOX-8,Second,🔄 Repaired/Rework (2nd Quality Sale),4,41.0,45.0
DMAY0-3XL,DMAY01,Dress - Gold,Dress,FIO08,Finished product,3XL,173.0,APT02,CHB01,2ND-BOX-8,Second,🔄 Repaired/Rework (2nd Quality Sale),8,18.0,26.0
DFAN0-L,DFAN01,Dress - Cream,Dress,TIL08,Finished product,L,173.0,APT02,CHB01,2ND-BOX-14,Second,🔄 Repaired/Rework (2nd Quality Sale),14,40.0,54.0
DFAN0-M,DFAN01,Dress - Cream,Dress,TIL08,Finished product,M,173.0,APT02,CHB01,2ND-BOX-14,Second,🔄 Repaired/Rework (2nd Quality Sale),9,32.0,41.0
DFAN0-XS,DFAN01,Dress - Vert,Dress,SAL08,Finished product,XS,173.0,APT02,CHB01,2ND-BOX-14,Second,🔄 Repaired/Rework (2nd Quality Sale),1,17.0,18.0
DFAN0-2XL,DFAN01,Dress - Cream,Dress,TIL08,Finished product,2XL,173.0,APT02,CHB01,2ND-BOX-14,Second,🔄 Repaired/Rework (2nd Quality Sale),14,36.0,50.0
YLYS0-M,YLYS01,Skirt - Cream,Skirt,TIL08,Finished product,M,173.0,APT02,CHB01,2ND-BOX-15,Second,🔄 Repaired/Rework (2nd Quality Sale),28,34.0,62.0
YLYS0-L,YLYS01,Skirt - Cream,Skirt,TIL08,Finished product,L,173.0,APT02,CHB01,2ND-BOX-15,Second,🔄 Repaired/Rework (2nd Quality Sale),5,20.0,25.0
YLYS0-3XL,YLYS01,Skirt - Cream,Skirt,TIL08,Finished product,3XL,173.0,APT02,CHB01,2ND-BOX-15,Second,🔄 Repaired/Rework (2nd Quality Sale),3,5.0,8.0
YLYS0-S,YLYS01,Skirt - Cream,Skirt,TIL08,Finished product,S,173.0,APT02,CHB01,2ND-BOX-15,Second,🔄 Repaired/Rework (2nd Quality Sale),1,30.0,31.0
YLYS0-XL,YLYS01,Skirt - Cream,Skirt,TIL08,Finished product,XL,173.0,APT02,CHB01,2ND-BOX-15,Second,🔄 Repaired/Rework (2nd Quality Sale),1,9.0,10.0
YLYS0-2XL,YLYS01,Skirt - Cream,Skirt,TIL08,Finished product,2XL,173.0,APT02,CHB01,2ND-BOX-15,Second,🔄 Repaired/Rework (2nd Quality Sale),1,4.0,5.0
DSAT0-M,DSAT01,Dress - Vert,Dress,SAL08,Finished product,M,173.0,APT02,CHB01,2ND-BOX-15,Second,🔄 Repaired/Rework (2nd Quality Sale),13,196.0,209.0
DSAT0-L,DSAT01,Dress - Vert,Dress,SAL08,Finished product,L,173.0,APT02,CHB01,2ND-BOX-15,Second,🔄 Repaired/Rework (2nd Quality Sale),7,134.0,141.0
DSAT0-S,DSAT01,Dress - Vert,Dress,SAL08,Finished product,S,173.0,APT02,CHB01,2ND-BOX-15,Second,🔄 Repaired/Rework (2nd Quality Sale),7,153.0,160.0
DSAT0-2XL,DSAT01,Dress - Vert,Dress,SAL08,Finished product,2XL,173.0,APT02,CHB01,2ND-BOX-15,Second,🔄 Repaired/Rework (2nd Quality Sale),6,113.0,119.0
DSAT0-3XL,DSAT01,Dress - Vert,Dress,SAL08,Finished product,3XL,173.0,APT02,CHB01,2ND-BOX-15,Second,🔄 Repaired/Rework (2nd Quality Sale),3,61.0,64.0
DSAT0-XL,DSAT01,Dress - Vert,Dress,SAL08,Finished product,XL,173.0,APT02,CHB01,2ND-BOX-15,Second,🔄 Repaired/Rework (2nd Quality Sale),6,166.0,172.0
DSAT0-XS,DSAT01,Dress - Vert,Dress,SAL08,Finished product,XS,173.0,APT02,CHB01,2ND-BOX-15,Second,🔄 Repaired/Rework (2nd Quality Sale),4,88.0,92.0
PLEE0-XS,PLEE01,Pants - Vert,Pants,SAL08,Finished product,XS,173.0,APT02,CHB01,2ND-BOX-16,Second,🔄 Repaired/Rework (2nd Quality Sale),8,174.0,182.0
PLEE0-S,PLEE01,Pants - Vert,Pants,SAL08,Finished product,S,173.0,APT02,CHB01,2ND-BOX-16,Second,🔄 Repaired/Rework (2nd Quality Sale),8,185.0,193.0
PLEE0-M,PLEE01,Pants - Vert,Pants,SAL08,Finished product,M,173.0,APT02,CHB01,2ND-BOX-16,Second,🔄 Repaired/Rework (2nd Quality Sale),1,211.0,212.0
PLEE0-2XL,PLEE01,Pants - Vert,Pants,SAL08,Finished product,2XL,173.0,APT02,CHB01,2ND-BOX-16,Second,🔄 Repaired/Rework (2nd Quality Sale),11,113.0,124.0
PLEE0-XL,PLEE01,Pants - Vert,Pants,SAL08,Finished product,XL,173.0,APT02,CHB01,2ND-BOX-16,Second,🔄 Repaired/Rework (2nd Quality Sale),9,108.0,117.0
PLEE0-3XL,PLEE01,Pants - Vert,Pants,SAL08,Finished product,3XL,173.0,APT02,CHB01,2ND-BOX-16,Second,🔄 Repaired/Rework (2nd Quality Sale),1,56.0,57.0
PLEE0-XL,PLEE01,Pants - Cream,Pants,TIL08,Finished product,XL,173.0,APT02,CHB01,2ND-BOX-16,Second,🔄 Repaired/Rework (2nd Quality Sale),7,108.0,115.0
PLEE0-M,PLEE01,Pants - Cream,Pants,TIL08,Finished product,M,173.0,APT02,CHB01,2ND-BOX-16,Second,🔄 Repaired/Rework (2nd Quality Sale),7,211.0,218.0
PLEE0-3XL,PLEE01,Pants - Cream,Pants,TIL08,Finished product,3XL,173.0,APT02,CHB01,2ND-BOX-16,Second,🔄 Repaired/Rework (2nd Quality Sale),2,56.0,58.0
PLEE0-2XL,PLEE01,Pants - Cream,Pants,TIL08,Finished product,2XL,173.0,APT02,CHB01,2ND-BOX-16,Second,🔄 Repaired/Rework (2nd Quality Sale),4,113.0,117.0
PLEE0-L,PLEE01,Pants - Cream,Pants,TIL08,Finished product,L,173.0,APT02,CHB01,2ND-BOX-16,Second,🔄 Repaired/Rework (2nd Quality Sale),4,172.0,176.0
PLEE0-S,PLEE01,Pants - Cream,Pants,TIL08,Finished product,S,173.0,APT02,CHB01,2ND-BOX-16,Second,🔄 Repaired/Rework (2nd Quality Sale),2,185.0,187.0
PLEE0-XS,PLEE01,Pants - Cream,Pants,TIL08,Finished product,XS,173.0,APT02,CHB01,2ND-BOX-16,Second,🔄 Repaired/Rework (2nd Quality Sale),1,174.0,175.0
PLEE1-L,PLEE11,Pants - Black,Pants,LIN08,Finished product,L,173.0,APT02,CHB01,2ND-BOX-16,Second,🔄 Repaired/Rework (2nd Quality Sale),3,12.0,15.0
PLEE1-XS,PLEE11,Pants - Black,Pants,LIN08,Finished product,XS,173.0,APT02,CHB01,2ND-BOX-16,Second,🔄 Repaired/Rework (2nd Quality Sale),3,25.0,28.0
PLEE1-XL,PLEE11,Pants - Black,Pants,LIN08,Finished product,XL,173.0,APT02,CHB01,2ND-BOX-16,Second,🔄 Repaired/Rework (2nd Quality Sale),1,2.0,3.0
PLEE0-XS,PLEE01,Pants - White,Pants,ZEN08,Finished product,XS,173.0,APT02,CHB01,2ND-BOX-17,Second,🔄 Repaired/Rework (2nd Quality Sale),3,174.0,177.0
PLEE0-S,PLEE01,Pants - White,Pants,ZEN08,Finished product,S,173.0,APT02,CHB01,2ND-BOX-17,Second,🔄 Repaired/Rework (2nd Quality Sale),1,185.0,186.0
PLEE0-M,PLEE01,Pants - White,Pants,ZEN08,Finished product,M,173.0,APT02,CHB01,2ND-BOX-17,Second,🔄 Repaired/Rework (2nd Quality Sale),6,211.0,217.0
PLEE0-XL,PLEE01,Pants - White,Pants,ZEN08,Finished product,XL,173.0,APT02,CHB01,2ND-BOX-17,Second,🔄 Repaired/Rework (2nd Quality Sale),1,108.0,109.0
PLEE0-2XL,PLEE01,Pants - Noir,Pants,HER08,Finished product,2XL,173.0,APT02,CHB01,2ND-BOX-17,Second,🔄 Repaired/Rework (2nd Quality Sale),3,113.0,116.0
PLEE0-3XL,PLEE01,Pants - Noir,Pants,HER08,Finished product,3XL,173.0,APT02,CHB01,2ND-BOX-17,Second,🔄 Repaired/Rework (2nd Quality Sale),1,56.0,57.0
PLEE0-XS,PLEE01,Pants - Noir,Pants,HER08,Finished product,XS,173.0,APT02,CHB01,2ND-BOX-17,Second,🔄 Repaired/Rework (2nd Quality Sale),1,174.0,175.0
PLEE0-L,PLEE01,Pants - Navy,Pants,COS08,Finished product,L,173.0,APT02,CHB01,2ND-BOX-17,Second,🔄 Repaired/Rework (2nd Quality Sale),3,172.0,175.0
PLEE0-XL,PLEE01,Pants - Navy,Pants,COS08,Finished product,XL,173.0,APT02,CHB01,2ND-BOX-17,Second,🔄 Repaired/Rework (2nd Quality Sale),1,108.0,109.0
PLEE0-S,PLEE01,Pants - Navy,Pants,COS08,Finished product,S,173.0,APT02,CHB01,2ND-BOX-17,Second,🔄 Repaired/Rework (2nd Quality Sale),1,185.0,186.0
PLEE0-L,PLEE01,Pants - Rust,Pants,SOL14,Finished product,L,173.0,APT02,CHB01,2ND-BOX-17,Second,🔄 Repaired/Rework (2nd Quality Sale),7,172.0,179.0
PLEE0-S,PLEE01,Pants - Rust,Pants,SOL14,Finished product,S,173.0,APT02,CHB01,2ND-BOX-17,Second,🔄 Repaired/Rework (2nd Quality Sale),3,185.0,188.0
PLEE0-XS,PLEE01,Pants - Rust,Pants,SOL14,Finished product,XS,173.0,APT02,CHB01,2ND-BOX-17,Second,🔄 Repaired/Rework (2nd Quality Sale),2,174.0,176.0
PLEE0-S,PLEE01,Pants - Gold,Pants,TEX08,Finished product,S,173.0,APT02,CHB01,2ND-BOX-17,Second,🔄 Repaired/Rework (2nd Quality Sale),3,185.0,188.0
PLEE0-XS,PLEE01,Pants - Gold,Pants,TEX08,Finished product,XS,173.0,APT02,CHB01,2ND-BOX-17,Second,🔄 Repaired/Rework (2nd Quality Sale),2,174.0,176.0
PLEE0-3XL,PLEE01,Pants - Gold,Pants,TEX08,Finished product,3XL,173.0,APT02,CHB01,2ND-BOX-17,Second,🔄 Repaired/Rework (2nd Quality Sale),4,56.0,60.0
PLEE0-2XL,PLEE01,Pants - Gold,Pants,TEX08,Finished product,2XL,173.0,APT02,CHB01,2ND-BOX-17,Second,🔄 Repaired/Rework (2nd Quality Sale),1,113.0,114.0
PLEE0-XS,PLEE01,Pants - Noir,Pants,SOL14,Finished product,XS,173.0,APT02,CHB01,2ND-BOX-17,Second,🔄 Repaired/Rework (2nd Quality Sale),1,174.0,175.0
PLEE0-XS,PLEE01,Pants - Navy,Pants,SOL14,Finished product,XS,173.0,APT02,CHB01,2ND-BOX-17,Second,🔄 Repaired/Rework (2nd Quality Sale),1,174.0,175.0
PLEE0-S,PLEE01,Pants - Black,Pants,SOK08,Finished product,S,173.0,APT02,CHB01,2ND-BOX-17,Second,🔄 Repaired/Rework (2nd Quality Sale),5,185.0,190.0
PLEE0-XL,PLEE01,Pants - Black,Pants,SOK08,Finished product,XL,173.0,APT02,CHB01,2ND-BOX-17,Second,🔄 Repaired/Rework (2nd Quality Sale),1,108.0,109.0
PLEE0-2XL,PLEE01,Pants - Navy,Pants,COS08,Finished product,2XL,173.0,APT02,CHB01,2ND-BOX-17,Second,🔄 Repaired/Rework (2nd Quality Sale),2,113.0,115.0
PLEE0-3XL,PLEE01,Pants - Vert,Pants,ZEE24,Finished product,3XL,173.0,APT02,CHB01,2ND-BOX-17,Second,🔄 Repaired/Rework (2nd Quality Sale),1,56.0,57.0
PLEE0-XS,PLEE01,Pants - Olive,Pants,AYE29,Finished product,XS,173.0,APT02,CHB01,2ND-BOX-17,Second,🔄 Repaired/Rework (2nd Quality Sale),1,174.0,175.0
PLEE0-S,PLEE01,Pants - Vert,Pants,ZEE24,Finished product,S,173.0,APT02,CHB01,2ND-BOX-17,Second,🔄 Repaired/Rework (2nd Quality Sale),1,185.0,186.0
PLEE0-M-C,PLEE01,Pants - Vert,Pants,ZEE24,Finished product,M,163.0,APT02,CHB01,2ND-BOX-17,Second,🔄 Repaired/Rework (2nd Quality Sale),1,2.0,3.0
PLEE0-XS,PLEE01,Pants - Black,Pants,SUT08,Finished product,XS,173.0,APT02,CHB01,2ND-BOX-17,Second,🔄 Repaired/Rework (2nd Quality Sale),5,174.0,179.0
PLEE0-L,PLEE01,Pants - Black,Pants,SUT08,Finished product,L,173.0,APT02,CHB01,2ND-BOX-17,Second,🔄 Repaired/Rework (2nd Quality Sale),1,172.0,173.0
PLEE0-XS,PLEE01,Pants - Rust,Pants,SUT08,Finished product,XS,173.0,APT02,CHB01,2ND-BOX-17,Second,🔄 Repaired/Rework (2nd Quality Sale),1,174.0,175.0
PLEE0-S,PLEE01,Pants - Gold,Pants,SUT08,Finished product,S,173.0,APT02,CHB01,2ND-BOX-17,Second,🔄 Repaired/Rework (2nd Quality Sale),1,185.0,186.0
PLEE0-M,PLEE01,Pants - Gold,Pants,SUT08,Finished product,M,173.0,APT02,CHB01,2ND-BOX-17,Second,🔄 Repaired/Rework (2nd Quality Sale),1,211.0,212.0
PLEE0-2XL,PLEE01,Pants - Rose,Pants,ATO08,Finished product,2XL,173.0,APT02,CHB01,2ND-BOX-49,Second,🔄 Repaired/Rework (2nd Quality Sale),1,113.0,114.0
PLEE0-L,PLEE01,Pants - Rose,Pants,BLO08,Finished product,L,173.0,APT02,CHB01,2ND-BOX-49,Second,🔄 Repaired/Rework (2nd Quality Sale),1,172.0,173.0
PLEE0-XS,PLEE01,Pants - Rose,Pants,BLO08,Finished product,XS,173.0,APT02,CHB01,2ND-BOX-49,Second,🔄 Repaired/Rework (2nd Quality Sale),1,174.0,175.0
PLEE0-S,PLEE01,Pants - Teal,Pants,BLO08,Finished product,S,173.0,APT02,CHB01,2ND-BOX-49,Second,🔄 Repaired/Rework (2nd Quality Sale),1,185.0,186.0
PLEE0-XS,PLEE01,Pants - Cream,Pants,ZEN08,Finished product,XS,173.0,APT02,CHB01,2ND-BOX-49,Second,🔄 Repaired/Rework (2nd Quality Sale),2,174.0,176.0
PLEE0-S,PLEE01,Pants - Cream,Pants,ZEN08,Finished product,S,173.0,APT02,CHB01,2ND-BOX-49,Second,🔄 Repaired/Rework (2nd Quality Sale),1,185.0,186.0
PLEE0-2XL-C,PLEE01,Pants - Cream,Pants,ZEN08,Finished product,2XL,183.0,APT02,CHB01,2ND-BOX-49,Second,🔄 Repaired/Rework (2nd Quality Sale),1,1.0,2.0
PLEE0-S,PLEE01,Pants - Blu,Pants,SUT08,Finished product,S,173.0,APT02,CHB01,2ND-BOX-49,Second,🔄 Repaired/Rework (2nd Quality Sale),2,185.0,187.0
YSEU0-XSS,YSEU01,Skirt - Cream,Skirt,TIL08,Finished product,XSS,173.0,APT02,CHB01,2ND-BOX-19,Second,🔄 Repaired/Rework (2nd Quality Sale),26,181.0,207.0
YSEU0-XL,YSEU01,Skirt - Cream,Skirt,TIL08,Finished product,XL,173.0,APT02,CHB01,2ND-BOX-19,Second,🔄 Repaired/Rework (2nd Quality Sale),5,95.0,100.0
YSEU0-ML,YSEU01,Skirt - Teal,Skirt,BLO08,Finished product,ML,173.0,APT02,CHB01,2ND-BOX-19,Second,🔄 Repaired/Rework (2nd Quality Sale),4,181.0,185.0
YSEU0-2XL,YSEU01,Skirt - Rose,Skirt,BLO08,Finished product,2XL,173.0,APT02,CHB01,2ND-BOX-19,Second,🔄 Repaired/Rework (2nd Quality Sale),1,76.0,77.0
YSEU0-2XL,YSEU01,Skirt - Aqua,Skirt,PLA08,Finished product,2XL,173.0,APT02,CHB01,2ND-BOX-19,Second,🔄 Repaired/Rework (2nd Quality Sale),1,76.0,77.0
YSEU0-3XL,YSEU01,Skirt - Aqua,Skirt,PLA08,Finished product,3XL,173.0,APT02,CHB01,2ND-BOX-19,Second,🔄 Repaired/Rework (2nd Quality Sale),1,20.0,21.0
YSEU0-ML,YSEU01,Skirt - Navy,Skirt,COS08,Finished product,ML,173.0,APT02,CHB01,2ND-BOX-19,Second,🔄 Repaired/Rework (2nd Quality Sale),3,181.0,184.0
YSEU0-XL,YSEU01,Skirt - Navy,Skirt,COS08,Finished product,XL,173.0,APT02,CHB01,2ND-BOX-19,Second,🔄 Repaired/Rework (2nd Quality Sale),3,95.0,98.0
YSEU0-2XL,YSEU01,Skirt - Navy,Skirt,COS08,Finished product,2XL,173.0,APT02,CHB01,2ND-BOX-19,Second,🔄 Repaired/Rework (2nd Quality Sale),3,76.0,79.0
YSEU0-XSS,YSEU01,Skirt - Gold,Skirt,FIO08,Finished product,XSS,173.0,APT02,CHB01,2ND-BOX-19,Second,🔄 Repaired/Rework (2nd Quality Sale),4,181.0,185.0
YSEU0-ML,YSEU01,Skirt - Gold,Skirt,FIO08,Finished product,ML,173.0,APT02,CHB01,2ND-BOX-19,Second,🔄 Repaired/Rework (2nd Quality Sale),1,181.0,182.0
YSEU0-2XL,YSEU01,Skirt - Gold,Skirt,FIO08,Finished product,2XL,173.0,APT02,CHB01,2ND-BOX-19,Second,🔄 Repaired/Rework (2nd Quality Sale),3,76.0,79.0
YSEU0-XL,YSEU01,Skirt - Noir,Skirt,ABS08,Finished product,XL,173.0,APT02,CHB01,2ND-BOX-19,Second,🔄 Repaired/Rework (2nd Quality Sale),2,95.0,97.0
KMIN0-2XL,KMIN01,Kimono - Rust,Kimono,SUT08,Finished product,2XL,173.0,APT02,CHB01,2ND-BOX-22,Second,🔄 Repaired/Rework (2nd Quality Sale),1,53.0,54.0
KMIN0-3XL,KMIN01,Kimono - Rust,Kimono,SUT08,Finished product,3XL,173.0,APT02,CHB01,2ND-BOX-22,Second,🔄 Repaired/Rework (2nd Quality Sale),1,26.0,27.0
KMIN0-3XL,KMIN01,Kimono - Gold,Kimono,SUT08,Finished product,3XL,173.0,APT02,CHB01,2ND-BOX-22,Second,🔄 Repaired/Rework (2nd Quality Sale),1,26.0,27.0
KMIN0-3XL,KMIN01,Kimono - Blu,Kimono,LAV08,Finished product,3XL,173.0,APT02,CHB01,2ND-BOX-22,Second,🔄 Repaired/Rework (2nd Quality Sale),1,26.0,27.0
DSAT0-XL,DSAT01,Dress - blue,Dress,YRA08,Finished product,XL,173.0,APT02,CHB01,2ND-BOX-20,Second,🔄 Repaired/Rework (2nd Quality Sale),1,166.0,167.0
DSAT0-3XL,DSAT01,Dress - blue,Dress,YRA08,Finished product,3XL,173.0,APT02,CHB01,2ND-BOX-20,Second,🔄 Repaired/Rework (2nd Quality Sale),1,61.0,62.0
DSAT0-M,DSAT01,Dress - blue,Dress,YRA08,Finished product,M,173.0,APT02,CHB01,2ND-BOX-20,Second,🔄 Repaired/Rework (2nd Quality Sale),1,196.0,197.0
DSAT0-XS,DSAT01,Dress - blue,Dress,YRA08,Finished product,XS,173.0,APT02,CHB01,2ND-BOX-20,Second,🔄 Repaired/Rework (2nd Quality Sale),1,88.0,89.0
DSAT0-3XL,DSAT01,Dress - Rose,Dress,ATO08,Finished product,3XL,173.0,APT02,CHB01,2ND-BOX-20,Second,🔄 Repaired/Rework (2nd Quality Sale),1,61.0,62.0
DSAT0-S,DSAT01,Dress - Blu,Dress,COS08,Finished product,S,173.0,APT02,CHB01,2ND-BOX-20,Second,🔄 Repaired/Rework (2nd Quality Sale),2,153.0,155.0
DSAT0-M,DSAT01,Dress - Blu,Dress,COS08,Finished product,M,173.0,APT02,CHB01,2ND-BOX-20,Second,🔄 Repaired/Rework (2nd Quality Sale),2,196.0,198.0
DSAT0-L,DSAT01,Dress - Blu,Dress,COS08,Finished product,L,173.0,APT02,CHB01,2ND-BOX-20,Second,🔄 Repaired/Rework (2nd Quality Sale),2,134.0,136.0
DSAT0-2XL,DSAT01,Dress - Blu,Dress,COS08,Finished product,2XL,173.0,APT02,CHB01,2ND-BOX-20,Second,🔄 Repaired/Rework (2nd Quality Sale),1,113.0,114.0
DSAT0-XS,DSAT01,Dress - Blu,Dress,COS08,Finished product,XS,173.0,APT02,CHB01,2ND-BOX-20,Second,🔄 Repaired/Rework (2nd Quality Sale),1,88.0,89.0
DSAT0-XS,DSAT01,Dress - Rust,Dress,SUT08,Finished product,XS,173.0,APT02,CHB01,2ND-BOX-20,Second,🔄 Repaired/Rework (2nd Quality Sale),1,88.0,89.0
DSAT0-M,DSAT01,Dress - Noir,Dress,SCR08,Finished product,M,173.0,APT02,CHB01,2ND-BOX-20,Second,🔄 Repaired/Rework (2nd Quality Sale),2,196.0,198.0
DSAT0-3XL,DSAT01,Dress - Noir,Dress,SCR08,Finished product,3XL,173.0,APT02,CHB01,2ND-BOX-20,Second,🔄 Repaired/Rework (2nd Quality Sale),1,61.0,62.0
DSAT0-S,DSAT01,Dress - Noir,Dress,SCR08,Finished product,S,173.0,APT02,CHB01,2ND-BOX-20,Second,🔄 Repaired/Rework (2nd Quality Sale),2,153.0,155.0
DSAT0-XL,DSAT01,Dress - Noir,Dress,HER08,Finished product,XL,173.0,APT02,CHB01,2ND-BOX-20,Second,🔄 Repaired/Rework (2nd Quality Sale),3,166.0,169.0
DSAT0-3XL,DSAT01,Dress - Noir,Dress,HER08,Finished product,3XL,173.0,APT02,CHB01,2ND-BOX-20,Second,🔄 Repaired/Rework (2nd Quality Sale),2,61.0,63.0
PLEE0-2XL,PLEE01,Pants - Cream,Pants,GAR08,Finished product,2XL,173.0,APT02,CHB01,2ND-BOX-20,Second,🔄 Repaired/Rework (2nd Quality Sale),1,113.0,114.0
PLEE0-3XL,PLEE01,Pants - Blu,Pants,LAV08,Finished product,3XL,173.0,APT02,CHB01,2ND-BOX-20,Second,🔄 Repaired/Rework (2nd Quality Sale),1,56.0,57.0
PLEE0-XS,PLEE01,Pants - Cream,Pants,SOL14,Finished product,XS,173.0,APT02,CHB01,2ND-BOX-20,Second,🔄 Repaired/Rework (2nd Quality Sale),1,174.0,175.0
PLEE0-S,PLEE01,Pants - Orange,Pants,BEL12,Finished product,S,173.0,APT02,CHB01,2ND-BOX-20,Second,🔄 Repaired/Rework (2nd Quality Sale),1,185.0,186.0
PLEE0-XS,PLEE01,Pants - White,Pants,NDA08,Finished product,XS,173.0,APT02,CHB01,2ND-BOX-20,Second,🔄 Repaired/Rework (2nd Quality Sale),1,174.0,175.0
PLEE0-XS,PLEE01,Pants - Blue,Pants,KAI08,Finished product,XS,173.0,APT02,CHB01,2ND-BOX-20,Second,🔄 Repaired/Rework (2nd Quality Sale),1,174.0,175.0
PLEE0-XS,PLEE01,Pants - Rust,Pants,SUT08,Finished product,XS,173.0,APT02,CHB01,2ND-BOX-20,Second,🔄 Repaired/Rework (2nd Quality Sale),1,174.0,175.0
PLEE0-S,PLEE01,Pants - Rust,Pants,DHA20,Finished product,S,173.0,APT02,CHB01,2ND-BOX-20,Second,🔄 Repaired/Rework (2nd Quality Sale),1,185.0,186.0
DSAT0-XS,DSAT01,Dress - Blu,Dress,SUT08,Finished product,XS,173.0,APT02,CHB01,2ND-BOX-20,Second,🔄 Repaired/Rework (2nd Quality Sale),1,88.0,89.0
DSAT0-XL,DSAT01,Dress - Gold,Dress,SUT08,Finished product,XL,173.0,APT02,CHB01,2ND-BOX-20,Second,🔄 Repaired/Rework (2nd Quality Sale),1,166.0,167.0
DSAT0-2XL,DSAT01,Dress - Blu,Dress,ATO08,Finished product,2XL,173.0,APT02,CHB01,2ND-BOX-20,Second,🔄 Repaired/Rework (2nd Quality Sale),1,113.0,114.0
DSAT0-3XL,DSAT01,Dress - Noir,Dress,ALI08,Finished product,3XL,173.0,APT02,CHB01,2ND-BOX-20,Second,🔄 Repaired/Rework (2nd Quality Sale),1,61.0,62.0
JUMY0-L,JUMY01,Jumpsuit - Noir,Jumpsuit,SOL14,Finished product,L,173.0,APT02,CHB01,2ND-BOX-21,Second,🔄 Repaired/Rework (2nd Quality Sale),12,57.0,69.0
JUMY0-XL,JUMY01,Jumpsuit - Noir,Jumpsuit,SOL14,Finished product,XL,173.0,APT02,CHB01,2ND-BOX-21,Second,🔄 Repaired/Rework (2nd Quality Sale),2,68.0,70.0
JUMY0-XS,JUMY01,Jumpsuit - Noir,Jumpsuit,SOL14,Finished product,XS,173.0,APT02,CHB01,2ND-BOX-21,Second,🔄 Repaired/Rework (2nd Quality Sale),1,52.0,53.0
JUMY0-2XL,JUMY01,Jumpsuit - Noir,Jumpsuit,SOL14,Finished product,2XL,173.0,APT02,CHB01,2ND-BOX-21,Second,🔄 Repaired/Rework (2nd Quality Sale),1,38.0,39.0
JUMY0-S,JUMY01,Jumpsuit - Noir,Jumpsuit,SOL14,Finished product,S,173.0,APT02,CHB01,2ND-BOX-21,Second,🔄 Repaired/Rework (2nd Quality Sale),1,75.0,76.0
JUMY0-M,JUMY01,jumpsuit - blue,Jumpsuit,YRA08,Finished product,M,173.0,APT02,CHB01,2ND-BOX-21,Second,🔄 Repaired/Rework (2nd Quality Sale),2,67.0,69.0
JUMY0-XL,JUMY01,jumpsuit - blue,Jumpsuit,YRA08,Finished product,XL,173.0,APT02,CHB01,2ND-BOX-21,Second,🔄 Repaired/Rework (2nd Quality Sale),2,68.0,70.0
JUMY0-3XL,JUMY01,jumpsuit - blue,Jumpsuit,YRA08,Finished product,3XL,173.0,APT02,CHB01,2ND-BOX-21,Second,🔄 Repaired/Rework (2nd Quality Sale),2,12.0,14.0
JUMY0-2XL,JUMY01,jumpsuit - blue,Jumpsuit,YRA08,Finished product,2XL,173.0,APT02,CHB01,2ND-BOX-21,Second,🔄 Repaired/Rework (2nd Quality Sale),1,38.0,39.0
JUMY0-L,JUMY01,jumpsuit - blue,Jumpsuit,YRA08,Finished product,L,173.0,APT02,CHB01,2ND-BOX-21,Second,🔄 Repaired/Rework (2nd Quality Sale),1,57.0,58.0
JUMY0-S-C,JUMY01,jumpsuit - blue,Jumpsuit,YRA08,Finished product,S,163.0,APT02,CHB01,2ND-BOX-21,Second,🔄 Repaired/Rework (2nd Quality Sale),1,1.0,2.0
JUMY0-XS-C,JUMY01,jumpsuit - blue,Jumpsuit,YRA08,Finished product,XS,161.0,APT02,CHB01,2ND-BOX-21,Second,🔄 Repaired/Rework (2nd Quality Sale),1,1.0,2.0
JUMYO-L,JUMYO1,jumpsuit - Vert,Jumpsuit,SAL08,Finished product,L,173.0,APT02,CHB01,2ND-BOX-21,Second,🔄 Repaired/Rework (2nd Quality Sale),2,14.0,16.0
JUMYO-XL,JUMYO1,jumpsuit - Vert,Jumpsuit,SAL08,Finished product,XL,173.0,APT02,CHB01,2ND-BOX-21,Second,🔄 Repaired/Rework (2nd Quality Sale),1,17.0,18.0
JUMY0-M,JUMY01,Jumpsuit - Blanc,Jumpsuit,SOL10,Finished product,M,173.0,APT02,CHB01,2ND-BOX-21,Second,🔄 Repaired/Rework (2nd Quality Sale),3,67.0,70.0
JUMY0-L,JUMY01,Jumpsuit - Blanc,Jumpsuit,SOL10,Finished product,L,173.0,APT02,CHB01,2ND-BOX-21,Second,🔄 Repaired/Rework (2nd Quality Sale),1,57.0,58.0
JUMY0-M,JUMY01,Jumpsuit - Teal,Jumpsuit,SOL14,Finished product,M,173.0,APT02,CHB01,2ND-BOX-21,Second,🔄 Repaired/Rework (2nd Quality Sale),1,67.0,68.0
KMIN0-2XL,KMIN01,Kimono - Cream,Kimono,TIL08,Finished product,2XL,173.0,APT02,CHB01,2ND-BOX-22,Second,🔄 Repaired/Rework (2nd Quality Sale),9,53.0,62.0
KMIN0-XSS,KMIN01,Kimono - Teal,Kimono,BLO08,Finished product,XSS,173.0,APT02,CHB01,2ND-BOX-22,Second,🔄 Repaired/Rework (2nd Quality Sale),5,45.0,50.0
KMIN0-2XL,KMIN01,Kimono - Teal,Kimono,BLO08,Finished product,2XL,173.0,APT02,CHB01,2ND-BOX-22,Second,🔄 Repaired/Rework (2nd Quality Sale),1,53.0,54.0
KMIN1-ML,KMIN11,Kimono - yellow,Kimono,ANA08,Finished product,ML,173.0,APT02,CHB01,2ND-BOX-22,Second,🔄 Repaired/Rework (2nd Quality Sale),2,22.0,24.0
KMIN0-2XL,KMIN01,Kimono - Noir,Kimono,HER08,Finished product,2XL,173.0,APT02,CHB01,2ND-BOX-22,Second,🔄 Repaired/Rework (2nd Quality Sale),1,53.0,54.0
KMIN0-XL,KMIN01,Kimono - Noir,Kimono,HER08,Finished product,XL,173.0,APT02,CHB01,2ND-BOX-22,Second,🔄 Repaired/Rework (2nd Quality Sale),1,30.0,31.0
KMIN0-3XL,KMIN01,Kimono - Blu,Kimono,BAT08,Finished product,3XL,173.0,APT02,CHB01,2ND-BOX-22,Second,🔄 Repaired/Rework (2nd Quality Sale),1,26.0,27.0
JUMY0-XS,JUMY01,jumpsuit - Vert,Jumpsuit,BEL08,Finished product,XS,173.0,APT02,CHB01,2ND-BOX-22,Second,🔄 Repaired/Rework (2nd Quality Sale),1,52.0,53.0
JUMY0-XS,JUMY01,jumpsuit - Noir,Jumpsuit,TUK08,Finished product,XS,173.0,APT02,CHB01,2ND-BOX-22,Second,🔄 Repaired/Rework (2nd Quality Sale),1,52.0,53.0
JUMY1-XL,JUMY11,jumpsuit - White,Jumpsuit,ZEN08,Finished product,XL,173.0,APT02,CHB01,2ND-BOX-22,Second,🔄 Repaired/Rework (2nd Quality Sale),1,1.0,2.0
JUMY0-XS,JUMY01,jumpsuit - Rose,Jumpsuit,ABS08,Finished product,XS,173.0,APT02,CHB01,2ND-BOX-22,Second,🔄 Repaired/Rework (2nd Quality Sale),1,52.0,53.0
JUMY0-XL,JUMY01,Jumpsuit - Salmon,Jumpsuit,SOL10,Finished product,XL,173.0,APT02,CHB01,2ND-BOX-22,Second,🔄 Repaired/Rework (2nd Quality Sale),1,68.0,69.0
JUMY0-S,JUMY01,Jumpsuit - Rust,Jumpsuit,SOL14,Finished product,S,173.0,APT02,CHB01,2ND-BOX-22,Second,🔄 Repaired/Rework (2nd Quality Sale),1,75.0,76.0
DLAL0-XL,DLAL01,Dress - Orange,Dress,ARB08,Finished product,XL,173.0,APT02,CHB01,2ND-BOX-19,Second,🔄 Repaired/Rework (2nd Quality Sale),2,51.0,53.0
DLAL0-2XL,DLAL01,Dress - Orange,Dress,ARB08,Finished product,2XL,173.0,APT02,CHB01,2ND-BOX-19,Second,🔄 Repaired/Rework (2nd Quality Sale),1,42.0,43.0
DLAL0-3XL,DLAL01,Dress - Orange,Dress,ARB08,Finished product,3XL,173.0,APT02,CHB01,2ND-BOX-19,Second,🔄 Repaired/Rework (2nd Quality Sale),1,20.0,21.0
DLAL0-2XL,DLAL01,Dress - Blu,Dress,COS08,Finished product,2XL,173.0,APT02,CHB01,2ND-BOX-19,Second,🔄 Repaired/Rework (2nd Quality Sale),1,42.0,43.0
DLAL0-S,DLAL01,Dress - Blu,Dress,COS08,Finished product,S,173.0,APT02,CHB01,2ND-BOX-19,Second,🔄 Repaired/Rework (2nd Quality Sale),1,19.0,20.0
DLAL0-XS,DLAL01,Dress - Blu,Dress,COS08,Finished product,XS,173.0,APT02,CHB01,2ND-BOX-19,Second,🔄 Repaired/Rework (2nd Quality Sale),1,50.0,51.0
DLAL0-2XL,DLAL01,Dress - Teal,Dress,WAL08,Finished product,2XL,173.0,APT02,CHB01,2ND-BOX-19,Second,🔄 Repaired/Rework (2nd Quality Sale),2,42.0,44.0
DLAL0-2XL,DLAL01,Dress - Rose,Dress,BAT08,Finished product,2XL,173.0,APT02,CHB01,2ND-BOX-19,Second,🔄 Repaired/Rework (2nd Quality Sale),1,42.0,43.0
DLAL0-3XL,DLAL01,Dress - Mustard,Dress,ZEE24,Finished product,3XL,173.0,APT02,CHB01,2ND-BOX-19,Second,🔄 Repaired/Rework (2nd Quality Sale),1,20.0,21.0
DMAI0-S,DMAI01,Dress - Noir,Dress,HER08,Finished product,S,173.0,APT02,CHB01,2ND-BOX-26,Second,🔄 Repaired/Rework (2nd Quality Sale),4,183.0,187.0
DMAI0-XS,DMAI01,Dress - Noir,Dress,HER08,Finished product,XS,173.0,APT02,CHB01,2ND-BOX-26,Second,🔄 Repaired/Rework (2nd Quality Sale),3,130.0,133.0
DMAI0-XL,DMAI01,Dress - Noir,Dress,HER08,Finished product,XL,173.0,APT02,CHB01,2ND-BOX-26,Second,🔄 Repaired/Rework (2nd Quality Sale),3,99.0,102.0
DMAI0-M,DMAI01,Dress - Noir,Dress,HER08,Finished product,M,173.0,APT02,CHB01,2ND-BOX-26,Second,🔄 Repaired/Rework (2nd Quality Sale),2,225.0,227.0
DMAI0-2XL,DMAI01,Dress - Noir,Dress,HER08,Finished product,2XL,173.0,APT02,CHB01,2ND-BOX-26,Second,🔄 Repaired/Rework (2nd Quality Sale),2,63.0,65.0
DMAI0-2XL,DMAI01,Dress - Cream,Dress,ZEN08,Finished product,2XL,173.0,APT02,CHB01,2ND-BOX-26,Second,🔄 Repaired/Rework (2nd Quality Sale),1,63.0,64.0
DMAI0-3XL,DMAI01,Dress - Cream,Dress,ZEN08,Finished product,3XL,173.0,APT02,CHB01,2ND-BOX-26,Second,🔄 Repaired/Rework (2nd Quality Sale),1,34.0,35.0
DMAI0-XL,DMAI01,Dress - rose,Dress,BLO08,Finished product,XL,173.0,APT02,CHB01,2ND-BOX-26,Second,🔄 Repaired/Rework (2nd Quality Sale),2,99.0,101.0
DMAI0-2XL,DMAI01,Dress - White,Dress,SIN08,Finished product,2XL,173.0,APT02,CHB01,2ND-BOX-26,Second,🔄 Repaired/Rework (2nd Quality Sale),5,63.0,68.0
DMAI0-XL,DMAI01,Dress - White,Dress,SIN08,Finished product,XL,173.0,APT02,CHB01,2ND-BOX-26,Second,🔄 Repaired/Rework (2nd Quality Sale),2,99.0,101.0
DMAI0-S,DMAI01,Dress - Gold,Dress,FIO08,Finished product,S,173.0,APT02,CHB01,2ND-BOX-26,Second,🔄 Repaired/Rework (2nd Quality Sale),2,183.0,185.0
DMAR0-M,DMAR01,Dress - Blue,Dress,GYR08,Finished product,M,173.0,APT02,CHB01,2ND-BOX-23,Second,🔄 Repaired/Rework (2nd Quality Sale),1,13.0,14.0
DMAR0-2XL,DMAR01,Dress - Blue,Dress,GYR08,Finished product,2XL,173.0,APT02,CHB01,2ND-BOX-23,Second,🔄 Repaired/Rework (2nd Quality Sale),2,48.0,50.0
DMAR0-XS,DMAR01,Dress - Blue,Dress,GYR08,Finished product,XS,173.0,APT02,CHB01,2ND-BOX-23,Second,🔄 Repaired/Rework (2nd Quality Sale),1,16.0,17.0
DMAR0-2XL-C,DMAR01,Dress - Blue,Dress,GYR08,Finished product,2XL,180.0,APT02,CHB01,2ND-BOX-23,Second,🔄 Repaired/Rework (2nd Quality Sale),1,1.0,2.0
DMAR0-3XL-C,DMAR01,Dress - Noir,Dress,SOL14,Finished product,3XL,169.0,APT02,CHB01,2ND-BOX-23,Second,🔄 Repaired/Rework (2nd Quality Sale),1,1.0,2.0
DMAR0-XS,DMAR01,Dress - Salmon,Dress,SOL10,Finished product,XS,173.0,APT02,CHB01,2ND-BOX-23,Second,🔄 Repaired/Rework (2nd Quality Sale),1,16.0,17.0
DMAY0-S,DMAY01,Dress - Gold,Dress,FIO08,Finished product,S,173.0,APT02,CHB01,2ND-BOX-23,Second,🔄 Repaired/Rework (2nd Quality Sale),2,22.0,24.0
DMAY0-XL,DMAY01,Dress - Gold,Dress,FIO08,Finished product,XL,173.0,APT02,CHB01,2ND-BOX-23,Second,🔄 Repaired/Rework (2nd Quality Sale),1,91.0,92.0
DMAY0-M,DMAY01,Dress - Noir,Dress,SCR08,Finished product,M,173.0,APT02,CHB01,2ND-BOX-23,Second,🔄 Repaired/Rework (2nd Quality Sale),1,39.0,40.0
DMAY0-XS,DMAY01,Dress - Noir,Dress,SCR08,Finished product,XS,173.0,APT02,CHB01,2ND-BOX-23,Second,🔄 Repaired/Rework (2nd Quality Sale),1,41.0,42.0
DMAY0-XL,DMAY01,Dress - Mustard,Dress,SOL14,Finished product,XL,173.0,APT02,CHB01,2ND-BOX-23,Second,🔄 Repaired/Rework (2nd Quality Sale),1,91.0,92.0
KAWA0-3XL,KAWA01,Kimono - White,Kimono,ZEN08,Finished product,3XL,173.0,APT02,CHB01,2ND-BOX-23,Second,🔄 Repaired/Rework (2nd Quality Sale),1,5.0,6.0
KAWA0-XL,KAWA01,Kimono - White,Kimono,ZEN08,Finished product,XL,173.0,APT02,CHB01,2ND-BOX-23,Second,🔄 Repaired/Rework (2nd Quality Sale),1,11.0,12.0
KAWA0-2XL,KAWA01,Kimono - White,Kimono,ZEN08,Finished product,2XL,173.0,APT02,CHB01,2ND-BOX-23,Second,🔄 Repaired/Rework (2nd Quality Sale),1,14.0,15.0
KAWA0-2XL,KAWA01,Kimono - Black,Kimono,SUT08,Finished product,2XL,173.0,APT02,CHB01,2ND-BOX-23,Second,🔄 Repaired/Rework (2nd Quality Sale),2,14.0,16.0
KAWA0-3XL,KAWA01,Kimono - Black,Kimono,SUT08,Finished product,3XL,173.0,APT02,CHB01,2ND-BOX-23,Second,🔄 Repaired/Rework (2nd Quality Sale),1,5.0,6.0
TREE0-3XL,TREE01,Top - Vert,Top,SAL08,Finished product,3XL,,APT02,CHB01,2ND-BOX-23,Second,🔄 Repaired/Rework (2nd Quality Sale),2,6.0,8.0
TREE0-2XL,TREE01,Top - Vert,Top,SAL08,Finished product,2XL,,APT02,CHB01,2ND-BOX-23,Second,🔄 Repaired/Rework (2nd Quality Sale),1,17.0,18.0
TREE0-XS,TREE01,Top - Vert,Top,SAL08,Finished product,XS,,APT02,CHB01,2ND-BOX-23,Second,🔄 Repaired/Rework (2nd Quality Sale),1,1.0,2.0
KBOU0-OS,KBOU01,Kimono - Teal,Kimono,BWA08,Finished product,OS,173.0,APT02,CHB01,2ND-BOX-23,Second,🔄 Repaired/Rework (2nd Quality Sale),3,42.0,45.0
DAMA0-M,DAMA01,Dress - Aqua,Dress,PLA08,Finished product,M,173.0,APT02,CHB01,2ND-BOX-22,Second,🔄 Repaired/Rework (2nd Quality Sale),1,12.0,13.0
DAMA0-M,DAMA01,Dress - Blu,Dress,ATO08,Finished product,M,173.0,APT02,CHB01,2ND-BOX-22,Second,🔄 Repaired/Rework (2nd Quality Sale),3,12.0,15.0
DAMA0-S,DAMA01,Dress - Noir,Dress,TUK08,Finished product,S,173.0,APT02,CHB01,2ND-BOX-22,Second,🔄 Repaired/Rework (2nd Quality Sale),1,17.0,18.0
DAMA0-M,DAMA01,Dress - Noir,Dress,ABS08,Finished product,M,173.0,APT02,CHB01,2ND-BOX-22,Second,🔄 Repaired/Rework (2nd Quality Sale),2,12.0,14.0
DKON0-3XL,DKON01,Dress - Cream,Dress,TIL08,Finished product,3XL,173.0,APT02,CHB01,2ND-BOX-24,Second,🔄 Repaired/Rework (2nd Quality Sale),1,11.0,12.0
DKON0-XS,DKON01,Dress - Cream,Dress,TIL08,Finished product,XS,173.0,APT02,CHB01,2ND-BOX-24,Second,🔄 Repaired/Rework (2nd Quality Sale),1,1.0,2.0
DKUD0-3XL,DKUD01,Dress - Rust,Dress,SOL14,Finished product,3XL,173.0,APT02,CHB01,2ND-BOX-26,Second,🔄 Repaired/Rework (2nd Quality Sale),1,3.0,4.0
DKUD0-3XL,DKUD01,Dress - Rose,Dress,BAT08,Finished product,3XL,173.0,APT02,CHB01,2ND-BOX-26,Second,🔄 Repaired/Rework (2nd Quality Sale),1,3.0,4.0
DKUD0-M,DKUD01,Dress - Rose,Dress,BAT08,Finished product,M,173.0,APT02,CHB01,2ND-BOX-26,Second,🔄 Repaired/Rework (2nd Quality Sale),1,2.0,3.0
DYAL0-S,DYAL01,Dress - Rose,Dress,BAT08,Finished product,S,173.0,APT02,CHB01,2ND-BOX-39,Second,🔄 Repaired/Rework (2nd Quality Sale),1,2.0,3.0
DYAL0-XL,DYAL01,Dress - Rose,Dress,BAT08,Finished product,XL,173.0,APT02,CHB01,2ND-BOX-39,Second,🔄 Repaired/Rework (2nd Quality Sale),1,12.0,13.0
DYAL0-3XL,DYAL01,Dress - Rose,Dress,BAT08,Finished product,3XL,173.0,APT02,CHB01,2ND-BOX-39,Second,🔄 Repaired/Rework (2nd Quality Sale),1,2.0,3.0
DKUD0-M,DKUD01,Dress - (crepe),Dress,SOL09,Finished product,M,173.0,APT02,CHB01,2ND-BOX-26,Second,🔄 Repaired/Rework (2nd Quality Sale),1,2.0,3.0
DGNO0-S,DGNO01,Dress - (crepe),Dress,SOL09,Finished product,S,173.0,APT02,CHB01,2ND-BOX-26,Second,🔄 Repaired/Rework (2nd Quality Sale),2,2.0,4.0
DTUN0-2XL,DTUN01,Dress - White,Dress,SIN08,Finished product,2XL,173.0,APT02,CHB01,2ND-BOX-24,Second,🔄 Repaired/Rework (2nd Quality Sale),1,10.0,11.0
DDIA0-XS,DDIA01,Dress - Rose,Dress,SAL08,Finished product,XS,173.0,APT02,CHB01,2ND-BOX-24,Second,🔄 Repaired/Rework (2nd Quality Sale),1,9.0,10.0
PJAN0-2XL,PJAN01,Pants - Noir,Pants,ISL08,Finished product,2XL,173.0,APT02,CHB01,2ND-BOX-49,Second,🔄 Repaired/Rework (2nd Quality Sale),7,8.0,15.0
PJAN1-XL,PJAN11,Pants - Blanc,Jant,RAI08,Finished product,XL,173.0,APT02,CHB01,2ND-BOX-24,Second,🔄 Repaired/Rework (2nd Quality Sale),1,2.0,3.0
JUMY0-M,JUMY01,Jumpsuit - Blanc,Jumpsuit,SOL10,Finished product,M,173.0,APT02,CHB01,2ND-BOX-24,Second,🔄 Repaired/Rework (2nd Quality Sale),1,67.0,68.0
JUMY0-XL,JUMY01,Jumpsuit - Blanc,Jumpsuit,SOL10,Finished product,XL,173.0,APT02,CHB01,2ND-BOX-24,Second,🔄 Repaired/Rework (2nd Quality Sale),1,68.0,69.0
JUMY0-S,JUMY01,Jumpsuit - Salmon,Jumpsuit,SOL10,Finished product,S,173.0,APT02,CHB01,2ND-BOX-24,Second,🔄 Repaired/Rework (2nd Quality Sale),1,75.0,76.0
JUMY0-XS,JUMY01,Jumpsuit - Salmon,Jumpsuit,SOL10,Finished product,XS,173.0,APT02,CHB01,2ND-BOX-24,Second,🔄 Repaired/Rework (2nd Quality Sale),2,52.0,54.0
JUMY0-2XL,JUMY01,Jumpsuit - Noir,Jumpsuit,TUK08,Finished product,2XL,173.0,APT02,CHB01,2ND-BOX-24,Second,🔄 Repaired/Rework (2nd Quality Sale),1,38.0,39.0
JUMY0-L,JUMY01,Jumpsuit - Blue,Jumpsuit,YRA08,Finished product,L,173.0,APT02,CHB01,2ND-BOX-24,Second,🔄 Repaired/Rework (2nd Quality Sale),1,57.0,58.0
JUMY0-XS,JUMY01,Jumpsuit - Rose,Jumpsuit,ABS08,Finished product,XS,173.0,APT02,CHB01,2ND-BOX-24,Second,🔄 Repaired/Rework (2nd Quality Sale),1,52.0,53.0
PFEK0-3XL,PFEK01,Shorts - Black,Shorts,SUT08,Finished product,3XL,173.0,APT02,CHB01,2ND-BOX-26,Second,🔄 Repaired/Rework (2nd Quality Sale),1,1.0,2.0
JALA0-XS,JALA01,Jumpsuit - Teal,Jumpsuit,WAL08,Finished product,XS,173.0,APT02,CHB01,2ND-BOX-26,Second,🔄 Repaired/Rework (2nd Quality Sale),2,2.0,4.0
PHAN0-M,PHAN01,Pants - White,Pants,NDA08,Finished product,M,173.0,APT02,CHB01,2ND-BOX-26,Second,🔄 Repaired/Rework (2nd Quality Sale),1,1.0,2.0
PJAN1-2XL,PJAN11,Pants - Blanc,Jant,RAI08,Finished product,2XL,173.0,APT02,CHB01,2ND-BOX-24,Second,🔄 Repaired/Rework (2nd Quality Sale),1,1.0,2.0
JNAF0-XS,JNAF01,Jumpsuit - Vert,Jumpsuit,ZEE24,Finished product,XS,173.0,APT02,CHB01,2ND-BOX-26,Second,🔄 Repaired/Rework (2nd Quality Sale),1,1.0,2.0
DMAI0-S,DMAI01,Dress - Blanc,Dress,SOL09,Finished product,S,173.0,APT02,CHB01,2ND-BOX-26,Second,🔄 Repaired/Rework (2nd Quality Sale),1,183.0,184.0
DAMA0-M,DAMA01,Dress - Noir,Dress,ABS08,Finished product,M,173.0,APT02,CHB01,2ND-BOX-24,Second,🔄 Repaired/Rework (2nd Quality Sale),1,12.0,13.0
DNUR0-2XL,DNUR01,Dress - Blu,Dress,BAT08,Finished product,2XL,173.0,APT02,CHB01,2ND-BOX-20,Second,🔄 Repaired/Rework (2nd Quality Sale),1,7.0,8.0
DNAI0-S-C,DNAI01,Dress - Vert,Dress,BEL08,Finished product,S,164.0,APT02,CHB01,2ND-BOX-20,Second,🔄 Repaired/Rework (2nd Quality Sale),1,1.0,2.0
DNAI0-M,DNAI01,Dress - Gold,Dress,DHA20,Finished product,M,173.0,APT02,CHB01,2ND-BOX-20,Second,🔄 Repaired/Rework (2nd Quality Sale),1,21.0,22.0
DMAI0-3XL,DMAI01,Dress - Gold,Dress,FIO08,Finished product,3XL,173.0,APT02,CHB01,2ND-BOX-26,Second,🔄 Repaired/Rework (2nd Quality Sale),2,34.0,36.0
DMAI0-L,DMAI01,Dress - Gold,Dress,FIO08,Finished product,L,173.0,APT02,CHB01,2ND-BOX-26,Second,🔄 Repaired/Rework (2nd Quality Sale),1,154.0,155.0
DMAI0-3XL,DMAI01,Dress - White,Dress,ZEN08,Finished product,3XL,173.0,APT02,CHB01,2ND-BOX-26,Second,🔄 Repaired/Rework (2nd Quality Sale),2,34.0,36.0
DMAI0-S,DMAI01,Dress - White,Dress,ZEN08,Finished product,S,173.0,APT02,CHB01,2ND-BOX-26,Second,🔄 Repaired/Rework (2nd Quality Sale),2,183.0,185.0
DMAI0-2XL,DMAI01,Dress - White,Dress,ZEN08,Finished product,2XL,173.0,APT02,CHB01,2ND-BOX-26,Second,🔄 Repaired/Rework (2nd Quality Sale),2,63.0,65.0
DMAI0-XL,DMAI01,Dress - White,Dress,ZEN08,Finished product,XL,173.0,APT02,CHB01,2ND-BOX-26,Second,🔄 Repaired/Rework (2nd Quality Sale),3,99.0,102.0
DMAI0-XS,DMAI01,Dress - White,Dress,ZEN08,Finished product,XS,173.0,APT02,CHB01,2ND-BOX-26,Second,🔄 Repaired/Rework (2nd Quality Sale),3,130.0,133.0
DMAI0-3XL,DMAI01,Dress - Blu,Dress,ARI08,Finished product,3XL,173.0,APT02,CHB01,2ND-BOX-26,Second,🔄 Repaired/Rework (2nd Quality Sale),1,34.0,35.0
DMAI0-XS,DMAI01,Dress - Gold,Dress,FIO08,Finished product,XS,173.0,APT02,CHB01,2ND-BOX-26,Second,🔄 Repaired/Rework (2nd Quality Sale),1,130.0,131.0
DMAI0-XS,DMAI01,Dress - Blu,Dress,ARI08,Finished product,XS,173.0,APT02,CHB01,2ND-BOX-26,Second,🔄 Repaired/Rework (2nd Quality Sale),1,130.0,131.0
DMAI0-2XL,DMAI01,Dress - Gold,Dress,SUT08,Finished product,2XL,173.0,APT02,CHB01,2ND-BOX-26,Second,🔄 Repaired/Rework (2nd Quality Sale),1,63.0,64.0
DMAI0-M,DMAI01,Dress - Mustard,Dress,SOL14,Finished product,M,173.0,APT02,CHB01,2ND-BOX-26,Second,🔄 Repaired/Rework (2nd Quality Sale),1,225.0,226.0
DMAI0-S,DMAI01,Dress - Mustard,Dress,SOL14,Finished product,S,173.0,APT02,CHB01,2ND-BOX-26,Second,🔄 Repaired/Rework (2nd Quality Sale),1,183.0,184.0
DMAI0-XS,DMAI01,Dress - Mustard,Dress,JAR08,Finished product,XS,173.0,APT02,CHB01,2ND-BOX-26,Second,🔄 Repaired/Rework (2nd Quality Sale),1,130.0,131.0
DMAI0-S,DMAI01,Dress - Coral,Dress,SOL18,Finished product,S,173.0,APT02,CHB01,2ND-BOX-26,Second,🔄 Repaired/Rework (2nd Quality Sale),1,183.0,184.0
DOAN0-M,DOAN01,Dress - Blu,Dress,ARI08,Finished product,M,173.0,APT02,CHB01,2ND-BOX-24,Second,🔄 Repaired/Rework (2nd Quality Sale),1,1.0,2.0
DOAN0-L,DOAN01,Dress - Blu,Dress,ARI08,Finished product,L,173.0,APT02,CHB01,2ND-BOX-24,Second,🔄 Repaired/Rework (2nd Quality Sale),1,2.0,3.0
DNEN0-XL,DNEN01,Dress - Mustard,Dress,ZEE24,Finished product,XL,173.0,APT02,CHB01,2ND-BOX-24,Second,🔄 Repaired/Rework (2nd Quality Sale),1,1.0,2.0
DANJ0-XS-C,DANJ01,Dress - Gold,Dress,DHA20,Finished product,XS,160.0,APT02,CHB01,2ND-BOX-24,Second,🔄 Repaired/Rework (2nd Quality Sale),1,1.0,2.0
DSAN0-2XL,DSAN01,Dress - Noir,Dress,ALI08,Finished product,2XL,173.0,APT02,CHB01,2ND-BOX-24,Second,🔄 Repaired/Rework (2nd Quality Sale),2,2.0,4.0
DUDA0-XS,DUDA01,Dress - Noir,Dress,SOL09,Finished product,XS,173.0,APT02,CHB01,2ND-BOX-24,Second,🔄 Repaired/Rework (2nd Quality Sale),1,1.0,2.0
DNAI0-XS-C,DNAI01,Dress - Fuchsia,Dress,ZEE24,Finished product,XS,163.0,APT02,CHB01,2ND-BOX-24,Second,🔄 Repaired/Rework (2nd Quality Sale),1,1.0,2.0
DDAL0-M,DDAL01,Dress - Blu,Dress,ZAH23,Finished product,M,173.0,APT02,CHB01,2ND-BOX-24,Second,🔄 Repaired/Rework (2nd Quality Sale),1,1.0,2.0
DDAL0-S-C,DDAL01,Dress - Noir,Dress,ZEE24,Finished product,S,176.0,APT02,CHB01,2ND-BOX-24,Second,🔄 Repaired/Rework (2nd Quality Sale),1,1.0,2.0
DYAL0-3XL,DYAL01,Dress - Mustard,Dress,ZEE24,Finished product,3XL,173.0,APT02,CHB01,2ND-BOX-24,Second,🔄 Repaired/Rework (2nd Quality Sale),1,2.0,3.0
DFAR0-XS,DFAR01,Dress - Copper,Dress,AYE29,Finished product,XS,173.0,APT02,CHB01,2ND-BOX-24,Second,🔄 Repaired/Rework (2nd Quality Sale),1,14.0,15.0
KSIR0-M,KSIR01,Kimono - Blu,Kimono,ARI08,Finished product,M,173.0,APT02,CHB01,2ND-BOX-23,Second,🔄 Repaired/Rework (2nd Quality Sale),1,16.0,17.0
KSIR0-S,KSIR01,Kimono - Rose,Kimono,ABS12,Finished product,S,173.0,APT02,CHB01,2ND-BOX-23,Second,🔄 Repaired/Rework (2nd Quality Sale),1,8.0,9.0
DNEN0-S-C,DNEN01,Dress - Mustard,Dress,ZEE24,Finished product,S,150.0,APT02,CHB01,2ND-BOX-24,Second,🔄 Repaired/Rework (2nd Quality Sale),1,1.0,2.0
TFAT0-2XL,TFAT01,Top - Black,Top,LIN08,Finished product,2XL,173.0,APT02,CHB01,2ND-BOX-27,Second,🔄 Repaired/Rework (2nd Quality Sale),1,5.0,6.0
TFAT0-3XL,TFAT01,Top - Black,Top,LIN08,Finished product,3XL,173.0,APT02,CHB01,2ND-BOX-27,Second,🔄 Repaired/Rework (2nd Quality Sale),3,3.0,6.0
TZAN0-2XL,TZAN01,Top - Cream,Top,TIL08,Finished product,2XL,173.0,APT02,CHB01,2ND-BOX-27,Second,🔄 Repaired/Rework (2nd Quality Sale),2,9.0,11.0
TZAN0-XS,TZAN01,Top - Cream,Top,TIL08,Finished product,XS,173.0,APT02,CHB01,2ND-BOX-27,Second,🔄 Repaired/Rework (2nd Quality Sale),7,14.0,21.0
TZAN0-S,TZAN01,Top - Cream,Top,TIL08,Finished product,S,173.0,APT02,CHB01,2ND-BOX-27,Second,🔄 Repaired/Rework (2nd Quality Sale),4,13.0,17.0
TZAN0-L,TZAN01,Top - Cream,Top,TIL08,Finished product,L,173.0,APT02,CHB01,2ND-BOX-27,Second,🔄 Repaired/Rework (2nd Quality Sale),8,16.0,24.0
TAJA0-3XL,TAJA01,Top - Gold,Top,FIO08,Finished product,3XL,173.0,APT02,CHB01,2ND-BOX-27,Second,🔄 Repaired/Rework (2nd Quality Sale),1,1.0,2.0
TAID0-3XL,TAID01,Top - Rust,Top,SOL14,Finished product,3XL,173.0,APT02,CHB01,2ND-BOX-46,Second,🔄 Repaired/Rework (2nd Quality Sale),1,8.0,9.0
TWAI0-3XL,TWAI01,Top - Teal,Top,BAO08,Finished product,3XL,173.0,APT02,CHB01,2ND-BOX-27,Second,🔄 Repaired/Rework (2nd Quality Sale),1,3.0,4.0
TWAI0-2XL,TWAI01,Top - Teal,Top,BAO08,Finished product,2XL,173.0,APT02,CHB01,2ND-BOX-27,Second,🔄 Repaired/Rework (2nd Quality Sale),1,2.0,3.0
TSAR0-XS,TSAR01,Top - Navy,Top,COS08,Finished product,XS,173.0,APT02,CHB01,2ND-BOX-27,Second,🔄 Repaired/Rework (2nd Quality Sale),3,3.0,6.0
TNAK0-S,TNAK01,Top - Noir,Top,HER08,Finished product,S,173.0,APT02,CHB01,2ND-BOX-27,Second,🔄 Repaired/Rework (2nd Quality Sale),1,1.0,2.0
TEVA0-3XL,TEVA01,Top - Gold,Top,TEX08,Finished product,3XL,173.0,APT02,CHB01,2ND-BOX-27,Second,🔄 Repaired/Rework (2nd Quality Sale),2,2.0,4.0
TNAK0-XS,TNAK01,Top - Aqua,Top,PLA08,Finished product,XS,173.0,APT02,CHB01,2ND-BOX-27,Second,🔄 Repaired/Rework (2nd Quality Sale),1,2.0,3.0
TMOR0-S,TMOR01,Top - (crepe),Top,SOL09,Finished product,S,173.0,APT02,CHB01,2ND-BOX-27,Second,🔄 Repaired/Rework (2nd Quality Sale),1,1.0,2.0
TMOR0-XL,TMOR01,Top - (crepe),Top,SOL09,Finished product,XL,173.0,APT02,CHB01,2ND-BOX-27,Second,🔄 Repaired/Rework (2nd Quality Sale),1,1.0,2.0
TSAH0-XS,TSAH01,Top - Rust,Top,SOL14,Finished product,XS,173.0,APT02,CHB01,2ND-BOX-27,Second,🔄 Repaired/Rework (2nd Quality Sale),2,4.0,6.0
TKIN0-3XL,TKIN01,Top - Blanc,Top,RAI08,Finished product,3XL,173.0,APT02,CHB01,2ND-BOX-27,Second,🔄 Repaired/Rework (2nd Quality Sale),1,1.0,2.0
TKIN0-M,TKIN01,Top - Blanc,Top,SOL14,Finished product,M,173.0,APT02,CHB01,2ND-BOX-27,Second,🔄 Repaired/Rework (2nd Quality Sale),1,3.0,4.0
TZAN0-S,TZAN01,Top - Noir,Top,LUZ08,Finished product,S,173.0,APT02,CHB01,2ND-BOX-27,Second,🔄 Repaired/Rework (2nd Quality Sale),1,13.0,14.0
TSAH1-3XL,TSAH11,Top - Teal,Sahel,BAO08,Finished product,3XL,173.0,APT02,CHB01,2ND-BOX-27,Second,🔄 Repaired/Rework (2nd Quality Sale),1,4.0,5.0
TWAI0-M,TWAI01,Top - White,Top,NDA08,Finished product,M,173.0,APT02,CHB01,2ND-BOX-27,Second,🔄 Repaired/Rework (2nd Quality Sale),1,1.0,2.0
TINA0-L,TINA01,Top - Blu,Top,ZAH23,Finished product,L,173.0,APT02,CHB01,2ND-BOX-27,Second,🔄 Repaired/Rework (2nd Quality Sale),1,2.0,3.0
TWAI0-S,TWAI01,Top - Coral,Top,LIN08,Finished product,S,173.0,APT02,CHB01,2ND-BOX-27,Second,🔄 Repaired/Rework (2nd Quality Sale),1,3.0,4.0
TINA0-L,TINA01,Top - Blu,Top,SWI08,Finished product,L,173.0,APT02,CHB01,2ND-BOX-27,Second,🔄 Repaired/Rework (2nd Quality Sale),1,2.0,3.0
TLAM0-XL,TLAM01,Top - Vert,Top,PAL08,Finished product,XL,173.0,APT02,CHB01,2ND-BOX-27,Second,🔄 Repaired/Rework (2nd Quality Sale),1,1.0,2.0
TRIT0-S,TRIT01,top - Fuchsia,Top,ZEE24,Finished product,S,173.0,APT02,CHB01,2ND-BOX-27,Second,🔄 Repaired/Rework (2nd Quality Sale),1,1.0,2.0
XMOU0-S,XMOU01,Headwrap - Navy,Headwrap,TAO25,Finished product,S,173.0,APT02,CHB01,2ND-BOX-27,Second,🔄 Repaired/Rework (2nd Quality Sale),1,28.0,29.0
XMOU0-S,XMOU01,Headwrap - Cream,Headwrap,GAR08,Finished product,S,173.0,APT02,CHB01,2ND-BOX-27,Second,🔄 Repaired/Rework (2nd Quality Sale),1,28.0,29.0
XMOU0-S,XMOU01,Headwrap - Rose,Headwrap,SAL08,Finished product,S,173.0,APT02,CHB01,2ND-BOX-27,Second,🔄 Repaired/Rework (2nd Quality Sale),1,28.0,29.0
XMOU0-S,XMOU01,Headwrap - noir,Headwrap,ISL08,Finished product,S,173.0,APT02,CHB01,2ND-BOX-27,Second,🔄 Repaired/Rework (2nd Quality Sale),1,28.0,29.0
XMOU0-S,XMOU01,Headwrap - Rust,Headwrap,SCR08,Finished product,S,173.0,APT02,CHB01,2ND-BOX-27,Second,🔄 Repaired/Rework (2nd Quality Sale),1,28.0,29.0
XMOU0-L,XMOU01,Headwrap - Vert,Headwrap,PAL08,Finished product,L,173.0,APT02,CHB01,2ND-BOX-27,Second,🔄 Repaired/Rework (2nd Quality Sale),1,1.0,2.0
DMAY0-M,DMAY01,Dress - Noir,Dress,SCR08,Finished product,M,173.0,APT02,CHB01,2ND-BOX-22,Second,🔄 Repaired/Rework (2nd Quality Sale),4,39.0,43.0
DMAY0-2XL,DMAY01,Dress - Noir,Dress,SCR08,Finished product,2XL,173.0,APT02,CHB01,2ND-BOX-17,Second,🔄 Repaired/Rework (2nd Quality Sale),9,65.0,74.0
DMAY0-S,DMAY01,Dress - Noir,Dress,SCR08,Finished product,S,173.0,APT02,CHB01,2ND-BOX-26,Second,🔄 Repaired/Rework (2nd Quality Sale),4,22.0,26.0
DMAY0-L,DMAY01,Dress - Noir,Dress,SCR08,Finished product,L,173.0,APT02,CHB01,2ND-BOX-26,Second,🔄 Repaired/Rework (2nd Quality Sale),2,62.0,64.0
DMAY0-XS,DMAY01,Dress - Noir,Dress,SCR08,Finished product,XS,173.0,APT02,CHB01,2ND-BOX-26,Second,🔄 Repaired/Rework (2nd Quality Sale),2,41.0,43.0
DMAI0-XS,DMAI01,Dress - mustard,Dress,SOL14,Finished product,XS,173.0,APT02,CHB01,FST-BOX-25,First,✨ Premium (1st Quality),1,130.0,131.0
DMAI0-S,DMAI01,Dress - mustard,Dress,SOL14,Finished product,S,173.0,APT02,CHB01,FST-BOX-25,First,✨ Premium (1st Quality),3,183.0,186.0
DMAI0-M,DMAI01,Dress - mustard,Dress,SOL14,Finished product,M,173.0,APT02,CHB01,FST-BOX-25,First,✨ Premium (1st Quality),5,225.0,230.0
DMAI0-L,DMAI01,Dress - mustard,Dress,SOL14,Finished product,L,173.0,APT02,CHB01,FST-BOX-25,First,✨ Premium (1st Quality),1,154.0,155.0
DMAI0-XL,DMAI01,Dress - mustard,Dress,SOL14,Finished product,XL,173.0,APT02,CHB01,FST-BOX-25,First,✨ Premium (1st Quality),1,99.0,100.0
DMAI0-2XL,DMAI01,Dress - mustard,Dress,SOL14,Finished product,2XL,173.0,APT02,CHB01,FST-BOX-25,First,✨ Premium (1st Quality),1,63.0,64.0
TZAN0-2XL,TZAN01,Top - Cream,Top,TIL08,Finished product,2XL,173.0,APT02,CHB01,2ND-BOX-48,Second,🔄 Repaired/Rework (2nd Quality Sale),2,9.0,11.0
TZAN0-3XL,TZAN01,Top - Cream,Top,TIL08,Finished product,3XL,173.0,APT02,CHB01,2ND-BOX-48,Second,🔄 Repaired/Rework (2nd Quality Sale),1,13.0,14.0
DFAN0-M,DFAN01,Dress - Cream,Dress,TIL08,Finished product,M,173.0,APT02,CHB01,2ND-BOX-53,Second,🔄 Repaired/Rework (2nd Quality Sale),2,32.0,34.0
DFAN0-3XL,DFAN01,Dress - Cream,Dress,TIL08,Finished product,3XL,173.0,APT02,CHB01,2ND-BOX-53,Second,🔄 Repaired/Rework (2nd Quality Sale),5,7.0,12.0
PLEE0-XL,PLEE01,Pants - Black,Pants,SOK08,Finished product,XL,173.0,APT02,CHB01,2ND-BOX-4,Second,🔄 Repaired/Rework (2nd Quality Sale),11,108.0,119.0
PLEE0-L,PLEE01,Pants - Cream,Pants,TIL08,Finished product,L,173.0,APT02,CHB01,2ND-BOX-4,Second,🔄 Repaired/Rework (2nd Quality Sale),1,172.0,173.0
DNUR0-XL,DNUR01,Dress - Blu,Dress,BAT08,Finished product,XL,173.0,APT02,CHB01,2ND-BOX-50,Second,🔄 Repaired/Rework (2nd Quality Sale),4,6.0,10.0
DNUR0-2XL,DNUR01,Dress - Blu,Dress,BAT08,Finished product,2XL,173.0,APT02,CHB01,2ND-BOX-50,Second,🔄 Repaired/Rework (2nd Quality Sale),5,7.0,12.0
DNUR0-L,DNUR01,Dress - Blu,Dress,BAT08,Finished product,L,173.0,APT02,CHB01,2ND-BOX-50,Second,🔄 Repaired/Rework (2nd Quality Sale),2,2.0,4.0
DNUR0-XS,DNUR01,Dress - Blu,Dress,BAT08,Finished product,XS,173.0,APT02,CHB01,2ND-BOX-50,Second,🔄 Repaired/Rework (2nd Quality Sale),1,1.0,2.0
DMAR0-XL,DMAR01,Dress - Blue,Dress,GYR08,Finished product,XL,173.0,APT02,CHB01,2ND-BOX-34,Second,🔄 Repaired/Rework (2nd Quality Sale),13,31.0,44.0
DMAR0-M,DMAR01,Dress - Blue,Dress,GYR08,Finished product,M,173.0,APT02,CHB01,2ND-BOX-34,Second,🔄 Repaired/Rework (2nd Quality Sale),3,13.0,16.0
DMAR0-2XL,DMAR01,Dress - Blue,Dress,GYR08,Finished product,2XL,173.0,APT02,CHB01,2ND-BOX-34,Second,🔄 Repaired/Rework (2nd Quality Sale),7,48.0,55.0
DMAI0-XS,DMAI01,Dress - Gold,Dress,SUT08,Finished product,XS,173.0,APT02,CHB01,2ND-BOX-33,Second,🔄 Repaired/Rework (2nd Quality Sale),23,130.0,153.0
DMAI0-M,DMAI01,Dress - Gold,Dress,SUT08,Finished product,M,173.0,APT02,CHB01,2ND-BOX-43,Second,🔄 Repaired/Rework (2nd Quality Sale),3,225.0,228.0
DMAI0-2XL,DMAI01,Dress - Gold,Dress,SUT08,Finished product,2XL,173.0,APT02,CHB01,2ND-BOX-44,Second,🔄 Repaired/Rework (2nd Quality Sale),6,63.0,69.0
DLAL0-3XL,DLAL01,Dress - Teal,Dress,WAL08,Finished product,3XL,173.0,APT02,CHB01,2ND-BOX-40,Second,🔄 Repaired/Rework (2nd Quality Sale),2,20.0,22.0
DLAL0-2XL,DLAL01,Dress - Teal,Dress,WAL08,Finished product,2XL,173.0,APT02,CHB01,2ND-BOX-40,Second,🔄 Repaired/Rework (2nd Quality Sale),1,42.0,43.0
DLAL0-XS,DLAL01,Dress - Teal,Dress,WAL08,Finished product,XS,173.0,APT02,CHB01,2ND-BOX-40,Second,🔄 Repaired/Rework (2nd Quality Sale),1,50.0,51.0
DLAL0-XL,DLAL01,Dress - Teal,Dress,WAL08,Finished product,XL,173.0,APT02,CHB01,2ND-BOX-40,Second,🔄 Repaired/Rework (2nd Quality Sale),1,51.0,52.0
PLEE0-3XL,PLEE01,Pants - Cream,Pants,TIL08,Finished product,3XL,173.0,APT02,CHB01,2ND-BOX-4,Second,🔄 Repaired/Rework (2nd Quality Sale),4,56.0,60.0
DMAR0-L,DMAR01,Dress - Blue,Dress,GYR08,Finished product,L,173.0,APT02,CHB01,2ND-BOX-32,Second,🔄 Repaired/Rework (2nd Quality Sale),5,13.0,18.0
DMAI0-XL,DMAI01,Dress - Gold,Dress,SUT08,Finished product,XL,173.0,APT02,CHB01,2ND-BOX-43,Second,🔄 Repaired/Rework (2nd Quality Sale),6,99.0,105.0
DMAI0-3XL,DMAI01,Dress - Gold,Dress,SUT08,Finished product,3XL,173.0,APT02,CHB01,2ND-BOX-44,Second,🔄 Repaired/Rework (2nd Quality Sale),3,34.0,37.0
DMAI0-L,DMAI01,Dress - Gold,Dress,SUT08,Finished product,L,173.0,APT02,CHB01,2ND-BOX-33,Second,🔄 Repaired/Rework (2nd Quality Sale),21,154.0,175.0
YSEU0-ML,YSEU01,Skirt - Teal,Skirt,BLO08,Finished product,ML,173.0,APT02,CHB01,2ND-BOX-38,Second,🔄 Repaired/Rework (2nd Quality Sale),14,181.0,195.0
YSEU0-XSS,YSEU01,Skirt - Teal,Skirt,BLO08,Finished product,XSS,173.0,APT02,CHB01,2ND-BOX-38,Second,🔄 Repaired/Rework (2nd Quality Sale),10,181.0,191.0
YSEU0-XL,YSEU01,Skirt - Teal,Skirt,BLO08,Finished product,XL,173.0,APT02,CHB01,2ND-BOX-38,Second,🔄 Repaired/Rework (2nd Quality Sale),7,95.0,102.0
YSEU0-3XL,YSEU01,Skirt - Teal,Skirt,BLO08,Finished product,3XL,173.0,APT02,CHB01,2ND-BOX-38,Second,🔄 Repaired/Rework (2nd Quality Sale),3,20.0,23.0
YSEU0-2XL,YSEU01,Skirt - Teal,Skirt,BLO08,Finished product,2XL,173.0,APT02,CHB01,2ND-BOX-38,Second,🔄 Repaired/Rework (2nd Quality Sale),3,76.0,79.0
DMAR0-2XL,DMAR01,Dress - Blue,Dress,GYR08,Finished product,2XL,173.0,APT02,CHB01,2ND-BOX-31,Second,🔄 Repaired/Rework (2nd Quality Sale),19,48.0,67.0
DMAR0-XL,DMAR01,Dress - Blue,Dress,GYR08,Finished product,XL,173.0,APT02,CHB01,2ND-BOX-31,Second,🔄 Repaired/Rework (2nd Quality Sale),6,31.0,37.0
KMIN1-2XL,KMIN11,Kimono - Yellow,Kimono,ANA08,Finished product,2XL,173.0,APT02,CHB01,2ND-BOX-30,Second,🔄 Repaired/Rework (2nd Quality Sale),20,20.0,40.0
KMIN1-XSS,KMIN11,Kimono - Yellow,Kimono,ANA08,Finished product,XSS,173.0,APT02,CHB01,2ND-BOX-30,Second,🔄 Repaired/Rework (2nd Quality Sale),11,30.0,41.0
KMIN1-3XL,KMIN11,Kimono - Yellow,Kimono,ANA08,Finished product,3XL,173.0,APT02,CHB01,2ND-BOX-30,Second,🔄 Repaired/Rework (2nd Quality Sale),5,9.0,14.0
KMIN0-2XL,KMIN01,Kimono - Noir,Kimono,HER08,Finished product,2XL,173.0,APT02,CHB01,2ND-BOX-30,Second,🔄 Repaired/Rework (2nd Quality Sale),6,53.0,59.0
KMIN0-XL,KMIN01,Kimono - Noir,Kimono,HER08,Finished product,XL,173.0,APT02,CHB01,2ND-BOX-30,Second,🔄 Repaired/Rework (2nd Quality Sale),2,30.0,32.0
KMIN0-3XL,KMIN01,Kimono - Noir,Kimono,HER08,Finished product,3XL,173.0,APT02,CHB01,2ND-BOX-30,Second,🔄 Repaired/Rework (2nd Quality Sale),1,26.0,27.0
DMAR0-3XL,DMAR01,Dress - Blue,Dress,GYR08,Finished product,3XL,173.0,APT02,CHB01,2ND-BOX-30,Second,🔄 Repaired/Rework (2nd Quality Sale),11,22.0,33.0
DMAR0-L,DMAR01,Dress - Blue,Dress,GYR08,Finished product,L,173.0,APT02,CHB01,2ND-BOX-30,Second,🔄 Repaired/Rework (2nd Quality Sale),1,13.0,14.0
DMAR0-S,DMAR01,Dress - Blue,Dress,GYR08,Finished product,S,173.0,APT02,CHB01,2ND-BOX-32,Second,🔄 Repaired/Rework (2nd Quality Sale),5,7.0,12.0
PJAN1-XS,PJAN11,Pants - Blanc,Jant,RAI08,Finished product,XS,173.0,APT02,CHB01,FST-BOX-25,First,✨ Premium (1st Quality),1,1.0,2.0
DMAR0-2XL,DMAR01,Dress - Cream,Dress,GAR08,Finished product,2XL,173.0,APT02,CHB01,2ND-BOX-48,Second,🔄 Repaired/Rework (2nd Quality Sale),9,48.0,57.0
DMAR0-3XL,DMAR01,Dress - Cream,Dress,GAR08,Finished product,3XL,173.0,APT02,CHB01,2ND-BOX-48,Second,🔄 Repaired/Rework (2nd Quality Sale),3,22.0,25.0
DMAI0-2XL,DMAI01,Dress - White,Dress,SIN08,Finished product,2XL,173.0,APT02,CHB01,2ND-BOX-48,Second,🔄 Repaired/Rework (2nd Quality Sale),5,63.0,68.0
DMAI0-XL,DMAI01,Dress - White,Dress,SIN08,Finished product,XL,173.0,APT02,CHB01,2ND-BOX-48,Second,🔄 Repaired/Rework (2nd Quality Sale),12,99.0,111.0
DMAI0-3XL,DMAI01,Dress - White,Dress,SIN08,Finished product,3XL,173.0,APT02,CHB01,2ND-BOX-48,Second,🔄 Repaired/Rework (2nd Quality Sale),7,34.0,41.0
DMAI0-XS,DMAI01,Dress - White,Dress,SIN08,Finished product,XS,173.0,APT02,CHB01,2ND-BOX-48,Second,🔄 Repaired/Rework (2nd Quality Sale),3,130.0,133.0
SRAE0-L,SRAE01,Swimsuit - Noir,Swimsuit,ALI03,Finished product,L,,APT01,CHA01,ARM01-NIV00,First,✨ Premium (1st Quality),6,6.0,12.0
SRAE0-M,SRAE01,Swimsuit - Noir,Swimsuit,ALI03,Finished product,M,,APT01,CHA01,ARM01-NIV00,First,✨ Premium (1st Quality),1,1.0,2.0
SNAB0-S,SNAB01,Swimsuit - Rose,Swimsuit,SAL03,Finished product,S,,APT01,CHA01,ARM01-NIV01,First,✨ Premium (1st Quality),5,46.0,51.0
SNAB0-M,SNAB01,Swimsuit - Rose,Swimsuit,SAL03,Finished product,M,,APT01,CHA01,ARM01-NIV01,First,✨ Premium (1st Quality),3,31.0,34.0
SNAB0-3XL,SNAB01,Swimsuit - Rose,Swimsuit,SAL03,Finished product,3XL,,APT01,CHA01,ARM01-NIV01,First,✨ Premium (1st Quality),4,18.0,22.0
PJAN1-S,PJAN11,Pants - Blanc,Jant,RAI08,Finished product,S,173.0,APT02,CHB01,FST-BOX-25,First,✨ Premium (1st Quality),2,4.0,6.0
DMAR0-M,DMAR01,Dress - Blue,Dress,GYR08,Finished product,M,173.0,APT02,CHB01,2ND-BOX-30,Second,🔄 Repaired/Rework (2nd Quality Sale),2,13.0,15.0
DMAR0-XS,DMAR01,Dress - Blue,Dress,GYR08,Finished product,XS,173.0,APT02,CHB01,2ND-BOX-30,Second,🔄 Repaired/Rework (2nd Quality Sale),2,16.0,18.0
DMAR0-XL,DMAR01,Dress - Blue,Dress,GYR08,Finished product,XL,173.0,APT02,CHB01,2ND-BOX-32,Second,🔄 Repaired/Rework (2nd Quality Sale),7,31.0,38.0
DMAR0-2XL,DMAR01,Dress - Blue,Dress,GYR08,Finished product,2XL,173.0,APT02,CHB01,2ND-BOX-32,Second,🔄 Repaired/Rework (2nd Quality Sale),7,48.0,55.0
YSEU0-ML,YSEU01,Skirt - Cream,Skirt,TIL08,Finished product,ML,173.0,APT02,CHB01,2ND-BOX-29,Second,🔄 Repaired/Rework (2nd Quality Sale),20,181.0,201.0
YSEU0-XL,YSEU01,Skirt - Cream,Skirt,TIL08,Finished product,XL,173.0,APT02,CHB01,2ND-BOX-29,Second,🔄 Repaired/Rework (2nd Quality Sale),10,95.0,105.0
YSEU0-2XL,YSEU01,Skirt - Cream,Skirt,TIL08,Finished product,2XL,173.0,APT02,CHB01,2ND-BOX-29,Second,🔄 Repaired/Rework (2nd Quality Sale),10,76.0,86.0
YSEU0-3XL,YSEU01,Skirt - Cream,Skirt,TIL08,Finished product,3XL,173.0,APT02,CHB01,2ND-BOX-29,Second,🔄 Repaired/Rework (2nd Quality Sale),2,20.0,22.0
DMAI0-M,DMAI01,Dress - Noir,Dress,HER08,Finished product,M,173.0,APT02,CHB01,2ND-BOX-44,Second,🔄 Repaired/Rework (2nd Quality Sale),9,225.0,234.0
DMAI0-L,DMAI01,Dress - Noir,Dress,HER08,Finished product,L,173.0,APT02,CHB01,2ND-BOX-44,Second,🔄 Repaired/Rework (2nd Quality Sale),2,154.0,156.0
DMAI0-XL,DMAI01,Dress - Noir,Dress,HER08,Finished product,XL,173.0,APT02,CHB01,2ND-BOX-44,Second,🔄 Repaired/Rework (2nd Quality Sale),4,99.0,103.0
DMAI0-2XL,DMAI01,Dress - Noir,Dress,HER08,Finished product,2XL,173.0,APT02,CHB01,2ND-BOX-44,Second,🔄 Repaired/Rework (2nd Quality Sale),4,63.0,67.0
DMAI0-3XL,DMAI01,Dress - Noir,Dress,HER08,Finished product,3XL,173.0,APT02,CHB01,2ND-BOX-44,Second,🔄 Repaired/Rework (2nd Quality Sale),3,34.0,37.0
DMAI0-S,DMAI01,Dress - Gold,Dress,FIO08,Finished product,S,173.0,APT02,CHB01,2ND-BOX-41,Second,🔄 Repaired/Rework (2nd Quality Sale),8,183.0,191.0
DMAI0-L,DMAI01,Dress - Gold,Dress,FIO08,Finished product,L,173.0,APT02,CHB01,2ND-BOX-41,Second,🔄 Repaired/Rework (2nd Quality Sale),20,154.0,174.0
DMAI0-XS,DMAI01,Dress - Gold,Dress,FIO08,Finished product,XS,173.0,APT02,CHB01,2ND-BOX-41,Second,🔄 Repaired/Rework (2nd Quality Sale),8,130.0,138.0
DMAI0-M,DMAI01,Dress - Gold,Dress,FIO08,Finished product,M,173.0,APT02,CHB01,2ND-BOX-41,Second,🔄 Repaired/Rework (2nd Quality Sale),12,225.0,237.0
DMAI0-XL,DMAI01,Dress - Gold,Dress,FIO08,Finished product,XL,173.0,APT02,CHB01,2ND-BOX-41,Second,🔄 Repaired/Rework (2nd Quality Sale),3,99.0,102.0
DMAI0-3XL,DMAI01,Dress - Gold,Dress,FIO08,Finished product,3XL,173.0,APT02,CHB01,2ND-BOX-41,Second,🔄 Repaired/Rework (2nd Quality Sale),3,34.0,37.0
DMAI0-2XL,DMAI01,Dress - Gold,Dress,FIO08,Finished product,2XL,173.0,APT02,CHB01,2ND-BOX-41,Second,🔄 Repaired/Rework (2nd Quality Sale),7,63.0,70.0
DLAL0-2XL,DLAL01,Dress - Teal,Dress,WAL08,Finished product,2XL,173.0,APT02,CHB01,2ND-BOX-27,Second,🔄 Repaired/Rework (2nd Quality Sale),6,42.0,48.0
DLAL0-L,DLAL01,Dress - Teal,Dress,WAL08,Finished product,L,173.0,APT02,CHB01,2ND-BOX-27,Second,🔄 Repaired/Rework (2nd Quality Sale),4,76.0,80.0
DLAL0-XL,DLAL01,Dress - Teal,Dress,WAL08,Finished product,XL,173.0,APT02,CHB01,2ND-BOX-27,Second,🔄 Repaired/Rework (2nd Quality Sale),9,51.0,60.0
DLAL0-XS,DLAL01,Dress - Teal,Dress,WAL08,Finished product,XS,173.0,APT02,CHB01,2ND-BOX-27,Second,🔄 Repaired/Rework (2nd Quality Sale),4,50.0,54.0
DLAL0-3XL,DLAL01,Dress - Teal,Dress,WAL08,Finished product,3XL,173.0,APT02,CHB01,2ND-BOX-27,Second,🔄 Repaired/Rework (2nd Quality Sale),3,20.0,23.0
DLAL0-S,DLAL01,Dress - Teal,Dress,WAL08,Finished product,S,173.0,APT02,CHB01,2ND-BOX-27,Second,🔄 Repaired/Rework (2nd Quality Sale),4,19.0,23.0
DLAL0-M,DLAL01,Dress - Teal,Dress,WAL08,Finished product,M,173.0,APT02,CHB01,2ND-BOX-27,Second,🔄 Repaired/Rework (2nd Quality Sale),1,42.0,43.0
KAWA0-2XL,KAWA01,Kimono - Black,Kimono,SUT08,Finished product,2XL,173.0,APT02,CHB01,2ND-BOX-36,Second,🔄 Repaired/Rework (2nd Quality Sale),8,14.0,22.0
KAWA0-3XL,KAWA01,Kimono - Black,Kimono,SUT08,Finished product,3XL,173.0,APT02,CHB01,2ND-BOX-36,Second,🔄 Repaired/Rework (2nd Quality Sale),1,5.0,6.0
YSEU0-XSS,YSEU01,Skirt - Cream,Skirt,TIL08,Finished product,XSS,173.0,APT02,CHB01,2ND-BOX-29,Second,🔄 Repaired/Rework (2nd Quality Sale),23,181.0,204.0
YSEU0-XSS,YSEU01,Skirt - Gold,Skirt,FIO08,Finished product,XSS,173.0,APT02,CHB01,2ND-BOX-27,Second,🔄 Repaired/Rework (2nd Quality Sale),15,181.0,196.0
YSEU0-ML,YSEU01,Skirt - Gold,Skirt,FIO08,Finished product,ML,173.0,APT02,CHB01,2ND-BOX-27,Second,🔄 Repaired/Rework (2nd Quality Sale),9,181.0,190.0
YSEU0-3XL,YSEU01,Skirt - Gold,Skirt,FIO08,Finished product,3XL,173.0,APT02,CHB01,2ND-BOX-27,Second,🔄 Repaired/Rework (2nd Quality Sale),2,20.0,22.0
YSEU0-2XL,YSEU01,Skirt - Gold,Skirt,FIO08,Finished product,2XL,173.0,APT02,CHB01,2ND-BOX-27,Second,🔄 Repaired/Rework (2nd Quality Sale),1,76.0,77.0
YSEU0-2XL,YSEU01,Skirt - Noir,Skirt,ABS08,Finished product,2XL,173.0,APT02,CHB01,2ND-BOX-27,Second,🔄 Repaired/Rework (2nd Quality Sale),6,76.0,82.0
YSEU0-XSS,YSEU01,Skirt - Noir,Skirt,ABS08,Finished product,XSS,173.0,APT02,CHB01,2ND-BOX-27,Second,🔄 Repaired/Rework (2nd Quality Sale),1,181.0,182.0
YSEU0-XL,YSEU01,Skirt - Noir,Skirt,ABS08,Finished product,XL,173.0,APT02,CHB01,2ND-BOX-27,Second,🔄 Repaired/Rework (2nd Quality Sale),2,95.0,97.0
DLAL0-2XL,DLAL01,Dress - Orange,Dress,ARB08,Finished product,2XL,173.0,APT02,CHB01,2ND-BOX-27,Second,🔄 Repaired/Rework (2nd Quality Sale),3,42.0,45.0
DLAL0-L,DLAL01,Dress - Orange,Dress,ARB08,Finished product,L,173.0,APT02,CHB01,2ND-BOX-27,Second,🔄 Repaired/Rework (2nd Quality Sale),2,76.0,78.0
DLAL0-XS,DLAL01,Dress - Orange,Dress,ARB08,Finished product,XS,173.0,APT02,CHB01,2ND-BOX-27,Second,🔄 Repaired/Rework (2nd Quality Sale),2,50.0,52.0
DLAL0-XS,DLAL01,Dress - Rose,Dress,ATO08,Finished product,XS,173.0,APT02,CHB01,2ND-BOX-27,Second,🔄 Repaired/Rework (2nd Quality Sale),1,50.0,51.0
DMAI0-XS,DMAI01,Dress - Gold,Dress,FIO08,Finished product,XS,173.0,APT02,CHB01,2ND-BOX-42,Second,🔄 Repaired/Rework (2nd Quality Sale),13,130.0,143.0
DMAI0-S,DMAI01,Dress - Gold,Dress,FIO08,Finished product,S,173.0,APT02,CHB01,2ND-BOX-42,Second,🔄 Repaired/Rework (2nd Quality Sale),19,183.0,202.0
DMAI0-M,DMAI01,Dress - Gold,Dress,FIO08,Finished product,M,173.0,APT02,CHB01,2ND-BOX-42,Second,🔄 Repaired/Rework (2nd Quality Sale),15,225.0,240.0
DMAI0-XL,DMAI01,Dress - Gold,Dress,FIO08,Finished product,XL,173.0,APT02,CHB01,2ND-BOX-42,Second,🔄 Repaired/Rework (2nd Quality Sale),4,99.0,103.0
KMIN0-2XL,KMIN01,Kimono - Cream,Kimono,TIL08,Finished product,2XL,173.0,APT02,CHB01,2ND-BOX-36,Second,🔄 Repaired/Rework (2nd Quality Sale),13,53.0,66.0
KMIN0-XL,KMIN01,Kimono - Cream,Kimono,TIL08,Finished product,XL,173.0,APT02,CHB01,2ND-BOX-36,Second,🔄 Repaired/Rework (2nd Quality Sale),10,30.0,40.0
DMED0-S,DMED01,Dress - Rust,Dress,SCR12,Finished product,S,173.0,APT02,CHB01,FST-BOX-24,First,✨ Premium (1st Quality),1,1.0,2.0
JUMY0-M,JUMY01,Jumpsuit - Copper,Jumpsuit,AYE29,Finished product,M,173.0,APT02,CHB01,FST-BOX-24,First,✨ Premium (1st Quality),1,67.0,68.0
SAT0--XS,SAT01,Dress - Olive,Dress,AYE29,Finished product,XS,173.0,APT02,CHB01,FST-BOX-24,First,✨ Premium (1st Quality),1,1.0,2.0
DTUB0-3XL,DTUB01,Dress - Navy,Dress,LUM08,Finished product,3XL,173.0,APT02,CHB01,FST-BOX-24,First,✨ Premium (1st Quality),1,2.0,3.0
TAID0-2XL,TAID01,Top - Rust,Top,SOL14,Finished product,2XL,173.0,APT02,CHB01,2ND-BOX-38,Second,🔄 Repaired/Rework (2nd Quality Sale),6,11.0,17.0
TAID0-3XL,TAID01,Top - Rust,Top,SOL14,Finished product,3XL,173.0,APT02,CHB01,2ND-BOX-38,Second,🔄 Repaired/Rework (2nd Quality Sale),3,8.0,11.0
DKON0-3XL,DKON01,Dress - Cream,Dress,TIL08,Finished product,3XL,173.0,APT02,CHB01,2ND-BOX-35,Second,🔄 Repaired/Rework (2nd Quality Sale),10,11.0,21.0
DKON0-2XL,DKON01,Dress - Cream,Dress,TIL08,Finished product,2XL,173.0,APT02,CHB01,2ND-BOX-35,Second,🔄 Repaired/Rework (2nd Quality Sale),11,11.0,22.0
DKON0-XL,DKON01,Dress - Cream,Dress,TIL08,Finished product,XL,173.0,APT02,CHB01,2ND-BOX-35,Second,🔄 Repaired/Rework (2nd Quality Sale),2,6.0,8.0
TLEN0-S,TLEN01,Top - Rust,Top,SOL14,Finished product,S,173.0,APT02,CHB01,2ND-BOX-36,Second,🔄 Repaired/Rework (2nd Quality Sale),4,4.0,8.0
TLEN0-L,TLEN01,Top - Rust,Top,SOL14,Finished product,L,173.0,APT02,CHB01,2ND-BOX-36,Second,🔄 Repaired/Rework (2nd Quality Sale),1,10.0,11.0
TLEN0-3XL,TLEN01,Top - Rust,Top,SOL14,Finished product,3XL,173.0,APT02,CHB01,2ND-BOX-36,Second,🔄 Repaired/Rework (2nd Quality Sale),6,7.0,13.0
TLEN0-XS,TLEN01,Top - Rust,Top,SOL14,Finished product,XS,173.0,APT02,CHB01,2ND-BOX-36,Second,🔄 Repaired/Rework (2nd Quality Sale),3,3.0,6.0
TLEN0-XL,TLEN01,Top - Rust,Top,SOL14,Finished product,XL,173.0,APT02,CHB01,2ND-BOX-36,Second,🔄 Repaired/Rework (2nd Quality Sale),2,2.0,4.0
TLEN0-2XL,TLEN01,Top - Rust,Top,SOL14,Finished product,2XL,173.0,APT02,CHB01,2ND-BOX-36,Second,🔄 Repaired/Rework (2nd Quality Sale),4,5.0,9.0
KAWA0-L,KAWA01,Kimono - White,Kimono,ZEN08,Finished product,L,173.0,APT02,CHB01,2ND-BOX-40,Second,🔄 Repaired/Rework (2nd Quality Sale),4,9.0,13.0
KAWA0-XL,KAWA01,Kimono - White,Kimono,ZEN08,Finished product,XL,173.0,APT02,CHB01,2ND-BOX-40,Second,🔄 Repaired/Rework (2nd Quality Sale),6,11.0,17.0
KAWA0-2XL,KAWA01,Kimono - White,Kimono,ZEN08,Finished product,2XL,173.0,APT02,CHB01,2ND-BOX-40,Second,🔄 Repaired/Rework (2nd Quality Sale),1,14.0,15.0
YLYS0-XS,YLYS01,Skirt - Cream,Skirt,TIL08,Finished product,XS,173.0,APT02,CHB01,2ND-BOX-40,Second,🔄 Repaired/Rework (2nd Quality Sale),9,29.0,38.0
YLYS0-2XL,YLYS01,Skirt - Cream,Skirt,TIL08,Finished product,2XL,173.0,APT02,CHB01,2ND-BOX-40,Second,🔄 Repaired/Rework (2nd Quality Sale),3,4.0,7.0
YLYS0-3XL,YLYS01,Skirt - Cream,Skirt,TIL08,Finished product,3XL,173.0,APT02,CHB01,2ND-BOX-40,Second,🔄 Repaired/Rework (2nd Quality Sale),2,5.0,7.0
YLYS0-XL,YLYS01,Skirt - Cream,Skirt,TIL08,Finished product,XL,173.0,APT02,CHB01,2ND-BOX-40,Second,🔄 Repaired/Rework (2nd Quality Sale),2,9.0,11.0
YLYS0-L,YLYS01,Skirt - Cream,Skirt,TIL08,Finished product,L,173.0,APT02,CHB01,2ND-BOX-40,Second,🔄 Repaired/Rework (2nd Quality Sale),1,20.0,21.0
YLYS0-M,YLYS01,Skirt - Cream,Skirt,TIL08,Finished product,M,173.0,APT02,CHB01,2ND-BOX-40,Second,🔄 Repaired/Rework (2nd Quality Sale),1,34.0,35.0
TZAN0-L,TZAN01,Top - Cream,Top,TIL08,Finished product,L,173.0,APT02,CHB01,2ND-BOX-39,Second,🔄 Repaired/Rework (2nd Quality Sale),3,16.0,19.0
TZAN0-3XL,TZAN01,Top - Cream,Top,TIL08,Finished product,3XL,173.0,APT02,CHB01,2ND-BOX-39,Second,🔄 Repaired/Rework (2nd Quality Sale),5,13.0,18.0
TZAN0-XS,TZAN01,Top - Cream,Top,TIL08,Finished product,XS,173.0,APT02,CHB01,2ND-BOX-39,Second,🔄 Repaired/Rework (2nd Quality Sale),4,14.0,18.0
TZAN0-M,TZAN01,Top - Cream,Top,TIL08,Finished product,M,173.0,APT02,CHB01,2ND-BOX-39,Second,🔄 Repaired/Rework (2nd Quality Sale),1,6.0,7.0
DKON0-S,DKON01,Dress - Cream,Dress,TIL08,Finished product,S,173.0,APT02,CHB01,2ND-BOX-35,Second,🔄 Repaired/Rework (2nd Quality Sale),1,1.0,2.0
YSEU0-XSS,YSEU01,Skirt - Navy,Skirt,COS08,Finished product,XSS,173.0,APT02,CHB01,2ND-BOX-39,Second,🔄 Repaired/Rework (2nd Quality Sale),8,181.0,189.0
YSEU0-ML,YSEU01,Skirt - Navy,Skirt,COS08,Finished product,ML,173.0,APT02,CHB01,2ND-BOX-39,Second,🔄 Repaired/Rework (2nd Quality Sale),1,181.0,182.0
YSEU0-XL,YSEU01,Skirt - Navy,Skirt,COS08,Finished product,XL,173.0,APT02,CHB01,2ND-BOX-39,Second,🔄 Repaired/Rework (2nd Quality Sale),5,95.0,100.0
YSEU0-3XL,YSEU01,Skirt - Navy,Skirt,COS08,Finished product,3XL,173.0,APT02,CHB01,2ND-BOX-39,Second,🔄 Repaired/Rework (2nd Quality Sale),1,20.0,21.0
YSEU0-XSS,YSEU01,Skirt - Noir,Skirt,HER08,Finished product,XSS,173.0,APT02,CHB01,2ND-BOX-39,Second,🔄 Repaired/Rework (2nd Quality Sale),2,181.0,183.0
YSEU0-2XL,YSEU01,Skirt - Noir,Skirt,HER08,Finished product,2XL,173.0,APT02,CHB01,2ND-BOX-39,Second,🔄 Repaired/Rework (2nd Quality Sale),2,76.0,78.0
YSEU0-3XL,YSEU01,Skirt - Noir,Skirt,HER08,Finished product,3XL,173.0,APT02,CHB01,2ND-BOX-39,Second,🔄 Repaired/Rework (2nd Quality Sale),1,20.0,21.0
DLAL0-L-C,DLAL01,Dress - Orange,Dress,ARB08,Finished product,L,171.0,APT02,CHB01,FST-BOX-23,First,✨ Premium (1st Quality),1,1.0,2.0
DFAR0-L,DFAR01,Dress - olive,Dress,ALI08,Finished product,L,173.0,APT02,CHB01,FST-BOX-23,First,✨ Premium (1st Quality),1,14.0,15.0
DSAT0-XL-C,DSAT01,Dress - Noir,Dress,SIE08,Finished product,XL,168.0,APT02,CHB01,FST-BOX-23,First,✨ Premium (1st Quality),1,2.0,3.0
DSAT0-L,DSAT01,Dress - Vert,Dress,SAL08,Finished product,L,173.0,APT02,CHB01,2ND-BOX-28,Second,🔄 Repaired/Rework (2nd Quality Sale),3,134.0,137.0
DSAT0-XS,DSAT01,Dress - Vert,Dress,SAL08,Finished product,XS,173.0,APT02,CHB01,2ND-BOX-28,Second,🔄 Repaired/Rework (2nd Quality Sale),1,88.0,89.0
DSAT0-M,DSAT01,Dress - Vert,Dress,SAL08,Finished product,M,173.0,APT02,CHB01,2ND-BOX-28,Second,🔄 Repaired/Rework (2nd Quality Sale),1,196.0,197.0
DSAT0-XL,DSAT01,Dress - Vert,Dress,SAL08,Finished product,XL,173.0,APT02,CHB01,2ND-BOX-28,Second,🔄 Repaired/Rework (2nd Quality Sale),1,166.0,167.0
DSAT0-S,DSAT01,Dress - Noir,Dress,SCR08,Finished product,S,173.0,APT02,CHB01,2ND-BOX-28,Second,🔄 Repaired/Rework (2nd Quality Sale),1,153.0,154.0
KMIN0-3XL,KMIN01,Kimono - Cream,Kimono,ZEN08,Finished product,3XL,173.0,APT02,CHB01,2ND-BOX-23,Second,🔄 Repaired/Rework (2nd Quality Sale),1,26.0,27.0
PLEE0-XS,PLEE01,Pants - Cream,Pants,ZEN08,Finished product,XS,173.0,APT02,CHB01,2ND-BOX-37,Second,🔄 Repaired/Rework (2nd Quality Sale),2,174.0,176.0
PLEE0-M,PLEE01,Pants - Cream,Pants,ZEN08,Finished product,M,173.0,APT02,CHB01,2ND-BOX-37,Second,🔄 Repaired/Rework (2nd Quality Sale),1,211.0,212.0
PLEE0-3XL,PLEE01,Pants - Rose,Pants,ATO08,Finished product,3XL,173.0,APT02,CHB01,2ND-BOX-37,Second,🔄 Repaired/Rework (2nd Quality Sale),1,56.0,57.0
TSAH1-2XL,TSAH11,Top - Teal,Top,BAO08,Finished product,2XL,173.0,APT02,CHB01,2ND-BOX-14,Second,🔄 Repaired/Rework (2nd Quality Sale),4,4.0,8.0
TSAH1-3XL,TSAH11,Top - Teal,Top,BAO08,Finished product,3XL,173.0,APT02,CHB01,2ND-BOX-14,Second,🔄 Repaired/Rework (2nd Quality Sale),3,4.0,7.0
TSAH1-L,TSAH11,Top - Teal,Top,BAO08,Finished product,L,173.0,APT02,CHB01,2ND-BOX-14,Second,🔄 Repaired/Rework (2nd Quality Sale),1,2.0,3.0
YSEU0-XL,YSEU01,Skirt - Gold,Skirt,FIO08,Finished product,XL,173.0,APT02,CHB01,2ND-BOX-39,Second,🔄 Repaired/Rework (2nd Quality Sale),1,95.0,96.0
DOAN0-L,DOAN01,Dress - Blu,Dress,ARI08,Finished product,L,173.0,APT02,CHB01,2ND-BOX-53,Second,🔄 Repaired/Rework (2nd Quality Sale),1,2.0,3.0
TEVA0-2XL,TEVA01,Top - Gold,Top,TEX08,Finished product,2XL,173.0,APT02,CHB01,2ND-BOX-14,Second,🔄 Repaired/Rework (2nd Quality Sale),8,8.0,16.0
PLEE0-2XL,PLEE01,Pants - Vert,Pants,SAL08,Finished product,2XL,173.0,APT02,CHB01,2ND-BOX-37,Second,🔄 Repaired/Rework (2nd Quality Sale),19,113.0,132.0
PLEE0-M,PLEE01,Pants - Vert,Pants,SAL08,Finished product,M,173.0,APT02,CHB01,2ND-BOX-37,Second,🔄 Repaired/Rework (2nd Quality Sale),11,211.0,222.0
PLEE0-M-C,PLEE01,Pants - Vert,Pants,SAL08,Finished product,M,165.0,APT02,CHB01,2ND-BOX-37,Second,🔄 Repaired/Rework (2nd Quality Sale),1,2.0,3.0
PLEE0-XS,PLEE01,Pants - Vert,Pants,SAL08,Finished product,XS,173.0,APT02,CHB01,2ND-BOX-37,Second,🔄 Repaired/Rework (2nd Quality Sale),12,174.0,186.0
PLEE0-S,PLEE01,Pants - Vert,Pants,SAL08,Finished product,S,173.0,APT02,CHB01,2ND-BOX-37,Second,🔄 Repaired/Rework (2nd Quality Sale),8,185.0,193.0
PLEE0-L,PLEE01,Pants - Vert,Pants,SAL08,Finished product,L,173.0,APT02,CHB01,2ND-BOX-37,Second,🔄 Repaired/Rework (2nd Quality Sale),1,172.0,173.0
PLEE0-3XL,PLEE01,Pants - Vert,Pants,SAL08,Finished product,3XL,173.0,APT02,CHB01,2ND-BOX-38,Second,🔄 Repaired/Rework (2nd Quality Sale),7,56.0,63.0
PLEE0-XL,PLEE01,Pants - Vert,Pants,SAL08,Finished product,XL,173.0,APT02,CHB01,2ND-BOX-38,Second,🔄 Repaired/Rework (2nd Quality Sale),10,108.0,118.0
DFAN0-XL,DFAN01,Dress - Vert,Dress,SAL08,Finished product,XL,173.0,APT02,CHB01,2ND-BOX-49,Second,🔄 Repaired/Rework (2nd Quality Sale),1,31.0,32.0
DFAN0-M,DFAN01,Dress - Vert,Dress,SAL08,Finished product,M,173.0,APT02,CHB01,2ND-BOX-49,Second,🔄 Repaired/Rework (2nd Quality Sale),1,32.0,33.0
TREE0-2XL,TREE01,Top - Vert,Top,SAL08,Finished product,2XL,173.0,APT02,CHB01,2ND-BOX-39,Second,🔄 Repaired/Rework (2nd Quality Sale),7,17.0,24.0
JUMY0-XS,JUMY01,Jumpsuit - Noir,Jumpsuit,SOL14,Finished product,XS,173.0,APT02,CHB01,2ND-BOX-35,Second,🔄 Repaired/Rework (2nd Quality Sale),7,52.0,59.0
PJAN1-M,PJAN11,Pants - Blanc,Jant,RAI08,Finished product,M,173.0,APT02,CHB01,FST-BOX-25,First,✨ Premium (1st Quality),4,4.0,8.0
PJAN1-L,PJAN11,Pants - Blanc,Jant,RAI08,Finished product,L,173.0,APT02,CHB01,FST-BOX-25,First,✨ Premium (1st Quality),2,2.0,4.0
PJAN1-XL,PJAN11,Pants - Blanc,Jant,RAI08,Finished product,XL,173.0,APT02,CHB01,FST-BOX-25,First,✨ Premium (1st Quality),1,2.0,3.0
KSIR0-M,KSIR01,Kimono - Noir,Kimono,ISL12,Finished product,M,173.0,APT02,CHB01,FST-BOX-25,First,✨ Premium (1st Quality),1,16.0,17.0
KSIR0-2XL,KSIR01,Kimono - Noir,Kimono,ISL12,Finished product,2XL,173.0,APT02,CHB01,FST-BOX-25,First,✨ Premium (1st Quality),1,4.0,5.0
PLEE0-L,PLEE01,Pants - Rose,Pants,ATO08,Finished product,L,173.0,APT02,CHB01,2ND-BOX-4,Second,🔄 Repaired/Rework (2nd Quality Sale),1,172.0,173.0
DMAR0-XL,DMAR01,Dress - Forest,Dress,AYE29,Finished product,XL,173.0,APT02,CHB01,FST-BOX-25,First,✨ Premium (1st Quality),2,31.0,33.0
DMAI0-S,DMAI01,Dress - Olive,Dress,SOL14,Finished product,S,173.0,APT02,CHB01,FST-BOX-25,First,✨ Premium (1st Quality),10,183.0,193.0
DMAI0-M,DMAI01,Dress - Olive,Dress,SOL14,Finished product,M,173.0,APT02,CHB01,FST-BOX-25,First,✨ Premium (1st Quality),11,225.0,236.0
DMAI0-L,DMAI01,Dress - Olive,Dress,SOL14,Finished product,L,173.0,APT02,CHB01,FST-BOX-25,First,✨ Premium (1st Quality),4,154.0,158.0
DMAI0-XL,DMAI01,Dress - Olive,Dress,SOL14,Finished product,XL,173.0,APT02,CHB01,FST-BOX-25,First,✨ Premium (1st Quality),2,99.0,101.0
PHAN0-XL,PHAN01,Pants - Olive,Pants,AYE29,Finished product,XL,173.0,APT02,CHB01,FST-BOX-23,First,✨ Premium (1st Quality),1,1.0,2.0
DNUR0-3XL,DNUR01,Dress - Blu,Dress,BAT08,Finished product,3XL,173.0,APT02,CHB01,2ND-BOX-44,Second,🔄 Repaired/Rework (2nd Quality Sale),5,5.0,10.0
DNUR0-2XL,DNUR01,Dress - Blu,Dress,BAT08,Finished product,2XL,173.0,APT02,CHB01,2ND-BOX-44,Second,🔄 Repaired/Rework (2nd Quality Sale),1,7.0,8.0
DNUR0-M,DNUR01,Dress - Blu,Dress,BAT08,Finished product,M,173.0,APT02,CHB01,2ND-BOX-44,Second,🔄 Repaired/Rework (2nd Quality Sale),1,3.0,4.0
DLAL0-M,DLAL01,Dress - Gold,Dress,SUT08,Finished product,M,173.0,APT02,CHB01,2ND-BOX-47,Second,🔄 Repaired/Rework (2nd Quality Sale),12,42.0,54.0
DLAL0-XS,DLAL01,Dress - Gold,Dress,SUT08,Finished product,XS,173.0,APT02,CHB01,2ND-BOX-47,Second,🔄 Repaired/Rework (2nd Quality Sale),3,50.0,53.0
DLAL0-XL,DLAL01,Dress - Gold,Dress,SUT08,Finished product,XL,173.0,APT02,CHB01,2ND-BOX-47,Second,🔄 Repaired/Rework (2nd Quality Sale),3,51.0,54.0
DLAL0-2XL,DLAL01,Dress - Gold,Dress,SUT08,Finished product,2XL,173.0,APT02,CHB01,2ND-BOX-47,Second,🔄 Repaired/Rework (2nd Quality Sale),3,42.0,45.0
DLAL0-3XL,DLAL01,Dress - Gold,Dress,SUT08,Finished product,3XL,173.0,APT02,CHB01,2ND-BOX-47,Second,🔄 Repaired/Rework (2nd Quality Sale),2,20.0,22.0
DLAL0-S,DLAL01,Dress - Gold,Dress,SUT08,Finished product,S,173.0,APT02,CHB01,2ND-BOX-47,Second,🔄 Repaired/Rework (2nd Quality Sale),4,19.0,23.0
TSAH0-2XL,TSAH01,Top - rust,Top,SOL14,Finished product,2XL,173.0,APT02,CHB01,2ND-BOX-46,Second,🔄 Repaired/Rework (2nd Quality Sale),1,1.0,2.0
DDAL0-XS,DDAL01,Dress - Fuchsia,Dress,ZEE24,Finished product,XS,173.0,APT02,CHB01,2ND-BOX-46,Second,🔄 Repaired/Rework (2nd Quality Sale),1,5.0,6.0
KSIR0-2XL,KSIR01,Kimono - Noir,Kimono,ISL12,Finished product,2XL,173.0,APT02,CHB01,2ND-BOX-46,Second,🔄 Repaired/Rework (2nd Quality Sale),1,4.0,5.0
DDIA0-XSS,DDIA01,Dress - Cream,Dress,SOL14,Finished product,XSS,173.0,APT02,CHB01,2ND-BOX-46,Second,🔄 Repaired/Rework (2nd Quality Sale),1,1.0,2.0
TWAI0-XL,TWAI01,Top - Blanc,Top,SOL16,Finished product,XL,173.0,APT02,CHB01,2ND-BOX-46,Second,🔄 Repaired/Rework (2nd Quality Sale),1,3.0,4.0
JUMY0-XS,JUMY01,Jumpsuit - Noir,Jumpsuit,TUK08,Finished product,XS,173.0,APT02,CHB01,FST-BOX-24,First,✨ Premium (1st Quality),2,52.0,54.0
JUMY0-S,JUMY01,Jumpsuit - Noir,Jumpsuit,TUK08,Finished product,S,173.0,APT02,CHB01,FST-BOX-24,First,✨ Premium (1st Quality),3,75.0,78.0
JUMY0-M,JUMY01,Jumpsuit - Noir,Jumpsuit,TUK08,Finished product,M,173.0,APT02,CHB01,FST-BOX-24,First,✨ Premium (1st Quality),4,67.0,71.0
JUMY0-L,JUMY01,Jumpsuit - Noir,Jumpsuit,TUK08,Finished product,L,173.0,APT02,CHB01,FST-BOX-24,First,✨ Premium (1st Quality),2,57.0,59.0
JUMY0-XL,JUMY01,Jumpsuit - Noir,Jumpsuit,TUK08,Finished product,XL,173.0,APT02,CHB01,FST-BOX-24,First,✨ Premium (1st Quality),1,68.0,69.0
PLEE0-S,PLEE01,Pants - Black,Pants,SUT08,Finished product,S,173.0,APT02,CHB01,2ND-BOX-46,Second,🔄 Repaired/Rework (2nd Quality Sale),1,185.0,186.0
PLEE1-XS,PLEE11,Pants - Black,Pants,LIN08,Finished product,XS,173.0,APT02,CHB01,2ND-BOX-46,Second,🔄 Repaired/Rework (2nd Quality Sale),1,25.0,26.0
DKUD0-3XL,DKUD01,Dress - Rose,Dress,BAT08,Finished product,3XL,173.0,APT02,CHB01,2ND-BOX-46,Second,🔄 Repaired/Rework (2nd Quality Sale),1,3.0,4.0
JALA0-S,JALA01,Jumpsuit - Teal,Jumpsuit,SOL14,Finished product,S,173.0,APT02,CHB01,2ND-BOX-46,Second,🔄 Repaired/Rework (2nd Quality Sale),1,3.0,4.0
TLEN0-3XL,TLEN01,Top - Cream,Top,SOL14,Finished product,3XL,173.0,APT02,CHB01,2ND-BOX-46,Second,🔄 Repaired/Rework (2nd Quality Sale),1,7.0,8.0
PHAN0-XS,PHAN01,Pants - Vert,Pants,ZEE24,Finished product,XS,173.0,APT02,CHB01,2ND-BOX-46,Second,🔄 Repaired/Rework (2nd Quality Sale),1,1.0,2.0
DGNO0-M,DGNO01,Dress - Azul,Dress,LIN08,Finished product,M,173.0,APT02,CHB01,2ND-BOX-46,Second,🔄 Repaired/Rework (2nd Quality Sale),1,1.0,2.0
JUMY1-XS,JUMY11,Jumpsuit - White,Jumpsuit,SIN08,Finished product,XS,173.0,APT02,CHB01,2ND-BOX-46,Second,🔄 Repaired/Rework (2nd Quality Sale),1,1.0,2.0
KMIN0-2XL,KMIN01,Kimono - Cream,Kimono,TIL08,Finished product,2XL,173.0,APT02,CHB01,2ND-BOX-46,Second,🔄 Repaired/Rework (2nd Quality Sale),1,53.0,54.0
DLAL0-XS,DLAL01,Dress - Teal,Dress,WAL08,Finished product,XS,173.0,APT02,CHB01,2ND-BOX-46,Second,🔄 Repaired/Rework (2nd Quality Sale),1,50.0,51.0
DCOU1-XSS,DCOU11,Dress - Black,Dress,GUD08,Finished product,XSS,173.0,APT02,CHB01,2ND-BOX-46,Second,🔄 Repaired/Rework (2nd Quality Sale),1,1.0,2.0
DSAT0-XS,DSAT01,Dress - Blue,Dress,GYR08,Finished product,XS,173.0,APT02,CHB01,FST-BOX-24,First,✨ Premium (1st Quality),6,88.0,94.0
DSAT0-S,DSAT01,Dress - Blue,Dress,GYR08,Finished product,S,173.0,APT02,CHB01,FST-BOX-24,First,✨ Premium (1st Quality),4,153.0,157.0
DSAT0-M,DSAT01,Dress - Blue,Dress,GYR08,Finished product,M,173.0,APT02,CHB01,FST-BOX-24,First,✨ Premium (1st Quality),7,196.0,203.0
DSAT0-L,DSAT01,Dress - Blue,Dress,GYR08,Finished product,L,173.0,APT02,CHB01,FST-BOX-24,First,✨ Premium (1st Quality),9,134.0,143.0
DSAT0-XL,DSAT01,Dress - Blue,Dress,GYR08,Finished product,XL,173.0,APT02,CHB01,FST-BOX-24,First,✨ Premium (1st Quality),9,166.0,175.0
DSAT0-2XL,DSAT01,Dress - Blue,Dress,GYR08,Finished product,2XL,173.0,APT02,CHB01,FST-BOX-24,First,✨ Premium (1st Quality),1,113.0,114.0
DSAT0-3XL,DSAT01,Dress - Blue,Dress,GYR08,Finished product,3XL,173.0,APT02,CHB01,FST-BOX-24,First,✨ Premium (1st Quality),2,61.0,63.0
YSEU0-XSS,YSEU01,Skirt - Cream,Skirt,ZEN08,Finished product,XSS,173.0,APT02,CHB01,2ND-BOX-45,Second,🔄 Repaired/Rework (2nd Quality Sale),2,181.0,183.0
YSEU0-XL,YSEU01,Skirt - Aqua,Skirt,PLA08,Finished product,XL,173.0,APT02,CHB01,2ND-BOX-20,Second,🔄 Repaired/Rework (2nd Quality Sale),1,95.0,96.0
YSEU0-2XL,YSEU01,Skirt - Rose,Skirt,ATO08,Finished product,2XL,173.0,APT02,CHB01,2ND-BOX-20,Second,🔄 Repaired/Rework (2nd Quality Sale),3,76.0,79.0
YSEU0-2XL,YSEU01,Skirt - Rose,Skirt,BLO08,Finished product,2XL,173.0,APT02,CHB01,2ND-BOX-45,Second,🔄 Repaired/Rework (2nd Quality Sale),2,76.0,78.0
YSEU0-3XL,YSEU01,Skirt - Gold,Skirt,FIO08,Finished product,3XL,173.0,APT02,CHB01,2ND-BOX-20,Second,🔄 Repaired/Rework (2nd Quality Sale),2,20.0,22.0
YSEU0-XL,YSEU01,Skirt - Navy,Skirt,COS08,Finished product,XL,173.0,APT02,CHB01,2ND-BOX-20,Second,🔄 Repaired/Rework (2nd Quality Sale),2,95.0,97.0
OAMY1-OS,OAMY11,Poncho - Black,Poncho,SOK08,Finished product,OS,173.0,APT02,CHB01,FST-BOX-26,First,✨ Premium (1st Quality),1,124.0,125.0
DDAL0-XS,DDAL01,Dress - Gold,Dress,DHA20,Finished product,XS,173.0,APT02,CHB01,FST-BOX-26,First,✨ Premium (1st Quality),1,5.0,6.0
DSAT0-S,DSAT01,Dress - Noir,Dress,SIE08,Finished product,S,173.0,APT02,CHB01,FST-BOX-26,First,✨ Premium (1st Quality),2,153.0,155.0
DSAT0-M,DSAT01,Dress - Noir,Dress,SIE08,Finished product,M,173.0,APT02,CHB01,FST-BOX-26,First,✨ Premium (1st Quality),2,196.0,198.0
DSAT0-L,DSAT01,Dress - Noir,Dress,SIE08,Finished product,L,173.0,APT02,CHB01,FST-BOX-26,First,✨ Premium (1st Quality),1,134.0,135.0
DSAT0-L,DSAT01,Dress - Teal,Dress,ZEE24,Finished product,L,173.0,APT02,CHB01,FST-BOX-26,First,✨ Premium (1st Quality),1,134.0,135.0
DMAI0-M,DMAI01,Dress - Gold,Dress,FIO08,Finished product,M,173.0,APT02,CHB01,2ND-BOX-46,Second,🔄 Repaired/Rework (2nd Quality Sale),1,225.0,226.0
DOAN0-XS,DOAN01,Dress - Blu,Dress,ARI08,Finished product,XS,173.0,APT02,CHB01,2ND-BOX-46,Second,🔄 Repaired/Rework (2nd Quality Sale),1,1.0,2.0
DSAT0-M,DSAT01,Dress - Blu,Dress,COS08,Finished product,M,173.0,APT02,CHB01,2ND-BOX-46,Second,🔄 Repaired/Rework (2nd Quality Sale),1,196.0,197.0
DMAI0-XS,DMAI01,Dress - Mustard,Dress,SOL14,Finished product,XS,173.0,APT02,CHB01,2ND-BOX-46,Second,🔄 Repaired/Rework (2nd Quality Sale),1,130.0,131.0
TFAT0-2XL,TFAT01,Top - Black,Top,LIN08,Finished product,2XL,173.0,APT02,CHB01,2ND-BOX-46,Second,🔄 Repaired/Rework (2nd Quality Sale),1,5.0,6.0
TZAN0-XS,TZAN01,top - Noir,Top,HER08,Finished product,XS,173.0,APT02,CHB01,2ND-BOX-46,Second,🔄 Repaired/Rework (2nd Quality Sale),1,14.0,15.0
PJAN0-M,PJAN01,Pants - Vert,Pants,ZEE24,Finished product,M,173.0,APT02,CHB01,2ND-BOX-46,Second,🔄 Repaired/Rework (2nd Quality Sale),1,7.0,8.0
DFAR0-XS,DFAR01,Dress - Vert,Dress,ZEE24,Finished product,XS,173.0,APT02,CHB01,2ND-BOX-46,Second,🔄 Repaired/Rework (2nd Quality Sale),1,14.0,15.0
PFEK0-S,PFEK01,Shorts - Black,Shorts,LIN08,Finished product,S,173.0,APT02,CHB01,2ND-BOX-46,Second,🔄 Repaired/Rework (2nd Quality Sale),1,1.0,2.0
DTUN0-2XL,DTUN01,Dress - White,Dress,SIN08,Finished product,2XL,173.0,APT02,CHB01,2ND-BOX-49,Second,🔄 Repaired/Rework (2nd Quality Sale),5,10.0,15.0
DAMA0-2XL,DAMA01,Dress - Noir,Dress,ISL08,Finished product,2XL,173.0,APT02,CHB01,2ND-BOX-49,Second,🔄 Repaired/Rework (2nd Quality Sale),3,3.0,6.0
DAMA0-3XL,DAMA01,Dress - Noir,Dress,ISL08,Finished product,3XL,173.0,APT02,CHB01,2ND-BOX-49,Second,🔄 Repaired/Rework (2nd Quality Sale),1,2.0,3.0
KMIN0-XL,KMIN01,Kimono - Gold,Kimono,SUT08,Finished product,XL,173.0,APT02,CHB01,2ND-BOX-49,Second,🔄 Repaired/Rework (2nd Quality Sale),4,30.0,34.0
KMIN0-2XL,KMIN01,Kimono - Gold,Kimono,SUT08,Finished product,2XL,173.0,APT02,CHB01,2ND-BOX-49,Second,🔄 Repaired/Rework (2nd Quality Sale),3,53.0,56.0
KMIN0-3XL,KMIN01,Kimono - Vert,Kimono,SAL08,Finished product,3XL,173.0,APT02,CHB01,2ND-BOX-49,Second,🔄 Repaired/Rework (2nd Quality Sale),5,26.0,31.0
DMAI0-XS,DMAI01,Dress - Rose,Dress,BLO08,Finished product,XS,173.0,APT02,CHB01,2ND-BOX-49,Second,🔄 Repaired/Rework (2nd Quality Sale),3,130.0,133.0
DMAI0-S,DMAI01,Dress - Rose,Dress,BLO08,Finished product,S,173.0,APT02,CHB01,2ND-BOX-49,Second,🔄 Repaired/Rework (2nd Quality Sale),2,183.0,185.0
DMAI0-M,DMAI01,Dress - Rose,Dress,BLO08,Finished product,M,173.0,APT02,CHB01,2ND-BOX-49,Second,🔄 Repaired/Rework (2nd Quality Sale),1,225.0,226.0
DMAI0-2XL,DMAI01,Dress - Cream,Dress,ZEN08,Finished product,2XL,173.0,APT02,CHB01,2ND-BOX-49,Second,🔄 Repaired/Rework (2nd Quality Sale),1,63.0,64.0
TFAT0-2XL,TFAT01,Top - Black,Top,LIN08,Finished product,2XL,173.0,APT02,CHB01,2ND-BOX-49,Second,🔄 Repaired/Rework (2nd Quality Sale),2,5.0,7.0
TWAI0-2XL,TWAI01,Top - Blanc,Top,SOL16,Finished product,2XL,173.0,APT02,CHB01,2ND-BOX-49,Second,🔄 Repaired/Rework (2nd Quality Sale),1,2.0,3.0
TWAI0-3XL,TWAI01,Top - Blanc,Top,SOL16,Finished product,3XL,173.0,APT02,CHB01,2ND-BOX-49,Second,🔄 Repaired/Rework (2nd Quality Sale),1,3.0,4.0
KSIR0-3XL,KSIR01,Kimono - Noir,Kimono,ISL12,Finished product,3XL,173.0,APT02,CHB01,2ND-BOX-49,Second,🔄 Repaired/Rework (2nd Quality Sale),2,2.0,4.0
DAMA0-3XL,DAMA01,Dress - Rust,Dress,SUT08,Finished product,3XL,173.0,APT02,CHB01,2ND-BOX-49,Second,🔄 Repaired/Rework (2nd Quality Sale),1,2.0,3.0
TMOR0-XS,TMOR01,Top - Navy,Top,SOL14,Finished product,XS,173.0,APT02,CHB01,2ND-BOX-49,Second,🔄 Repaired/Rework (2nd Quality Sale),1,1.0,2.0
TNAK0-3XL,TNAK01,Top - Noir,Top,HER08,Finished product,3XL,173.0,APT02,CHB01,2ND-BOX-49,Second,🔄 Repaired/Rework (2nd Quality Sale),1,1.0,2.0
PJAN0-3XL,PJAN01,Pants - Noir,Pants,ISL08,Finished product,3XL,173.0,APT02,CHB01,2ND-BOX-49,Second,🔄 Repaired/Rework (2nd Quality Sale),2,2.0,4.0
DMAI0-XS,DMAI01,Dress - Mustard,Dress,SOL14,Finished product,XS,173.0,APT02,CHB01,2ND-BOX-49,Second,🔄 Repaired/Rework (2nd Quality Sale),1,130.0,131.0
DKUD0-2XL,DKUD01,Dress - rust,Dress,SOL14,Finished product,2XL,173.0,APT02,CHB01,2ND-BOX-49,Second,🔄 Repaired/Rework (2nd Quality Sale),1,1.0,2.0
KMIN0-2XL,KMIN01,Kimono - Teal,Kimono,BLO08,Finished product,2XL,173.0,APT02,CHB01,2ND-BOX-49,Second,🔄 Repaired/Rework (2nd Quality Sale),1,53.0,54.0
SNAB0-3XL,SNAB01,Swimsuit - Rust,Swimsuit,SCR03,Finished product,3XL,,APT02,CHB01,2ND-BOX-49,Second,🔄 Repaired/Rework (2nd Quality Sale),1,18.0,19.0
SNAB0-2XL,SNAB01,Swimsuit - Vert,Swimsuit,GAR03,Finished product,2XL,,APT02,CHB01,2ND-BOX-49,Second,🔄 Repaired/Rework (2nd Quality Sale),1,8.0,9.0
DSAT0-XS,DSAT01,Dress - Gold,Dress,TEX08,Finished product,XS,173.0,APT02,CHB01,FST-BOX-26,First,✨ Premium (1st Quality),1,88.0,89.0
DSAT0-S,DSAT01,Dress - Gold,Dress,TEX08,Finished product,S,173.0,APT02,CHB01,FST-BOX-26,First,✨ Premium (1st Quality),1,153.0,154.0
DSAT0-M,DSAT01,Dress - Gold,Dress,TEX08,Finished product,M,173.0,APT02,CHB01,FST-BOX-26,First,✨ Premium (1st Quality),2,196.0,198.0
DSAT0-L,DSAT01,Dress - Gold,Dress,TEX08,Finished product,L,173.0,APT02,CHB01,FST-BOX-26,First,✨ Premium (1st Quality),2,134.0,136.0
DSAT0-XL,DSAT01,Dress - Gold,Dress,TEX08,Finished product,XL,173.0,APT02,CHB01,FST-BOX-26,First,✨ Premium (1st Quality),7,166.0,173.0
DSAT0-2XL,DSAT01,Dress - Gold,Dress,TEX08,Finished product,2XL,173.0,APT02,CHB01,FST-BOX-26,First,✨ Premium (1st Quality),1,113.0,114.0
DSAT0-3XL,DSAT01,Dress - Gold,Dress,TEX08,Finished product,3XL,173.0,APT02,CHB01,FST-BOX-26,First,✨ Premium (1st Quality),2,61.0,63.0
DRAM0-M,DRAM01,Dress - Blanc,Dress,BAN27,Finished product,M,173.0,APT02,CHB01,FST-BOX-26,First,✨ Premium (1st Quality),1,11.0,12.0
SAYL0-S,SAYL01,Swimsuit - Noir,Swimsuit,LAV03,Finished product,S,,APT01,CHA01,ARM01-NIV02,First,✨ Premium (1st Quality),4,26.0,30.0
SAYL0-M,SAYL01,Swimsuit - Noir,Swimsuit,LAV03,Finished product,M,,APT01,CHA01,ARM01-NIV02,First,✨ Premium (1st Quality),6,34.0,40.0
SAYL0-L,SAYL01,Swimsuit - Noir,Swimsuit,LAV03,Finished product,L,,APT01,CHA01,ARM01-NIV02,First,✨ Premium (1st Quality),4,28.0,32.0
SDIO0-3XL,SDIO01,Swimsuit - Blu,Swimsuit,BAT03,Finished product,3XL,,APT01,CHA01,ARM01-NIV02,First,✨ Premium (1st Quality),3,11.0,14.0
SNAB0-2XL,SNAB01,Swimsuit - Blu,Swimsuit,BAT03,Finished product,2XL,,APT01,CHA01,ARM01-NIV02,First,✨ Premium (1st Quality),1,8.0,9.0
SNAB0-3XL,SNAB01,Swimsuit - Blu,Swimsuit,BAT03,Finished product,3XL,,APT01,CHA01,ARM01-NIV02,First,✨ Premium (1st Quality),1,18.0,19.0
SIDY0-L,SIDY01,Swimsuit - Noir,Swimsuit,ISL03,Finished product,L,,APT01,CHA01,ARM01-NIV03,First,✨ Premium (1st Quality),1,13.0,14.0
SNAB0-S,SNAB01,Swimsuit - Rose,Swimsuit,ATO03,Finished product,S,,APT01,CHA01,ARM01-NIV03,First,✨ Premium (1st Quality),3,46.0,49.0
SNAB0-L,SNAB01,Swimsuit - Rose,Swimsuit,ATO03,Finished product,L,,APT01,CHA01,ARM01-NIV03,First,✨ Premium (1st Quality),2,37.0,39.0
SDIO0-S,SDIO01,Swimsuit - Rose,Swimsuit,JAR03,Finished product,S,,APT01,CHA01,ARM01-NIV04,First,✨ Premium (1st Quality),5,16.0,21.0
SDIO0-M,SDIO01,Swimsuit - Rose,Swimsuit,JAR03,Finished product,M,,APT01,CHA01,ARM01-NIV04,First,✨ Premium (1st Quality),3,8.0,11.0
SDIO0-L,SDIO01,Swimsuit - Rose,Swimsuit,JAR03,Finished product,L,,APT01,CHA01,ARM01-NIV04,First,✨ Premium (1st Quality),4,15.0,19.0
SDIO0-XL,SDIO01,Swimsuit - Rose,Swimsuit,JAR03,Finished product,XL,,APT01,CHA01,ARM01-NIV04,First,✨ Premium (1st Quality),1,2.0,3.0
SDIO0-2XL,SDIO01,Swimsuit - Rose,Swimsuit,JAR03,Finished product,2XL,,APT01,CHA01,ARM01-NIV04,First,✨ Premium (1st Quality),2,3.0,5.0
SDIO0-3XL,SDIO01,Swimsuit - Rose,Swimsuit,JAR03,Finished product,3XL,,APT01,CHA01,ARM01-NIV04,First,✨ Premium (1st Quality),3,11.0,14.0
SLEI0-S,SLEI01,Swimsuit - Rose,Swimsuit,JAR03,Finished product,S,,APT01,CHA01,ARM01-NIV04,First,✨ Premium (1st Quality),6,19.0,25.0
SLEI0-2XL,SLEI01,Swimsuit - Rose,Swimsuit,JAR03,Finished product,2XL,,APT01,CHA01,ARM01-NIV04,First,✨ Premium (1st Quality),2,5.0,7.0
SLEI0-3XL,SLEI01,Swimsuit - Rose,Swimsuit,JAR03,Finished product,3XL,,APT01,CHA01,ARM01-NIV04,First,✨ Premium (1st Quality),2,5.0,7.0
SNAB0-S,SNAB01,Swimsuit - Rose,Swimsuit,JAR03,Finished product,S,,APT01,CHA01,ARM01-NIV04,First,✨ Premium (1st Quality),4,46.0,50.0
SNAB0-M,SNAB01,Swimsuit - Rose,Swimsuit,JAR03,Finished product,M,,APT01,CHA01,ARM01-NIV04,First,✨ Premium (1st Quality),6,31.0,37.0
SNAB0-L,SNAB01,Swimsuit - Rose,Swimsuit,JAR03,Finished product,L,,APT01,CHA01,ARM01-NIV04,First,✨ Premium (1st Quality),3,37.0,40.0
DSAT0-XL,DSAT01,Dress - Vert,Dress,SAL08,Finished product,XL,173.0,APT02,CHB01,2ND-BOX-50,Second,🔄 Repaired/Rework (2nd Quality Sale),24,166.0,190.0
DSAT0-S,DSAT01,Dress - Vert,Dress,SAL08,Finished product,S,173.0,APT02,CHB01,2ND-BOX-50,Second,🔄 Repaired/Rework (2nd Quality Sale),19,153.0,172.0
DSAT0-L,DSAT01,Dress - Vert,Dress,SAL08,Finished product,L,173.0,APT02,CHB01,2ND-BOX-50,Second,🔄 Repaired/Rework (2nd Quality Sale),2,134.0,136.0
DSAT0-XS,DSAT01,Dress - Vert,Dress,SAL08,Finished product,XS,173.0,APT02,CHB01,2ND-BOX-50,Second,🔄 Repaired/Rework (2nd Quality Sale),13,88.0,101.0
SNAB0-2XL,SNAB01,Swimsuit - Rose,Swimsuit,JAR03,Finished product,2XL,,APT01,CHA01,ARM01-NIV04,First,✨ Premium (1st Quality),2,8.0,10.0
SNAB0-3XL,SNAB01,Swimsuit - Rose,Swimsuit,JAR03,Finished product,3XL,,APT01,CHA01,ARM01-NIV04,First,✨ Premium (1st Quality),3,18.0,21.0
SNAB0-3XL,SNAB01,Swimsuit - Noir,Swimsuit,HER03,Finished product,3XL,,APT01,CHA01,ARM02-NIV00,First,✨ Premium (1st Quality),3,18.0,21.0
SNIA0-S,SNIA01,Swimsuit - Rose,Swimsuit,ABS03,Finished product,S,,APT01,CHA01,ARM02-NIV00,First,✨ Premium (1st Quality),4,9.0,13.0
SNIA0-M,SNIA01,Swimsuit - Rose,Swimsuit,ABS03,Finished product,M,,APT01,CHA01,ARM02-NIV00,First,✨ Premium (1st Quality),3,12.0,15.0
SNIA0-L,SNIA01,Swimsuit - Rose,Swimsuit,ABS03,Finished product,L,,APT01,CHA01,ARM02-NIV00,First,✨ Premium (1st Quality),3,19.0,22.0
SNIA0-2XL,SNIA01,Swimsuit - Rose,Swimsuit,ABS03,Finished product,2XL,,APT01,CHA01,ARM02-NIV00,First,✨ Premium (1st Quality),5,10.0,15.0
SNYR0-S,SNYR01,Swimsuit - Navy,Swimsuit,RAZ03,Finished product,S,,APT01,CHA01,ARM02-NIV00,First,✨ Premium (1st Quality),3,5.0,8.0
SNYR0-L,SNYR01,Swimsuit - Navy,Swimsuit,RAZ03,Finished product,L,,APT01,CHA01,ARM02-NIV00,First,✨ Premium (1st Quality),1,1.0,2.0
DSAT0-3XL,DSAT01,Dress - Vert,Dress,SAL08,Finished product,3XL,173.0,APT02,CHB01,2ND-BOX-50,Second,🔄 Repaired/Rework (2nd Quality Sale),4,61.0,65.0
DSAT0-2XL,DSAT01,Dress - Vert,Dress,SAL08,Finished product,2XL,173.0,APT02,CHB01,2ND-BOX-51,Second,🔄 Repaired/Rework (2nd Quality Sale),19,113.0,132.0
DSAT0-XL,DSAT01,Dress - Noir,Dress,SCR08,Finished product,XL,173.0,APT02,CHB01,2ND-BOX-51,Second,🔄 Repaired/Rework (2nd Quality Sale),3,166.0,169.0
DMAI0-S,DMAI01,Dress - Gold,Dress,SUT08,Finished product,S,173.0,APT02,CHB01,2ND-BOX-51,Second,🔄 Repaired/Rework (2nd Quality Sale),8,183.0,191.0
DDAL0-2XL,DDAL01,Dress - Blu,Dress,ZAH23,Finished product,2XL,173.0,APT02,CHB01,FST-BOX-25,First,✨ Premium (1st Quality),1,2.0,3.0
DFAN0-S,DFAN01,Dress - Cream,Dress,TIL08,Finished product,S,173.0,APT02,CHB01,2ND-BOX-51,Second,🔄 Repaired/Rework (2nd Quality Sale),1,28.0,29.0
DFAN0-XS,DFAN01,Dress - Cream,Dress,TIL08,Finished product,XS,173.0,APT02,CHB01,2ND-BOX-51,Second,🔄 Repaired/Rework (2nd Quality Sale),1,17.0,18.0
KMIN0-XL,KMIN01,Kimono - Vert,Kimono,SAL08,Finished product,XL,173.0,APT02,CHB01,2ND-BOX-51,Second,🔄 Repaired/Rework (2nd Quality Sale),1,30.0,31.0
KBOU0-OS,KBOU01,Kimono - Teal,Kimono,BWA08,Finished product,OS,173.0,APT02,CHB01,2ND-BOX-51,Second,🔄 Repaired/Rework (2nd Quality Sale),1,42.0,43.0
DYAL0-S,DYAL01,Dress - Teal,Dress,BLO08,Finished product,S,173.0,APT02,CHB01,2ND-BOX-51,Second,🔄 Repaired/Rework (2nd Quality Sale),1,2.0,3.0
KMIN0-2XL,KMIN01,Kimono - Noir,Kimono,HER08,Finished product,2XL,173.0,APT02,CHB01,2ND-BOX-51,Second,🔄 Repaired/Rework (2nd Quality Sale),1,53.0,54.0
TZAN0-XS,TZAN01,top - Cream,Top,TIL08,Finished product,XS,173.0,APT02,CHB01,2ND-BOX-51,Second,🔄 Repaired/Rework (2nd Quality Sale),1,14.0,15.0
YSEU0-XSS,YSEU01,Skirt - Cream,Skirt,TIL08,Finished product,XSS,173.0,APT02,CHB01,2ND-BOX-51,Second,🔄 Repaired/Rework (2nd Quality Sale),1,181.0,182.0
DMAI0-XL,DMAI01,Dress - White,Dress,SIN08,Finished product,XL,173.0,APT02,CHB01,2ND-BOX-52,Second,🔄 Repaired/Rework (2nd Quality Sale),14,99.0,113.0
DLAL0-XL,DLAL01,Dress - Gold,Dress,SUT08,Finished product,XL,173.0,APT02,CHB01,2ND-BOX-52,Second,🔄 Repaired/Rework (2nd Quality Sale),1,51.0,52.0
DLAL0-L,DLAL01,Dress - Gold,Dress,SUT08,Finished product,L,173.0,APT02,CHB01,2ND-BOX-52,Second,🔄 Repaired/Rework (2nd Quality Sale),3,76.0,79.0
DMAI0-M,DMAI01,Dress - Coral,Dress,SOL18,Finished product,M,173.0,APT02,CHB01,FST-BOX-27,First,✨ Premium (1st Quality),18,225.0,243.0
DMAI0-L,DMAI01,Dress - Coral,Dress,SOL18,Finished product,L,173.0,APT02,CHB01,FST-BOX-27,First,✨ Premium (1st Quality),6,154.0,160.0
DMAI0-XL,DMAI01,Dress - Coral,Dress,SOL18,Finished product,XL,173.0,APT02,CHB01,FST-BOX-27,First,✨ Premium (1st Quality),2,99.0,101.0
DMAI0-S,DMAI01,Dress - Coral,Dress,SOL18,Finished product,S,173.0,APT02,CHB01,FST-BOX-27,First,✨ Premium (1st Quality),12,183.0,195.0
DMAI0-XS,DMAI01,Dress - Coral,Dress,SOL18,Finished product,XS,173.0,APT02,CHB01,FST-BOX-27,First,✨ Premium (1st Quality),3,130.0,133.0
DMAI0-2XL,DMAI01,Dress - Coral,Dress,SOL18,Finished product,2XL,173.0,APT02,CHB01,FST-BOX-27,First,✨ Premium (1st Quality),1,63.0,64.0
SDIO0-S,SDIO01,Swimsuit - Rose,Swimsuit,BLO03,Finished product,S,,APT01,CHA01,ARM02-NIV01,First,✨ Premium (1st Quality),4,16.0,20.0
SDIO0-M,SDIO01,Swimsuit - Rose,Swimsuit,BLO03,Finished product,M,,APT01,CHA01,ARM02-NIV01,First,✨ Premium (1st Quality),3,8.0,11.0
SDIO0-L,SDIO01,Swimsuit - Rose,Swimsuit,BLO03,Finished product,L,,APT01,CHA01,ARM02-NIV01,First,✨ Premium (1st Quality),9,15.0,24.0
SDIO0-XL,SDIO01,Swimsuit - Rose,Swimsuit,BLO03,Finished product,XL,,APT01,CHA01,ARM02-NIV01,First,✨ Premium (1st Quality),1,2.0,3.0
SDIO0-2XL,SDIO01,Swimsuit - Rose,Swimsuit,BLO03,Finished product,2XL,,APT01,CHA01,ARM02-NIV01,First,✨ Premium (1st Quality),1,3.0,4.0
SDIO0-3XL,SDIO01,Swimsuit - Rose,Swimsuit,BLO03,Finished product,3XL,,APT01,CHA01,ARM02-NIV01,First,✨ Premium (1st Quality),3,11.0,14.0
SNAB0-S,SNAB01,Swimsuit - Rose,Swimsuit,BLO03,Finished product,S,,APT01,CHA01,ARM02-NIV01,First,✨ Premium (1st Quality),5,46.0,51.0
SNAB0-L,SNAB01,Swimsuit - Rose,Swimsuit,BLO03,Finished product,L,,APT01,CHA01,ARM02-NIV01,First,✨ Premium (1st Quality),2,37.0,39.0
SNAB0-2XL,SNAB01,Swimsuit - Rose,Swimsuit,BLO03,Finished product,2XL,,APT01,CHA01,ARM02-NIV01,First,✨ Premium (1st Quality),2,8.0,10.0
SNAB0-3XL,SNAB01,Swimsuit - Rose,Swimsuit,BLO03,Finished product,3XL,,APT01,CHA01,ARM02-NIV01,First,✨ Premium (1st Quality),3,18.0,21.0
SLEI0-S,SLEI01,Swimsuit - Rose,Swimsuit,BLO03,Finished product,S,,APT01,CHA01,ARM02-NIV01,First,✨ Premium (1st Quality),5,19.0,24.0
SLEI0-M,SLEI01,Swimsuit - Rose,Swimsuit,BLO03,Finished product,M,,APT01,CHA01,ARM02-NIV01,First,✨ Premium (1st Quality),5,21.0,26.0
SLEI0-L,SLEI01,Swimsuit - Rose,Swimsuit,BLO03,Finished product,L,,APT01,CHA01,ARM02-NIV01,First,✨ Premium (1st Quality),1,23.0,24.0
SLEI0-2XL,SLEI01,Swimsuit - Rose,Swimsuit,BLO03,Finished product,2XL,,APT01,CHA01,ARM02-NIV01,First,✨ Premium (1st Quality),2,5.0,7.0
SLEI0-3XL,SLEI01,Swimsuit - Rose,Swimsuit,BLO03,Finished product,3XL,,APT01,CHA01,ARM02-NIV01,First,✨ Premium (1st Quality),1,5.0,6.0
SIDY0-3XL,SIDY01,Swimsuit - Rose,Swimsuit,BAT03,Finished product,3XL,,APT01,CHA01,ARM02-NIV02,First,✨ Premium (1st Quality),3,3.0,6.0
SINF0-S,SINF01,Swimsuit - Blu,Swimsuit,SWI03,Finished product,S,,APT01,CHA01,ARM02-NIV02,First,✨ Premium (1st Quality),4,13.0,17.0
SINF0-M,SINF01,Swimsuit - Blu,Swimsuit,SWI03,Finished product,M,,APT01,CHA01,ARM02-NIV02,First,✨ Premium (1st Quality),5,6.0,11.0
SLEI0-L,SLEI01,Swimsuit - Teal,Swimsuit,BLO03,Finished product,L,,APT01,CHA01,ARM02-NIV02,First,✨ Premium (1st Quality),5,23.0,28.0
SLEI0-2XL,SLEI01,Swimsuit - Teal,Swimsuit,BLO03,Finished product,2XL,,APT01,CHA01,ARM02-NIV02,First,✨ Premium (1st Quality),1,5.0,6.0
SLEI0-3XL,SLEI01,Swimsuit - Teal,Swimsuit,BLO03,Finished product,3XL,,APT01,CHA01,ARM02-NIV02,First,✨ Premium (1st Quality),2,5.0,7.0
SNAB0-L,SNAB01,Swimsuit - Mustard,Swimsuit,JAR03,Finished product,L,,APT01,CHA01,ARM02-NIV03,First,✨ Premium (1st Quality),8,37.0,45.0
SNAB0-M,SNAB01,Swimsuit - Mustard,Swimsuit,JAR03,Finished product,M,,APT01,CHA01,ARM02-NIV03,First,✨ Premium (1st Quality),4,31.0,35.0
SNAB0-3XL,SNAB01,Swimsuit - Mustard,Swimsuit,JAR03,Finished product,3XL,,APT01,CHA01,ARM02-NIV03,First,✨ Premium (1st Quality),1,18.0,19.0
SMAA0-L,SMAA01,Swimsuit - Noir,Swimsuit,HER03,Finished product,L,,APT01,CHA01,ARM02-NIV03,First,✨ Premium (1st Quality),10,10.0,20.0
DMAR0-L,DMAR01,Dress - Blu,Dress,GYR08,Finished product,L,173.0,APT02,CHB01,2ND-BOX-52,Second,🔄 Repaired/Rework (2nd Quality Sale),1,13.0,14.0
DMAR0-M,DMAR01,Dress - Blu,Dress,GYR08,Finished product,M,173.0,APT02,CHB01,2ND-BOX-52,Second,🔄 Repaired/Rework (2nd Quality Sale),1,13.0,14.0
DMAR0-2XL,DMAR01,Dress - Blu,Dress,GYR08,Finished product,2XL,173.0,APT02,CHB01,2ND-BOX-52,Second,🔄 Repaired/Rework (2nd Quality Sale),1,48.0,49.0
PLEE0-XL,PLEE01,Pants - Gold,Pants,DHA20,Finished product,XL,173.0,APT02,CHB01,2ND-BOX-52,Second,🔄 Repaired/Rework (2nd Quality Sale),1,108.0,109.0
DMAY0-L,DMAY01,Dress - Gold,Dress,FIO08,Finished product,L,173.0,APT02,CHB01,2ND-BOX-52,Second,🔄 Repaired/Rework (2nd Quality Sale),1,62.0,63.0
SINF0-L,SINF01,Swimsuit - Blu,Swimsuit,SWI03,Finished product,L,,APT02,CHB01,2ND-BOX-52,Second,🔄 Repaired/Rework (2nd Quality Sale),1,5.0,6.0
SINF0-M,SINF01,Swimsuit - Blu,Swimsuit,SWI03,Finished product,M,,APT02,CHB01,2ND-BOX-52,Second,🔄 Repaired/Rework (2nd Quality Sale),1,6.0,7.0
SNAB0-S,SNAB01,Swimsuit - Rose,Swimsuit,BLO03,Finished product,S,,APT02,CHB01,2ND-BOX-52,Second,🔄 Repaired/Rework (2nd Quality Sale),1,46.0,47.0
SNAB0-L,SNAB01,Swimsuit - Rose,Swimsuit,BLO03,Finished product,L,,APT02,CHB01,2ND-BOX-52,Second,🔄 Repaired/Rework (2nd Quality Sale),2,37.0,39.0
SAYL0-L,SAYL01,Swimsuit - Noir,Swimsuit,LAV03,Finished product,L,,APT02,CHB01,2ND-BOX-52,Second,🔄 Repaired/Rework (2nd Quality Sale),1,28.0,29.0
SAYL0-M,SAYL01,Swimsuit - Noir,Swimsuit,LAV03,Finished product,M,,APT02,CHB01,2ND-BOX-52,Second,🔄 Repaired/Rework (2nd Quality Sale),1,34.0,35.0
SIDY0-L,SIDY01,Swimsuit - Noir,Swimsuit,ISL03,Finished product,L,,APT02,CHB01,2ND-BOX-52,Second,🔄 Repaired/Rework (2nd Quality Sale),1,13.0,14.0
KSIR0-S,KSIR01,Kimono - Blu,Kimono,BAT08,Finished product,S,,APT02,CHB01,2ND-BOX-51,Second,🔄 Repaired/Rework (2nd Quality Sale),1,8.0,9.0
DMAI0-L,DMAI01,Dress - Gold,Dress,FIO08,Finished product,L,,APT02,CHB01,2ND-BOX-51,Second,🔄 Repaired/Rework (2nd Quality Sale),1,154.0,155.0
DMAI0-S,DMAI01,Dress - Gold,Dress,FIO08,Finished product,S,,APT02,CHB01,2ND-BOX-51,Second,🔄 Repaired/Rework (2nd Quality Sale),1,183.0,184.0
SMAA0-M,SMAA01,Swimsuit - Noir,Swimsuit,HER03,Finished product,M,,APT01,CHA01,ARM02-NIV03,First,✨ Premium (1st Quality),10,10.0,20.0
SMAA0-S,SMAA01,Swimsuit - Noir,Swimsuit,HER03,Finished product,S,,APT01,CHA01,ARM02-NIV03,First,✨ Premium (1st Quality),10,10.0,20.0
SMAA0-XL,SMAA01,Swimsuit - Noir,Swimsuit,HER03,Finished product,XL,,APT01,CHA01,ARM02-NIV03,First,✨ Premium (1st Quality),3,3.0,6.0
SARA0-M,SARA01,Swimsuit - Orange,Swimsuit,BEL03,Finished product,M,,APT01,CHA01,ARM02-NIV04,First,✨ Premium (1st Quality),10,19.0,29.0
SARA0-S,SARA01,Swimsuit - Orange,Swimsuit,BEL03,Finished product,S,,APT01,CHA01,ARM02-NIV04,First,✨ Premium (1st Quality),10,19.0,29.0
SARA0-L,SARA01,Swimsuit - Orange,Swimsuit,BEL03,Finished product,L,,APT01,CHA01,ARM02-NIV04,First,✨ Premium (1st Quality),5,7.0,12.0
SAYL0-S,SAYL01,Swimsuit - Orange,Swimsuit,BEL03,Finished product,S,,APT01,CHA01,ARM02-NIV04,First,✨ Premium (1st Quality),6,26.0,32.0
SAYL0-M,SAYL01,Swimsuit - Orange,Swimsuit,BEL03,Finished product,M,,APT01,CHA01,ARM02-NIV04,First,✨ Premium (1st Quality),2,34.0,36.0
SAYL0-2XL,SAYL01,Swimsuit - Orange,Swimsuit,BEL03,Finished product,2XL,,APT01,CHA01,ARM02-NIV04,First,✨ Premium (1st Quality),4,13.0,17.0
SNAB0-L,SNAB01,Swimsuit - Blue,Swimsuit,KAI03,Finished product,L,,APT01,CHA01,ARM02-NIV04,First,✨ Premium (1st Quality),10,37.0,47.0
SNAB0-M,SNAB01,Swimsuit - Blue,Swimsuit,KAI03,Finished product,M,,APT01,CHA01,ARM02-NIV04,First,✨ Premium (1st Quality),4,31.0,35.0
SNAB0-S,SNAB01,Swimsuit - Blue,Swimsuit,KAI03,Finished product,S,,APT01,CHA01,ARM02-NIV04,First,✨ Premium (1st Quality),16,46.0,62.0
SIDY0-L,SIDY01,Swimsuit - Aqua,Swimsuit,PLA03,Finished product,L,,APT01,CHA01,ARM03-NIV00,First,✨ Premium (1st Quality),9,13.0,22.0
SIDY0-S,SIDY01,Swimsuit - Aqua,Swimsuit,PLA03,Finished product,S,,APT01,CHA01,ARM03-NIV00,First,✨ Premium (1st Quality),2,24.0,26.0
SLEI0-M,SLEI01,Swimsuit - Aqua,Swimsuit,PLA03,Finished product,M,,APT01,CHA01,ARM03-NIV00,First,✨ Premium (1st Quality),4,21.0,25.0
SLEI0-S,SLEI01,Swimsuit - Aqua,Swimsuit,PLA03,Finished product,S,,APT01,CHA01,ARM03-NIV00,First,✨ Premium (1st Quality),2,19.0,21.0
SNAB0-L,SNAB01,Swimsuit - Aqua,Swimsuit,PLA03,Finished product,L,,APT01,CHA01,ARM03-NIV00,First,✨ Premium (1st Quality),6,37.0,43.0
DSAT0-XS,DSAT01,Dress - Noir,Dress,SCR08,Finished product,XS,173.0,APT02,CHB01,FST-BOX-27,First,✨ Premium (1st Quality),3,88.0,91.0
DSAT0-S,DSAT01,Dress - Noir,Dress,SCR08,Finished product,S,173.0,APT02,CHB01,FST-BOX-27,First,✨ Premium (1st Quality),3,153.0,156.0
DSAT0-M,DSAT01,Dress - Noir,Dress,SCR08,Finished product,M,173.0,APT02,CHB01,FST-BOX-27,First,✨ Premium (1st Quality),2,196.0,198.0
DSAT0-L,DSAT01,Dress - Noir,Dress,SCR08,Finished product,L,173.0,APT02,CHB01,FST-BOX-27,First,✨ Premium (1st Quality),1,134.0,135.0
DSAT0-XL,DSAT01,Dress - Noir,Dress,SCR08,Finished product,XL,173.0,APT02,CHB01,FST-BOX-27,First,✨ Premium (1st Quality),4,166.0,170.0
DSAT0-2XL,DSAT01,Dress - Noir,Dress,SCR08,Finished product,2XL,173.0,APT02,CHB01,FST-BOX-27,First,✨ Premium (1st Quality),1,113.0,114.0
DMAI0-XS,DMAI01,Dress - Cream,Dress,SOL14,Finished product,XS,173.0,APT02,CHB01,FST-BOX-28,First,✨ Premium (1st Quality),1,130.0,131.0
DMAI0-S,DMAI01,Dress - Cream,Dress,SOL14,Finished product,S,173.0,APT02,CHB01,FST-BOX-28,First,✨ Premium (1st Quality),12,183.0,195.0
DMAI0-M,DMAI01,Dress - Cream,Dress,SOL14,Finished product,M,173.0,APT02,CHB01,FST-BOX-28,First,✨ Premium (1st Quality),16,225.0,241.0
DMAI0-L,DMAI01,Dress - Cream,Dress,SOL14,Finished product,L,173.0,APT02,CHB01,FST-BOX-28,First,✨ Premium (1st Quality),4,154.0,158.0
DMAI0-XL,DMAI01,Dress - Cream,Dress,SOL14,Finished product,XL,173.0,APT02,CHB01,FST-BOX-28,First,✨ Premium (1st Quality),2,99.0,101.0
DMAI0-2XL,DMAI01,Dress - Cream,Dress,SOL14,Finished product,2XL,173.0,APT02,CHB01,FST-BOX-28,First,✨ Premium (1st Quality),1,63.0,64.0
DMAI0-3XL,DMAI01,Dress - Cream,Dress,SOL14,Finished product,3XL,173.0,APT02,CHB01,FST-BOX-28,First,✨ Premium (1st Quality),1,34.0,35.0
SAYL0-M,SAYL01,Swimsuit - Vert,Swimsuit,BEL03,Finished product,M,,APT01,CHA01,ARM03-NIV02,First,✨ Premium (1st Quality),8,34.0,42.0
SAYL0-L,SAYL01,Swimsuit - Vert,Swimsuit,BEL03,Finished product,L,,APT01,CHA01,ARM03-NIV02,First,✨ Premium (1st Quality),6,28.0,34.0
SAYL0-S,SAYL01,Swimsuit - Vert,Swimsuit,BEL03,Finished product,S,,APT01,CHA01,ARM03-NIV02,First,✨ Premium (1st Quality),9,26.0,35.0
SAYL0-2XL,SAYL01,Swimsuit - Vert,Swimsuit,BEL03,Finished product,2XL,,APT01,CHA01,ARM03-NIV02,First,✨ Premium (1st Quality),4,13.0,17.0
SDIO0-S,SDIO01,Swimsuit - Orange,Swimsuit,ARB03,Finished product,S,,APT01,CHA01,ARM03-NIV02,First,✨ Premium (1st Quality),3,16.0,19.0
SDIO0-3XL,SDIO01,Swimsuit - Orange,Swimsuit,ARB03,Finished product,3XL,,APT01,CHA01,ARM03-NIV02,First,✨ Premium (1st Quality),2,11.0,13.0
SCAY0-L,SCAY01,Swimsuit - Blu,Swimsuit,ARI03,Finished product,L,,APT01,CHA01,ARM03-NIV03,First,✨ Premium (1st Quality),5,5.0,10.0
SCAY0-M,SCAY01,Swimsuit - Blu,Swimsuit,ARI03,Finished product,M,,APT01,CHA01,ARM03-NIV03,First,✨ Premium (1st Quality),3,3.0,6.0
SCAY0-S,SCAY01,Swimsuit - Blu,Swimsuit,ARI03,Finished product,S,,APT01,CHA01,ARM03-NIV03,First,✨ Premium (1st Quality),3,3.0,6.0
SLEI0-L,SLEI01,Swimsuit - Blu,Swimsuit,ARI03,Finished product,L,,APT01,CHA01,ARM03-NIV03,First,✨ Premium (1st Quality),5,23.0,28.0
SLEI0-S,SLEI01,Swimsuit - Blu,Swimsuit,ARI03,Finished product,S,,APT01,CHA01,ARM03-NIV03,First,✨ Premium (1st Quality),4,19.0,23.0
SINF0-S,SINF01,Swimsuit - blue,Swimsuit,SOL03,Finished product,S,,APT01,CHA01,ARM03-NIV03,First,✨ Premium (1st Quality),3,13.0,16.0
SAYL0-S,SAYL01,Swimsuit - Vert,Swimsuit,NAR03,Finished product,S,,APT01,CHA01,ARM03-NIV04,First,✨ Premium (1st Quality),5,26.0,31.0
SAYL0-L,SAYL01,Swimsuit - Vert,Swimsuit,NAR03,Finished product,L,,APT01,CHA01,ARM03-NIV04,First,✨ Premium (1st Quality),7,28.0,35.0
SAYL0-M,SAYL01,Swimsuit - Vert,Swimsuit,NAR03,Finished product,M,,APT01,CHA01,ARM03-NIV04,First,✨ Premium (1st Quality),7,34.0,41.0
SAYL0-2XL,SAYL01,Swimsuit - Vert,Swimsuit,NAR03,Finished product,2XL,,APT01,CHA01,ARM03-NIV04,First,✨ Premium (1st Quality),5,13.0,18.0
SAYL0-XL,SAYL01,Swimsuit - Vert,Swimsuit,NAR03,Finished product,XL,,APT01,CHA01,ARM03-NIV04,First,✨ Premium (1st Quality),4,4.0,8.0
SARA0-M,SARA01,Swimsuit - Vert,Swimsuit,NAR03,Finished product,M,,APT01,CHA01,ARM03-NIV04,First,✨ Premium (1st Quality),9,19.0,28.0
SARA0-S,SARA01,Swimsuit - Vert,Swimsuit,NAR03,Finished product,S,,APT01,CHA01,ARM03-NIV04,First,✨ Premium (1st Quality),9,19.0,28.0
SARA0-L,SARA01,Swimsuit - Vert,Swimsuit,NAR03,Finished product,L,,APT01,CHA01,ARM03-NIV04,First,✨ Premium (1st Quality),2,7.0,9.0
SNIA0-2XL,SNIA01,Swimsuit - Vert,Swimsuit,NAR03,Finished product,2XL,,APT01,CHA01,ARM03-NIV01,First,✨ Premium (1st Quality),5,10.0,15.0
SNIA0-XL,SNIA01,Swimsuit - Vert,Swimsuit,NAR03,Finished product,XL,,APT01,CHA01,ARM03-NIV01,First,✨ Premium (1st Quality),3,5.0,8.0
SNIA0-S,SNIA01,Swimsuit - Vert,Swimsuit,NAR03,Finished product,S,,APT01,CHA01,ARM03-NIV01,First,✨ Premium (1st Quality),5,9.0,14.0
SNIA0-L,SNIA01,Swimsuit - Vert,Swimsuit,NAR03,Finished product,L,,APT01,CHA01,ARM03-NIV01,First,✨ Premium (1st Quality),6,19.0,25.0
SNIA0-M,SNIA01,Swimsuit - Vert,Swimsuit,NAR03,Finished product,M,,APT01,CHA01,ARM03-NIV01,First,✨ Premium (1st Quality),1,12.0,13.0
PLEE0-S,PLEE01,Pants - Gold,Pants,SUT08,Finished product,S,173.0,APT02,CHB01,2ND-BOX-53,Second,🔄 Repaired/Rework (2nd Quality Sale),5,185.0,190.0
PLEE0-M,PLEE01,Pants - Gold,Pants,SUT08,Finished product,M,173.0,APT02,CHB01,2ND-BOX-53,Second,🔄 Repaired/Rework (2nd Quality Sale),2,211.0,213.0
PLEE0-XS,PLEE01,Pants - Gold,Pants,SUT08,Finished product,XS,173.0,APT02,CHB01,2ND-BOX-53,Second,🔄 Repaired/Rework (2nd Quality Sale),2,174.0,176.0
PLEE0-2XL,PLEE01,Pants - Gold,Pants,SUT08,Finished product,2XL,173.0,APT02,CHB01,2ND-BOX-53,Second,🔄 Repaired/Rework (2nd Quality Sale),2,113.0,115.0
PLEE0-L,PLEE01,Pants - Teal,Pants,BLO08,Finished product,L,173.0,APT02,CHB01,2ND-BOX-53,Second,🔄 Repaired/Rework (2nd Quality Sale),3,172.0,175.0
PLEE0-M,PLEE01,Pants - Teal,Pants,BLO08,Finished product,M,173.0,APT02,CHB01,2ND-BOX-53,Second,🔄 Repaired/Rework (2nd Quality Sale),1,211.0,212.0
PLEE0-3XL,PLEE01,Pants - Teal,Pants,BLO08,Finished product,3XL,173.0,APT02,CHB01,2ND-BOX-53,Second,🔄 Repaired/Rework (2nd Quality Sale),1,56.0,57.0
PLEE0-S,PLEE01,Pants - Teal,Pants,BLO08,Finished product,S,173.0,APT02,CHB01,2ND-BOX-53,Second,🔄 Repaired/Rework (2nd Quality Sale),1,185.0,186.0
PLEE0-XS,PLEE01,Pants - Teal,Pants,BLO08,Finished product,XS,173.0,APT02,CHB01,2ND-BOX-53,Second,🔄 Repaired/Rework (2nd Quality Sale),1,174.0,175.0
PLEE0-M,PLEE01,Pants - Cream,Pants,TIL08,Finished product,M,173.0,APT02,CHB01,2ND-BOX-53,Second,🔄 Repaired/Rework (2nd Quality Sale),2,211.0,213.0
PLEE0-S,PLEE01,Pants - Cream,Pants,TIL08,Finished product,S,173.0,APT02,CHB01,2ND-BOX-53,Second,🔄 Repaired/Rework (2nd Quality Sale),1,185.0,186.0
PLEE0-XS,PLEE01,Pants - Cream,Pants,TIL08,Finished product,XS,173.0,APT02,CHB01,2ND-BOX-53,Second,🔄 Repaired/Rework (2nd Quality Sale),1,174.0,175.0
PLEE0-2XL,PLEE01,Pants - Noir,Pants,HER08,Finished product,2XL,173.0,APT02,CHB01,2ND-BOX-53,Second,🔄 Repaired/Rework (2nd Quality Sale),2,113.0,115.0
PLEE0-L,PLEE01,Pants - Vert,Pants,SAL08,Finished product,L,173.0,APT02,CHB01,2ND-BOX-53,Second,🔄 Repaired/Rework (2nd Quality Sale),1,172.0,173.0
PLEE0-XS,PLEE01,Pants - Vert,Pants,SAL08,Finished product,XS,173.0,APT02,CHB01,2ND-BOX-53,Second,🔄 Repaired/Rework (2nd Quality Sale),1,174.0,175.0
PLEE0-XL,PLEE01,pants - Noir,Pants,SOL14,Finished product,XL,173.0,APT02,CHB01,2ND-BOX-53,Second,🔄 Repaired/Rework (2nd Quality Sale),1,108.0,109.0
PLEE0-XS,PLEE01,pants - Noir,Pants,SOL14,Finished product,XS,173.0,APT02,CHB01,2ND-BOX-53,Second,🔄 Repaired/Rework (2nd Quality Sale),1,174.0,175.0
TZAN0-L,TZAN01,top - Cream,Top,TIL08,Finished product,L,173.0,APT02,CHB01,2ND-BOX-52,Second,🔄 Repaired/Rework (2nd Quality Sale),1,16.0,17.0
TZAN0-S,TZAN01,top - Blu,Top,LAV08,Finished product,S,173.0,APT02,CHB01,2ND-BOX-52,Second,🔄 Repaired/Rework (2nd Quality Sale),1,13.0,14.0
DSAT0-S,DSAT01,Dress - Noir,Dress,LAV08,Finished product,S,173.0,APT02,CHB01,2ND-BOX-52,Second,🔄 Repaired/Rework (2nd Quality Sale),1,153.0,154.0
PLEE0-XS,PLEE01,Pants - Rust,Pants,SUT08,Finished product,XS,173.0,APT02,CHB01,2ND-BOX-53,Second,🔄 Repaired/Rework (2nd Quality Sale),1,174.0,175.0
KMIN0-ML,KMIN01,Kimono - Noir,Kimono,HER08,Finished product,ML,173.0,APT02,CHB01,2ND-BOX-52,Second,🔄 Repaired/Rework (2nd Quality Sale),1,26.0,27.0
KMIN0-2XL,KMIN01,Kimono - Noir,Kimono,HER08,Finished product,2XL,173.0,APT02,CHB01,2ND-BOX-52,Second,🔄 Repaired/Rework (2nd Quality Sale),1,53.0,54.0
JUMY0-XS,JUMY01,Jumpsuit - Noir,Jumpsuit,TUK08,Finished product,XS,173.0,APT02,CHB01,2ND-BOX-53,Second,🔄 Repaired/Rework (2nd Quality Sale),5,52.0,57.0
JUMY0-2XL,JUMY01,Jumpsuit - Noir,Jumpsuit,TUK08,Finished product,2XL,173.0,APT02,CHB01,2ND-BOX-53,Second,🔄 Repaired/Rework (2nd Quality Sale),1,38.0,39.0
DMAY0-XS-C,DMAY01,Dress - Blanc,Dress,SOL14,Finished product,XS,183.0,APT02,CHB01,2ND-BOX-53,Second,🔄 Repaired/Rework (2nd Quality Sale),1,3.0,4.0
DSAT0-2XL,DSAT01,Dress - Navy,Dress,SOL14,Finished product,2XL,173.0,APT02,CHB01,2ND-BOX-53,Second,🔄 Repaired/Rework (2nd Quality Sale),1,113.0,114.0
KAWA0-XS,KAWA01,Kimono - Mustard,Kimono,JAR08,Finished product,XS,173.0,APT02,CHB01,2ND-BOX-53,Second,🔄 Repaired/Rework (2nd Quality Sale),1,1.0,2.0
KAWA0-L,KAWA01,Kimono - White,Kimono,ZEN08,Finished product,L,173.0,APT02,CHB01,2ND-BOX-53,Second,🔄 Repaired/Rework (2nd Quality Sale),1,9.0,10.0
DMAI0-S,DMAI01,Dress - White,Dress,ZEN08,Finished product,S,173.0,APT02,CHB01,2ND-BOX-53,Second,🔄 Repaired/Rework (2nd Quality Sale),1,183.0,184.0
DLAL0-XL,DLAL01,Dress - Gold,Dress,SUT08,Finished product,XL,173.0,APT02,CHB01,2ND-BOX-53,Second,🔄 Repaired/Rework (2nd Quality Sale),1,51.0,52.0
DMAD0-XL,DMAD01,Dress - Rust,Dress,SCR12,Finished product,XL,173.0,APT02,CHB01,2ND-BOX-53,Second,🔄 Repaired/Rework (2nd Quality Sale),1,1.0,2.0
XMOU0-S,XMOU01,Headwrap - Teal,Headwrap,BLO08,Finished product,S,,APT02,CHB01,2ND-BOX-53,Second,🔄 Repaired/Rework (2nd Quality Sale),1,28.0,29.0
XMOU0-S,XMOU01,Headwrap - Gold,Headwrap,SUT08,Finished product,S,,APT02,CHB01,2ND-BOX-53,Second,🔄 Repaired/Rework (2nd Quality Sale),2,28.0,30.0
XMOU0-S,XMOU01,Headwrap - Blanc,Headwrap,ARP08,Finished product,S,,APT02,CHB01,2ND-BOX-53,Second,🔄 Repaired/Rework (2nd Quality Sale),3,28.0,31.0
XMOU0-S,XMOU01,Headwrap - Rose,Headwrap,BLO08,Finished product,S,,APT02,CHB01,2ND-BOX-53,Second,🔄 Repaired/Rework (2nd Quality Sale),1,28.0,29.0
XMOU0-S,XMOU01,Headwrap - Noir,Headwrap,SCR08,Finished product,S,,APT02,CHB01,2ND-BOX-53,Second,🔄 Repaired/Rework (2nd Quality Sale),1,28.0,29.0
XMOU0-S,XMOU01,Headwrap - Noir,Headwrap,IMA08,Finished product,S,,APT02,CHB01,2ND-BOX-53,Second,🔄 Repaired/Rework (2nd Quality Sale),1,28.0,29.0
XMOU0-S,XMOU01,Headwrap - Blu,Headwrap,SUT08,Finished product,S,,APT02,CHB01,2ND-BOX-53,Second,🔄 Repaired/Rework (2nd Quality Sale),1,28.0,29.0
XMOU0-S,XMOU01,Headwrap - Red,Headwrap,ZAR08,Finished product,S,,APT02,CHB01,2ND-BOX-53,Second,🔄 Repaired/Rework (2nd Quality Sale),1,28.0,29.0
XMOU0-S,XMOU01,Headwrap - Noir,Headwrap,ISL08,Finished product,S,,APT02,CHB01,2ND-BOX-53,Second,🔄 Repaired/Rework (2nd Quality Sale),2,28.0,30.0
XMOU0-S,XMOU01,Headwrap - Mustard,Headwrap,JAR08,Finished product,S,,APT02,CHB01,2ND-BOX-53,Second,🔄 Repaired/Rework (2nd Quality Sale),2,28.0,30.0
XMOU0-S,XMOU01,Headwrap - Blu,Headwrap,ARI08,Finished product,S,,APT02,CHB01,2ND-BOX-53,Second,🔄 Repaired/Rework (2nd Quality Sale),1,28.0,29.0
XMOU0-S,XMOU01,Headwrap - Vert,Headwrap,SAL08,Finished product,S,,APT02,CHB01,2ND-BOX-53,Second,🔄 Repaired/Rework (2nd Quality Sale),1,28.0,29.0
XMOU0-S,XMOU01,Headwrap - Noir,Headwrap,TUK08,Finished product,S,,APT02,CHB01,2ND-BOX-53,Second,🔄 Repaired/Rework (2nd Quality Sale),1,28.0,29.0
XMOU0-S,XMOU01,Headwrap - Orange,Headwrap,PAL08,Finished product,S,,APT02,CHB01,2ND-BOX-53,Second,🔄 Repaired/Rework (2nd Quality Sale),1,28.0,29.0
XMOU0-S,XMOU01,Headwrap - Olive,Headwrap,AYE29,Finished product,S,,APT02,CHB01,2ND-BOX-53,Second,🔄 Repaired/Rework (2nd Quality Sale),1,28.0,29.0
XMOU0-S,XMOU01,Headwrap - Rose,Headwrap,ABS08,Finished product,S,,APT02,CHB01,2ND-BOX-53,Second,🔄 Repaired/Rework (2nd Quality Sale),1,28.0,29.0
XMOU0-S,XMOU01,Headwrap - Rust,Headwrap,DHA20,Finished product,S,,APT02,CHB01,2ND-BOX-53,Second,🔄 Repaired/Rework (2nd Quality Sale),1,28.0,29.0
DSAT0-M,DSAT01,Dress - Blu,Dress,SUT08,Finished product,M,173.0,APT02,CHB01,2ND-BOX-54,Second,🔄 Repaired/Rework (2nd Quality Sale),1,196.0,197.0
DSAT0-S-C,DSAT01,Dress - Noir,Dress,LAV08,Finished product,S,158.0,APT02,CHB01,2ND-BOX-52,Second,🔄 Repaired/Rework (2nd Quality Sale),1,1.0,2.0
JKAI0-S,JKAI01,Jumpsuit - Rose,Jumpsuit,ATO08,Finished product,S,173.0,APT02,CHB01,2ND-BOX-54,Second,🔄 Repaired/Rework (2nd Quality Sale),1,1.0,2.0
DSAT0-M-C,DSAT01,Dress - Rose,Dress,ATO08,Finished product,M,176.0,APT02,CHB01,2ND-BOX-54,Second,🔄 Repaired/Rework (2nd Quality Sale),1,4.0,5.0
DSAT0-XS,DSAT01,Dress - Blu,Dress,COS08,Finished product,XS,173.0,APT02,CHB01,2ND-BOX-54,Second,🔄 Repaired/Rework (2nd Quality Sale),2,88.0,90.0
DSAT0-M-C,DSAT01,Dress - Vert,Dress,SAL08,Finished product,M,158.0,APT02,CHB01,2ND-BOX-54,Second,🔄 Repaired/Rework (2nd Quality Sale),1,4.0,5.0
PLEE1-3XL,PLEE11,Pants - Black,Pants,LIN08,Finished product,3XL,173.0,APT02,CHB01,2ND-BOX-54,Second,🔄 Repaired/Rework (2nd Quality Sale),1,2.0,3.0
DSAT0-3XL,DSAT01,Dress - Orange,Dress,PAL08,Finished product,3XL,173.0,APT02,CHB01,2ND-BOX-54,Second,🔄 Repaired/Rework (2nd Quality Sale),1,61.0,62.0
DSAT0-S,DSAT01,Dress - Vert,Dress,SAL08,Finished product,S,173.0,APT02,CHB01,2ND-BOX-54,Second,🔄 Repaired/Rework (2nd Quality Sale),1,153.0,154.0
DMAI0-XS,DMAI01,Dress - Gold,Dress,FIO08,Finished product,XS,173.0,APT02,CHB01,2ND-BOX-54,Second,🔄 Repaired/Rework (2nd Quality Sale),1,130.0,131.0
DMAI0-XL,DMAI01,Dress - Gold,Dress,FIO08,Finished product,XL,173.0,APT02,CHB01,2ND-BOX-54,Second,🔄 Repaired/Rework (2nd Quality Sale),1,99.0,100.0
DMAI0-2XL,DMAI01,Dress - Mustard,Dress,JAR08,Finished product,2XL,173.0,APT02,CHB01,2ND-BOX-54,Second,🔄 Repaired/Rework (2nd Quality Sale),2,63.0,65.0
DMAI0-2XL,DMAI01,Dress - Gold,Dress,SUT08,Finished product,2XL,173.0,APT02,CHB01,2ND-BOX-54,Second,🔄 Repaired/Rework (2nd Quality Sale),1,63.0,64.0
DMAI0-,DMAI01,Dress - Mustard,Dress,SOL14,Finished product,,173.0,APT02,CHB01,2ND-BOX-54,Second,🔄 Repaired/Rework (2nd Quality Sale),1,1.0,2.0
DMAI0-S,DMAI01,Dress - Olive,Dress,AYE29,Finished product,S,173.0,APT02,CHB01,2ND-BOX-54,Second,🔄 Repaired/Rework (2nd Quality Sale),1,183.0,184.0
DDAL0-2XL,DDAL01,Dress - Orange,Dress,BAL22,Finished product,2XL,173.0,APT02,CHB01,2ND-BOX-54,Second,🔄 Repaired/Rework (2nd Quality Sale),1,2.0,3.0
DNAI0-M,DNAI01,Dress - Noir,Dress,LAV08,Finished product,M,173.0,APT02,CHB01,2ND-BOX-54,Second,🔄 Repaired/Rework (2nd Quality Sale),1,21.0,22.0
TSAH1-L,TSAH11,Top - Teal,Top,BAO08,Finished product,L,173.0,APT02,CHB01,2ND-BOX-54,Second,🔄 Repaired/Rework (2nd Quality Sale),1,2.0,3.0
TNAK0-XS,TNAK01,Top - Cream,Top,SOL14,Finished product,XS,173.0,APT02,CHB01,2ND-BOX-54,Second,🔄 Repaired/Rework (2nd Quality Sale),1,2.0,3.0
DLAL0-XS,DLAL01,Dress - Gold,Dress,SUT08,Finished product,XS,173.0,APT02,CHB01,2ND-BOX-54,Second,🔄 Repaired/Rework (2nd Quality Sale),1,50.0,51.0
PLEE0-3XL,PLEE01,Pants - Gold,Pants,SUT08,Finished product,3XL,173.0,APT02,CHB01,2ND-BOX-54,Second,🔄 Repaired/Rework (2nd Quality Sale),1,56.0,57.0
PLEE0-XL,PLEE01,Pants - Noir,Pants,SOL14,Finished product,XL,173.0,APT02,CHB01,2ND-BOX-54,Second,🔄 Repaired/Rework (2nd Quality Sale),1,108.0,109.0
TLEN0-2XL,TLEN01,Top - Rust,Top,SOL14,Finished product,2XL,173.0,APT02,CHB01,2ND-BOX-54,Second,🔄 Repaired/Rework (2nd Quality Sale),1,5.0,6.0
PLEE0-XL,PLEE01,Pants - Rust,Pants,SOL14,Finished product,XL,173.0,APT02,CHB01,2ND-BOX-54,Second,🔄 Repaired/Rework (2nd Quality Sale),1,108.0,109.0
PLEE0-XS,PLEE01,Pants - Cream,Pants,SOL14,Finished product,XS,173.0,APT02,CHB01,2ND-BOX-54,Second,🔄 Repaired/Rework (2nd Quality Sale),1,174.0,175.0
PLEE0-S,PLEE01,Pants - Gold,Pants,DHA20,Finished product,S,173.0,APT02,CHB01,2ND-BOX-54,Second,🔄 Repaired/Rework (2nd Quality Sale),1,185.0,186.0
TWAI0-3XL,TWAI01,Top - Blanc,Top,SOL16,Finished product,3XL,173.0,APT02,CHB01,2ND-BOX-54,Second,🔄 Repaired/Rework (2nd Quality Sale),1,3.0,4.0
DSAT0-L,DSAT01,Dress - Vert,Dress,SAL08,Finished product,L,173.0,APT02,CHB01,2ND-BOX-54,Second,🔄 Repaired/Rework (2nd Quality Sale),1,134.0,135.0
DDAL0-S,DDAL01,Dress - Vert,Dress,ZEE24,Finished product,S,173.0,APT02,CHB01,2ND-BOX-54,Second,🔄 Repaired/Rework (2nd Quality Sale),1,3.0,4.0
DNAI0-XL,DNAI01,Dress - Mustard,Dress,ZEE24,Finished product,XL,173.0,APT02,CHB01,2ND-BOX-54,Second,🔄 Repaired/Rework (2nd Quality Sale),1,14.0,15.0
TFAT0-2XL,TFAT01,Top - Black,Top,LIN08,Finished product,2XL,173.0,APT02,CHB01,2ND-BOX-54,Second,🔄 Repaired/Rework (2nd Quality Sale),1,5.0,6.0
PJAN0-S,PJAN01,Pants - Noir,Pants,ISL08,Finished product,S,173.0,APT02,CHB01,2ND-BOX-54,Second,🔄 Repaired/Rework (2nd Quality Sale),1,7.0,8.0
PJAN0-XS,PJAN01,Pants - Vert,Pants,PAL08,Finished product,XS,173.0,APT02,CHB01,2ND-BOX-54,Second,🔄 Repaired/Rework (2nd Quality Sale),1,5.0,6.0
PJAN0-M,PJAN01,Pants - Blu,Pants,FRO08,Finished product,M,173.0,APT02,CHB01,2ND-BOX-54,Second,🔄 Repaired/Rework (2nd Quality Sale),1,7.0,8.0
TRIT0-XS,TRIT01,Top - Noir,Top,ALI08,Finished product,XS,173.0,APT02,CHB01,2ND-BOX-54,Second,🔄 Repaired/Rework (2nd Quality Sale),1,1.0,2.0
DMAI0-S,DMAI01,Dress - Navy,Dress,SOL14,Finished product,S,173.0,APT02,CHB01,FST-BOX-29,First,✨ Premium (1st Quality),8,183.0,191.0
DMAI0-M,DMAI01,Dress - Navy,Dress,SOL14,Finished product,M,173.0,APT02,CHB01,FST-BOX-29,First,✨ Premium (1st Quality),14,225.0,239.0
DMAI0-L,DMAI01,Dress - Navy,Dress,SOL14,Finished product,L,173.0,APT02,CHB01,FST-BOX-29,First,✨ Premium (1st Quality),5,154.0,159.0
DMAI0-2XL,DMAI01,Dress - Navy,Dress,SOL14,Finished product,2XL,173.0,APT02,CHB01,FST-BOX-29,First,✨ Premium (1st Quality),1,63.0,64.0
DMAI0-3XL,DMAI01,Dress - Navy,Dress,SOL14,Finished product,3XL,173.0,APT02,CHB01,FST-BOX-29,First,✨ Premium (1st Quality),1,34.0,35.0
DMAI0-XS,DMAI01,Dress - Rust,Dress,SOL14,Finished product,XS,173.0,APT02,CHB01,FST-BOX-30,First,✨ Premium (1st Quality),2,130.0,132.0
DMAI0-S,DMAI01,Dress - Rust,Dress,SOL14,Finished product,S,173.0,APT02,CHB01,FST-BOX-30,First,✨ Premium (1st Quality),8,183.0,191.0
DMAI0-M,DMAI01,Dress - Rust,Dress,SOL14,Finished product,M,173.0,APT02,CHB01,FST-BOX-30,First,✨ Premium (1st Quality),14,225.0,239.0
DMAI0-L,DMAI01,Dress - Rust,Dress,SOL14,Finished product,L,173.0,APT02,CHB01,FST-BOX-30,First,✨ Premium (1st Quality),4,154.0,158.0
DMAI0-XL,DMAI01,Dress - Rust,Dress,SOL14,Finished product,XL,173.0,APT02,CHB01,FST-BOX-30,First,✨ Premium (1st Quality),1,99.0,100.0
DMAI0-2XL,DMAI01,Dress - Rust,Dress,SOL14,Finished product,2XL,173.0,APT02,CHB01,FST-BOX-30,First,✨ Premium (1st Quality),1,63.0,64.0
DMAI0-3XL,DMAI01,Dress - Rust,Dress,SOL14,Finished product,3XL,173.0,APT02,CHB01,FST-BOX-30,First,✨ Premium (1st Quality),1,34.0,35.0
DTUB0-S-C,DTUB01,Dress - Blu,Dress,SKY08,Finished product,S,165.0,APT02,CHB01,FST-BOX-23,First,✨ Premium (1st Quality),1,3.0,4.0
DMAI0-XS,DMAI01,Dress - Mustard,Dress,SOL14,Finished product,XS,173.0,APT02,CHB01,FST-BOX-30,First,✨ Premium (1st Quality),1,130.0,131.0
DMAI0-S,DMAI01,Dress - Mustard,Dress,SOL14,Finished product,S,173.0,APT02,CHB01,FST-BOX-30,First,✨ Premium (1st Quality),12,183.0,195.0
DMAI0-M,DMAI01,Dress - Mustard,Dress,SOL14,Finished product,M,173.0,APT02,CHB01,FST-BOX-30,First,✨ Premium (1st Quality),14,225.0,239.0
DMAI0-L,DMAI01,Dress - Mustard,Dress,SOL14,Finished product,L,173.0,APT02,CHB01,FST-BOX-28,First,✨ Premium (1st Quality),5,154.0,159.0
DMAI0-XL,DMAI01,Dress - Mustard,Dress,SOL14,Finished product,XL,173.0,APT02,CHB01,FST-BOX-28,First,✨ Premium (1st Quality),2,99.0,101.0
DMAI0-2XL,DMAI01,Dress - Mustard,Dress,SOL14,Finished product,2XL,173.0,APT02,CHB01,FST-BOX-28,First,✨ Premium (1st Quality),1,63.0,64.0
DMAI0-3XL,DMAI01,Dress - Mustard,Dress,SOL14,Finished product,3XL,173.0,APT02,CHB01,FST-BOX-28,First,✨ Premium (1st Quality),1,34.0,35.0
DMAR0-S,DMAR01,Dress - Blue,Dress,GYR08,Finished product,S,173.0,APT02,CHB01,2ND-BOX-30,Second,🔄 Repaired/Rework (2nd Quality Sale),1,7.0,8.0
DMAY0-2XL-C,DMAY01,Dress - Gold,Dress,FIO08,Finished product,2XL,160.0,APT02,CHB01,2ND-BOX-40,Second,🔄 Repaired/Rework (2nd Quality Sale),1,26.0,27.0
DMAY0-2XL-C,DMAY01,Dress - Gold,Dress,FIO08,Finished product,2XL,165.0,APT02,CHB01,2ND-BOX-12,Second,🔄 Repaired/Rework (2nd Quality Sale),20,26.0,46.0
XMOU0-S,XMOU01,Headwrap - Blu,Headwrap,COS08,Finished product,S,173.0,APT02,CHB01,2ND-BOX-46,Second,🔄 Repaired/Rework (2nd Quality Sale),1,28.0,29.0
KSIR0-XS,KSIR01,Kimono - Aqua,Kimono,PLA12,Finished product,XS,173.0,APT02,CHB01,2ND-BOX-46,Second,🔄 Repaired/Rework (2nd Quality Sale),1,5.0,6.0
DMED0-XL,DMED01,Dress - Rust,Dress,SCR12,Finished product,XL,173.0,APT02,CHB01,2ND-BOX-53,Second,🔄 Repaired/Rework (2nd Quality Sale),1,2.0,3.0
OWRA1-OS,OWRA11,Cape - Blue,Cape,SOL17,Finished product,OS,173.0,APT02,CHB01,FST-BOX-12,First,✨ Premium (1st Quality),1,223.0,224.0
OWRA1-OS,OWRA11,Cape - Blue,Cape,SOL17,Finished product,OS,173.0,APT02,CHB01,FST-BOX-8,First,✨ Premium (1st Quality),2,223.0,225.0
OAMY1-OS,OAMY11,Poncho - Teal,Poncho,BAO08,Finished product,OS,173.0,APT02,CHB01,FST-BOX-21,First,✨ Premium (1st Quality),1,124.0,125.0
OWRA1-OS,OWRA11,Cape - Blue,Cape,SOL17,Finished product,OS,173.0,APT02,CHB01,FST-BOX-21,First,✨ Premium (1st Quality),1,223.0,224.0
DSAT0-XL,DSAT01,Dress - Navy,Dress,SOL14,Finished product,XL,173.0,APT02,CHB01,FST-BOX-20,First,✨ Premium (1st Quality),10,166.0,176.0
DSAT0-3XL,DSAT01,Dress - Navy,Dress,SOL14,Finished product,3XL,173.0,APT02,CHB01,FST-BOX-20,First,✨ Premium (1st Quality),2,61.0,63.0
DSAT0-M,DSAT01,Dress - Navy,Dress,SOL14,Finished product,M,173.0,APT02,CHB01,FST-BOX-20,First,✨ Premium (1st Quality),1,196.0,197.0
KMIN0-3XL,KMIN01,Kimono - Cream,Kimono,TIL08,Finished product,3XL,173.0,APT02,CHB01,2ND-BOX-36,Second,🔄 Repaired/Rework (2nd Quality Sale),6,26.0,32.0
DMAI0-2XL,DMAI01,Dress - White,Dress,ZEN08,Finished product,2XL,173.0,APT02,CHB01,2ND-BOX-44,Second,🔄 Repaired/Rework (2nd Quality Sale),3,63.0,66.0
DMAI0-S,DMAI01,Dress - White,Dress,ZEN08,Finished product,S,173.0,APT02,CHB01,2ND-BOX-44,Second,🔄 Repaired/Rework (2nd Quality Sale),1,183.0,184.0
DMAI0-XL,DMAI01,Dress - White,Dress,ZEN08,Finished product,XL,173.0,APT02,CHB01,2ND-BOX-44,Second,🔄 Repaired/Rework (2nd Quality Sale),1,99.0,100.0
DMAI0-3XL,DMAI01,Dress - White,Dress,ZEN08,Finished product,3XL,173.0,APT02,CHB01,2ND-BOX-44,Second,🔄 Repaired/Rework (2nd Quality Sale),2,34.0,36.0
DLAL0-L,DLAL01,Dress - Gold,Dress,SUT08,Finished product,L,173.0,APT02,CHB01,2ND-BOX-30,Second,🔄 Repaired/Rework (2nd Quality Sale),20,76.0,96.0
DMAY0-XL,DMAY01,Dress - Gold,Dress,FIO08,Finished product,XL,173.0,APT02,CHB01,2ND-BOX-43,Second,🔄 Repaired/Rework (2nd Quality Sale),21,91.0,112.0
DMAY0-L,DMAY01,Dress - Gold,Dress,FIO08,Finished product,L,173.0,APT02,CHB01,2ND-BOX-47,Second,🔄 Repaired/Rework (2nd Quality Sale),15,62.0,77.0
DMAY0-M,DMAY01,Dress - Gold,Dress,FIO08,Finished product,M,173.0,APT02,CHB01,2ND-BOX-47,Second,🔄 Repaired/Rework (2nd Quality Sale),10,39.0,49.0
DMAY0-2XL,DMAY01,Dress - Gold,Dress,TEX08,Finished product,2XL,173.0,APT02,CHB01,2ND-BOX-47,Second,🔄 Repaired/Rework (2nd Quality Sale),9,65.0,74.0
DMAI0-3XL,DMAI01,Dress - Gold,Dress,SUT08,Finished product,3XL,173.0,APT02,CHB01,2ND-BOX-33,Second,🔄 Repaired/Rework (2nd Quality Sale),1,34.0,35.0
DMAI0-2XL,DMAI01,Dress - Gold,Dress,SUT08,Finished product,2XL,173.0,APT02,CHB01,2ND-BOX-33,Second,🔄 Repaired/Rework (2nd Quality Sale),1,63.0,64.0
DMAI0-S,DMAI01,Dress - Gold,Dress,SUT08,Finished product,S,173.0,APT02,CHB01,2ND-BOX-33,Second,🔄 Repaired/Rework (2nd Quality Sale),1,183.0,184.0
DMAI0-M,DMAI01,Dress - Gold,Dress,SUT08,Finished product,M,173.0,APT02,CHB01,2ND-BOX-33,Second,🔄 Repaired/Rework (2nd Quality Sale),1,225.0,226.0
DMAI0-XL,DMAI01,Dress - Gold,Dress,SUT08,Finished product,XL,173.0,APT02,CHB01,2ND-BOX-33,Second,🔄 Repaired/Rework (2nd Quality Sale),1,99.0,100.0
DFAN0-S,DFAN01,Dress - Cream,Dress,TIL08,Finished product,S,173.0,APT02,CHB01,2ND-BOX-53,Second,🔄 Repaired/Rework (2nd Quality Sale),6,28.0,34.0
DFAN0-L,DFAN01,Dress - Cream,Dress,TIL08,Finished product,L,173.0,APT02,CHB01,2ND-BOX-53,Second,🔄 Repaired/Rework (2nd Quality Sale),1,40.0,41.0
DMAY0-XS,DMAY01,Dress - Gold,Dress,TEX08,Finished product,XS,173.0,APT02,CHB01,2ND-BOX-3,Second,🔄 Repaired/Rework (2nd Quality Sale),7,41.0,48.0
DMAY0-XL,DMAY01,Dress - Gold,Dress,TEX08,Finished product,XL,173.0,APT02,CHB01,2ND-BOX-3,Second,🔄 Repaired/Rework (2nd Quality Sale),1,91.0,92.0
DMAY0-S,DMAY01,Dress - Gold,Dress,TEX08,Finished product,S,173.0,APT02,CHB01,2ND-BOX-3,Second,🔄 Repaired/Rework (2nd Quality Sale),2,22.0,24.0
DMAY0-3XL,DMAY01,Dress - Gold,Dress,TEX08,Finished product,3XL,173.0,APT02,CHB01,2ND-BOX-3,Second,🔄 Repaired/Rework (2nd Quality Sale),2,18.0,20.0
DMAY0-L,DMAY01,Dress - Gold,Dress,TEX08,Finished product,L,173.0,APT02,CHB01,2ND-BOX-3,Second,🔄 Repaired/Rework (2nd Quality Sale),2,62.0,64.0
TSAH1-XL,TSAH11,Top - Teal,Top,BAO08,Finished product,XL,173.0,APT02,CHB01,2ND-BOX-14,Second,🔄 Repaired/Rework (2nd Quality Sale),7,21.0,28.0
TEVA0-S,TEVA01,Top - Gold,Top,TEX08,Finished product,S,173.0,APT02,CHB01,2ND-BOX-14,Second,🔄 Repaired/Rework (2nd Quality Sale),4,18.0,22.0
DFAN0-XS,DFAN01,Dress - Cream,Dress,TIL08,Finished product,XS,173.0,APT02,CHB01,2ND-BOX-53,Second,🔄 Repaired/Rework (2nd Quality Sale),5,17.0,22.0
DFAN0-XL,DFAN01,Dress - Cream,Dress,TIL08,Finished product,XL,173.0,APT02,CHB01,2ND-BOX-53,Second,🔄 Repaired/Rework (2nd Quality Sale),9,31.0,40.0
TZAN0-2XL,TZAN01,Top - Cream,Top,TIL08,Finished product,2XL,173.0,APT02,CHB01,2ND-BOX-39,Second,🔄 Repaired/Rework (2nd Quality Sale),3,9.0,12.0
DSAT0-M,DSAT01,Dress - Teal,Dress,BLO08,Finished product,M,173.0,APT02,CHB01,2ND-BOX-11,Second,🔄 Repaired/Rework (2nd Quality Sale),1,196.0,197.0
PJAN0-XS,PJAN01,Pants - Navy,Pants,ULA08,Finished product,XS,173.0,APT02,CHB01,FST-BOX-25,First,✨ Premium (1st Quality),1,5.0,6.0
PLEE0-M,PLEE01,Pants - Ivory,Pants,LUZ08,Finished product,M,173.0,APT02,CHB01,FST-BOX-25,First,✨ Premium (1st Quality),10,211.0,221.0
PLEE0-L,PLEE01,Pants - Ivory,Pants,LUZ08,Finished product,L,173.0,APT02,CHB01,FST-BOX-25,First,✨ Premium (1st Quality),6,172.0,178.0
PLEE1-2XL,PLEE11,Pants - Black,Pants,LIN08,Finished product,2XL,173.0,APT02,CHB01,2ND-BOX-16,Second,🔄 Repaired/Rework (2nd Quality Sale),2,2.0,4.0
PLEE0-XS,PLEE01,Pants - Ivory,Pants,LUZ08,Finished product,XS,173.0,APT02,CHB01,FST-BOX-20,First,✨ Premium (1st Quality),3,174.0,177.0
PLEE0-S,PLEE01,Pants - Ivory,Pants,LUZ08,Finished product,S,173.0,APT02,CHB01,FST-BOX-20,First,✨ Premium (1st Quality),8,185.0,193.0
DFAR0-XS,DFAR01,Dress - Blu,Dress,COS08,Finished product,XS,173.0,APT02,CHB01,FST-BOX-20,First,✨ Premium (1st Quality),4,14.0,18.0
DFAR0-S,DFAR01,Dress - Blu,Dress,COS08,Finished product,S,173.0,APT02,CHB01,FST-BOX-20,First,✨ Premium (1st Quality),4,14.0,18.0
DFAR0-M,DFAR01,Dress - Blu,Dress,COS08,Finished product,M,173.0,APT02,CHB01,FST-BOX-20,First,✨ Premium (1st Quality),4,17.0,21.0
DFAR0-L,DFAR01,Dress - Blu,Dress,COS08,Finished product,L,173.0,APT02,CHB01,FST-BOX-20,First,✨ Premium (1st Quality),4,14.0,18.0
DFAR0-XL,DFAR01,Dress - Blu,Dress,COS08,Finished product,XL,173.0,APT02,CHB01,FST-BOX-20,First,✨ Premium (1st Quality),2,6.0,8.0
KBOU0-OS,KBOU01,Kimono - Teal,Kimono,BAO08,Finished product,OS,173.0,APT02,CHB01,FST-BOX-26,First,✨ Premium (1st Quality),33,42.0,75.0
DFAR0-XS,DFAR01,Dress - Vert,Dress,PAL08,Finished product,XS,173.0,APT02,CHB01,FST-BOX-20,First,✨ Premium (1st Quality),4,14.0,18.0
DFAR0-S,DFAR01,Dress - Vert,Dress,PAL08,Finished product,S,173.0,APT02,CHB01,FST-BOX-20,First,✨ Premium (1st Quality),4,14.0,18.0
DFAR0-M,DFAR01,Dress - Vert,Dress,PAL08,Finished product,M,173.0,APT02,CHB01,FST-BOX-20,First,✨ Premium (1st Quality),3,17.0,20.0
DFAR0-L,DFAR01,Dress - Vert,Dress,PAL08,Finished product,L,173.0,APT02,CHB01,FST-BOX-20,First,✨ Premium (1st Quality),3,14.0,17.0
DFAR0-XL,DFAR01,Dress - Vert,Dress,PAL08,Finished product,XL,173.0,APT02,CHB01,FST-BOX-20,First,✨ Premium (1st Quality),2,6.0,8.0
DFAR0-XS,DFAR01,Dress - Blu,Dress,RAY08,Finished product,XS,173.0,APT02,CHB01,FST-BOX-20,First,✨ Premium (1st Quality),4,14.0,18.0
DFAR0-S,DFAR01,Dress - Blu,Dress,RAY08,Finished product,S,173.0,APT02,CHB01,FST-BOX-20,First,✨ Premium (1st Quality),4,14.0,18.0
DFAR0-M,DFAR01,Dress - Blu,Dress,RAY08,Finished product,M,173.0,APT02,CHB01,FST-BOX-20,First,✨ Premium (1st Quality),4,17.0,21.0
DFAR0-XL,DFAR01,Dress - Blu,Dress,RAY08,Finished product,XL,173.0,APT02,CHB01,FST-BOX-20,First,✨ Premium (1st Quality),2,6.0,8.0
DAMA0-S,DAMA01,Dress - Noir,Dress,ISL08,Finished product,S,173.0,APT02,CHB01,2ND-BOX-22,Second,🔄 Repaired/Rework (2nd Quality Sale),2,17.0,19.0
DSAT0-S,DSAT01,Dress - Noir,Dress,SCR08,Finished product,S,173.0,APT02,CHB01,2ND-BOX-39,Second,🔄 Repaired/Rework (2nd Quality Sale),1,153.0,154.0
PLEE0-XS,PLEE01,Pants - Blu,Pants,COS08,Finished product,XS,173.0,APT02,CHB01,2ND-BOX-20,Second,🔄 Repaired/Rework (2nd Quality Sale),1,174.0,175.0
PLEE0-XL,PLEE01,Pants - Cream,Pants,ZEN08,Finished product,XL,173.0,APT02,CHB01,2ND-BOX-20,Second,🔄 Repaired/Rework (2nd Quality Sale),1,108.0,109.0
DDAL0-L,DDAL01,Dress - Rose,Dress,ABS08,Finished product,L,173.0,APT02,CHB01,2ND-BOX-20,Second,🔄 Repaired/Rework (2nd Quality Sale),1,3.0,4.0
DDAL0-XS,DDAL01,Dress - Rose,Dress,ABS08,Finished product,XS,173.0,APT02,CHB01,2ND-BOX-20,Second,🔄 Repaired/Rework (2nd Quality Sale),1,5.0,6.0
YSEU0-ML,YSEU01,Skirt - Cream,Skirt,TIL08,Finished product,ML,173.0,APT02,CHB01,2ND-BOX-20,Second,🔄 Repaired/Rework (2nd Quality Sale),10,181.0,191.0
YSEU0-2XL,YSEU01,Skirt - Cream,Skirt,TIL08,Finished product,2XL,173.0,APT02,CHB01,2ND-BOX-20,Second,🔄 Repaired/Rework (2nd Quality Sale),6,76.0,82.0
YSEU0-XL,YSEU01,Skirt - Cream,Skirt,TIL08,Finished product,XL,173.0,APT02,CHB01,2ND-BOX-20,Second,🔄 Repaired/Rework (2nd Quality Sale),5,95.0,100.0
YSEU0-XSS,YSEU01,Skirt - Cream,Skirt,TIL08,Finished product,XSS,173.0,APT02,CHB01,2ND-BOX-20,Second,🔄 Repaired/Rework (2nd Quality Sale),3,181.0,184.0
YSEU0-3XL,YSEU01,Skirt - Cream,Skirt,TIL08,Finished product,3XL,173.0,APT02,CHB01,2ND-BOX-20,Second,🔄 Repaired/Rework (2nd Quality Sale),1,20.0,21.0
DSAT0-XL,DSAT01,Dress - Blue,Dress,YRA08,Finished product,XL,173.0,APT02,CHB01,2ND-BOX-52,Second,🔄 Repaired/Rework (2nd Quality Sale),1,166.0,167.0
DSAT0-3XL,DSAT01,Dress - Noir,Dress,SCR08,Finished product,3XL,173.0,APT02,CHB01,2ND-BOX-52,Second,🔄 Repaired/Rework (2nd Quality Sale),1,61.0,62.0
DSAT0-S,DSAT01,Dress - Ivory,Dress,LUZ08,Finished product,S,173.0,APT02,CHB01,2ND-BOX-52,Second,🔄 Repaired/Rework (2nd Quality Sale),1,153.0,154.0
DSAT0-M,DSAT01,Dress - Noir,Dress,LAV08,Finished product,M,173.0,APT02,CHB01,2ND-BOX-52,Second,🔄 Repaired/Rework (2nd Quality Sale),1,196.0,197.0
DSAT0-M,DSAT01,Dress - White,Dress,ZEN08,Finished product,M,173.0,APT02,CHB01,2ND-BOX-52,Second,🔄 Repaired/Rework (2nd Quality Sale),1,196.0,197.0
DSAT0-L,DSAT01,Dress - White,Dress,ZEN08,Finished product,L,173.0,APT02,CHB01,2ND-BOX-52,Second,🔄 Repaired/Rework (2nd Quality Sale),1,134.0,135.0
DSAT0-L,DSAT01,Dress - Vert,Dress,SAL08,Finished product,L,173.0,APT02,CHB01,2ND-BOX-52,Second,🔄 Repaired/Rework (2nd Quality Sale),2,134.0,136.0
DSAT0-S,DSAT01,Dress - Vert,Dress,SAL08,Finished product,S,173.0,APT02,CHB01,2ND-BOX-52,Second,🔄 Repaired/Rework (2nd Quality Sale),3,153.0,156.0
DSAT0-XS,DSAT01,Dress - Vert,Dress,SAL08,Finished product,XS,173.0,APT02,CHB01,2ND-BOX-52,Second,🔄 Repaired/Rework (2nd Quality Sale),3,88.0,91.0
DSAT0-M,DSAT01,Dress - Vert,Dress,SAL08,Finished product,M,173.0,APT02,CHB01,2ND-BOX-52,Second,🔄 Repaired/Rework (2nd Quality Sale),2,196.0,198.0
DSAT0-XL,DSAT01,Dress - Vert,Dress,SAL08,Finished product,XL,173.0,APT02,CHB01,2ND-BOX-52,Second,🔄 Repaired/Rework (2nd Quality Sale),2,166.0,168.0
DMAI0-M,DMAI01,Dress - Noir,Dress,HER08,Finished product,M,173.0,APT02,CHB01,2ND-BOX-38,Second,🔄 Repaired/Rework (2nd Quality Sale),4,225.0,229.0
DMAI0-XS,DMAI01,Dress - Noir,Dress,HER08,Finished product,XS,173.0,APT02,CHB01,2ND-BOX-38,Second,🔄 Repaired/Rework (2nd Quality Sale),4,130.0,134.0
DMAI0-L,DMAI01,Dress - Noir,Dress,HER08,Finished product,L,173.0,APT02,CHB01,2ND-BOX-38,Second,🔄 Repaired/Rework (2nd Quality Sale),4,154.0,158.0
DMAI0-XL,DMAI01,Dress - Noir,Dress,HER08,Finished product,XL,173.0,APT02,CHB01,2ND-BOX-38,Second,🔄 Repaired/Rework (2nd Quality Sale),2,99.0,101.0
DMAI0-L,DMAI01,Dress - White,Dress,ZEN08,Finished product,L,173.0,APT02,CHB01,2ND-BOX-26,Second,🔄 Repaired/Rework (2nd Quality Sale),2,154.0,156.0
DEDE0-XS,DEDE01,Dress - Gold,Dress,DHA20,Finished product,XS,173.0,APT02,CHB01,2ND-BOX-23,Second,🔄 Repaired/Rework (2nd Quality Sale),1,3.0,4.0
DAMA0-XS,DAMA01,Dress - Rust,Dress,SUT08,Finished product,XS,173.0,APT02,CHB01,2ND-BOX-23,Second,🔄 Repaired/Rework (2nd Quality Sale),1,16.0,17.0
KMIN1-ML,KMIN11,Kimono - Yellow,Kimono,ANA08,Finished product,ML,173.0,APT02,CHB01,2ND-BOX-23,Second,🔄 Repaired/Rework (2nd Quality Sale),1,22.0,23.0
DFAR0-L,DFAR01,Dress - Vert,Dress,NAR08,Finished product,L,173.0,APT02,CHB01,2ND-BOX-23,Second,🔄 Repaired/Rework (2nd Quality Sale),1,14.0,15.0
DDIA0-S,DDIA01,Dress - Noir,Dress,SOL14,Finished product,S,173.0,APT02,CHB01,2ND-BOX-23,Second,🔄 Repaired/Rework (2nd Quality Sale),1,5.0,6.0
YSEU0-ML,YSEU01,Skirt - Cream,Skirt,TIL08,Finished product,ML,173.0,APT02,CHB01,2ND-BOX-40,Second,🔄 Repaired/Rework (2nd Quality Sale),1,181.0,182.0
YSEU0-ML,YSEU01,Skirt - Teal,Skirt,BLO08,Finished product,ML,173.0,APT02,CHB01,2ND-BOX-40,Second,🔄 Repaired/Rework (2nd Quality Sale),1,181.0,182.0
YSEU0-ML,YSEU01,Skirt - Navy,Skirt,COS08,Finished product,ML,173.0,APT02,CHB01,2ND-BOX-40,Second,🔄 Repaired/Rework (2nd Quality Sale),1,181.0,182.0
YSEU0-XSS,YSEU01,Skirt - Noir,Skirt,ABS08,Finished product,XSS,173.0,APT02,CHB01,2ND-BOX-40,Second,🔄 Repaired/Rework (2nd Quality Sale),1,181.0,182.0
YSEU0-XSS,YSEU01,Skirt - Navy,Skirt,COS08,Finished product,XSS,173.0,APT02,CHB01,2ND-BOX-40,Second,🔄 Repaired/Rework (2nd Quality Sale),1,181.0,182.0
YSEU0-XSS,YSEU01,Skirt - Teal,Skirt,BLO08,Finished product,XSS,173.0,APT02,CHB01,2ND-BOX-40,Second,🔄 Repaired/Rework (2nd Quality Sale),1,181.0,182.0
YLYS0-XS,YLYS01,Skirt - Cream,Skirt,TIL08,Finished product,XS,173.0,APT02,CHB01,2ND-BOX-46,Second,🔄 Repaired/Rework (2nd Quality Sale),1,29.0,30.0
YLYS0-S,YLYS01,Skirt - Cream,Skirt,TIL08,Finished product,S,173.0,APT02,CHB01,2ND-BOX-46,Second,🔄 Repaired/Rework (2nd Quality Sale),1,30.0,31.0
YLYS0-L,YLYS01,Skirt - Cream,Skirt,TIL08,Finished product,L,173.0,APT02,CHB01,2ND-BOX-46,Second,🔄 Repaired/Rework (2nd Quality Sale),1,20.0,21.0
PLEE0-3XL,PLEE01,Pants - Noir,Pants,SOL14,Finished product,3XL,173.0,APT02,CHB01,2ND-BOX-46,Second,🔄 Repaired/Rework (2nd Quality Sale),1,56.0,57.0
PLEE0-S,PLEE01,Pants - Rust,Pants,SOL14,Finished product,S,173.0,APT02,CHB01,2ND-BOX-46,Second,🔄 Repaired/Rework (2nd Quality Sale),1,185.0,186.0
PLEE0-XS,PLEE01,Pants - Black,Pants,SOK08,Finished product,XS,173.0,APT02,CHB01,2ND-BOX-46,Second,🔄 Repaired/Rework (2nd Quality Sale),1,174.0,175.0
PLEE1-M,PLEE11,Pants - Coral,Pants,LIN12,Finished product,M,173.0,APT02,CHB01,2ND-BOX-46,Second,🔄 Repaired/Rework (2nd Quality Sale),1,11.0,12.0
TLEN0-L,TLEN01,Top - Rust,Top,SOL14,Finished product,L,173.0,APT02,CHB01,2ND-BOX-40,Second,🔄 Repaired/Rework (2nd Quality Sale),1,10.0,11.0
YSEU0-2XL,YSEU01,Skirt - Cream,Skirt,TIL08,Finished product,2XL,173.0,APT02,CHB01,2ND-BOX-13,Second,🔄 Repaired/Rework (2nd Quality Sale),8,76.0,84.0
YSEU0-ML,YSEU01,Skirt - Cream,Skirt,TIL08,Finished product,ML,173.0,APT02,CHB01,2ND-BOX-13,Second,🔄 Repaired/Rework (2nd Quality Sale),16,181.0,197.0
YSEU0-3XL,YSEU01,Skirt - Cream,Skirt,TIL08,Finished product,3XL,173.0,APT02,CHB01,2ND-BOX-13,Second,🔄 Repaired/Rework (2nd Quality Sale),5,20.0,25.0
YSEU0-XL,YSEU01,Skirt - Cream,Skirt,TIL08,Finished product,XL,173.0,APT02,CHB01,2ND-BOX-13,Second,🔄 Repaired/Rework (2nd Quality Sale),8,95.0,103.0
YSEU0-XSS,YSEU01,Skirt - Cream,Skirt,TIL08,Finished product,XSS,173.0,APT02,CHB01,2ND-BOX-13,Second,🔄 Repaired/Rework (2nd Quality Sale),1,181.0,182.0
YSEU0-XSS,YSEU01,Skirt - Noir,Skirt,ABS08,Finished product,XSS,173.0,APT02,CHB01,2ND-BOX-19,Second,🔄 Repaired/Rework (2nd Quality Sale),1,181.0,182.0
YSEU0-2XL,YSEU01,Skirt - Noir,Skirt,ABS08,Finished product,2XL,173.0,APT02,CHB01,2ND-BOX-19,Second,🔄 Repaired/Rework (2nd Quality Sale),1,76.0,77.0
TZAN0-M,TZAN01,Top - Cream,Top,TIL08,Finished product,M,173.0,APT02,CHB01,2ND-BOX-27,Second,🔄 Repaired/Rework (2nd Quality Sale),1,6.0,7.0
TZAN0-3XL,TZAN01,Top - Cream,Top,TIL08,Finished product,3XL,173.0,APT02,CHB01,2ND-BOX-27,Second,🔄 Repaired/Rework (2nd Quality Sale),6,13.0,19.0
TNAK0-M,TNAK01,Top - Noir,Top,HER08,Finished product,M,173.0,APT02,CHB01,2ND-BOX-27,Second,🔄 Repaired/Rework (2nd Quality Sale),2,5.0,7.0
TNAK0-XL,TNAK01,Top - Noir,Top,HER08,Finished product,XL,173.0,APT02,CHB01,2ND-BOX-27,Second,🔄 Repaired/Rework (2nd Quality Sale),2,2.0,4.0
DMAI0-M,DMAI01,Dress - Noir,Dress,HER08,Finished product,M,173.0,APT02,CHB01,2ND-BOX-13,Second,🔄 Repaired/Rework (2nd Quality Sale),1,225.0,226.0
DMAI0-XL,DMAI01,Dress - Noir,Dress,HER08,Finished product,XL,173.0,APT02,CHB01,2ND-BOX-13,Second,🔄 Repaired/Rework (2nd Quality Sale),1,99.0,100.0
DMAI0-XS,DMAI01,Dress - Noir,Dress,HER08,Finished product,XS,173.0,APT02,CHB01,2ND-BOX-13,Second,🔄 Repaired/Rework (2nd Quality Sale),1,130.0,131.0
DMAI0-2XL,DMAI01,Dress - Cream,Dress,ZEN08,Finished product,2XL,173.0,APT02,CHB01,2ND-BOX-13,Second,🔄 Repaired/Rework (2nd Quality Sale),2,63.0,65.0
DMAI0-XS,DMAI01,Dress - Cream,Dress,ZEN08,Finished product,XS,173.0,APT02,CHB01,2ND-BOX-13,Second,🔄 Repaired/Rework (2nd Quality Sale),1,130.0,131.0
DMAI0-S,DMAI01,Dress - White,Dress,ZEN08,Finished product,S,173.0,APT02,CHB01,2ND-BOX-13,Second,🔄 Repaired/Rework (2nd Quality Sale),1,183.0,184.0
DMAI0-L,DMAI01,Dress - Noir,Dress,SCR08,Finished product,L,173.0,APT02,CHB01,2ND-BOX-13,Second,🔄 Repaired/Rework (2nd Quality Sale),1,154.0,155.0
DMAI0-S,DMAI01,Dress - Mustard,Dress,JAR08,Finished product,S,173.0,APT02,CHB01,2ND-BOX-13,Second,🔄 Repaired/Rework (2nd Quality Sale),1,183.0,184.0
DMAI0-S,DMAI01,Dress - Gold,Dress,SUT08,Finished product,S,173.0,APT02,CHB01,2ND-BOX-13,Second,🔄 Repaired/Rework (2nd Quality Sale),2,183.0,185.0
DMAI0-M,DMAI01,Dress - Noir,Dress,SOL14,Finished product,M,173.0,APT02,CHB01,2ND-BOX-13,Second,🔄 Repaired/Rework (2nd Quality Sale),1,225.0,226.0
TZAN0-S,TZAN01,Top - Blu,Top,SUT08,Finished product,S,173.0,APT02,CHB01,2ND-BOX-27,Second,🔄 Repaired/Rework (2nd Quality Sale),1,13.0,14.0
YLYS0-S,YLYS01,Skirt - Cream,Skirt,TIL08,Finished product,S,173.0,APT02,CHB01,2ND-BOX-25,Second,🔄 Repaired/Rework (2nd Quality Sale),28,30.0,58.0
YLYS0-XS,YLYS01,Skirt - Cream,Skirt,TIL08,Finished product,XS,173.0,APT02,CHB01,2ND-BOX-25,Second,🔄 Repaired/Rework (2nd Quality Sale),13,29.0,42.0
YLYS0-L,YLYS01,Skirt - Cream,Skirt,TIL08,Finished product,L,173.0,APT02,CHB01,2ND-BOX-25,Second,🔄 Repaired/Rework (2nd Quality Sale),5,20.0,25.0
YLYS0-XL,YLYS01,Skirt - Cream,Skirt,TIL08,Finished product,XL,173.0,APT02,CHB01,2ND-BOX-25,Second,🔄 Repaired/Rework (2nd Quality Sale),6,9.0,15.0
YLYS0-M,YLYS01,Skirt - Cream,Skirt,TIL08,Finished product,M,173.0,APT02,CHB01,2ND-BOX-25,Second,🔄 Repaired/Rework (2nd Quality Sale),2,34.0,36.0
DMAI0-XS,DMAI01,Dress - Gold,Dress,SUT08,Finished product,XS,173.0,APT02,CHB01,2ND-BOX-13,Second,🔄 Repaired/Rework (2nd Quality Sale),2,130.0,132.0
DMAI0-L,DMAI01,Dress - Gold,Dress,SUT08,Finished product,L,173.0,APT02,CHB01,2ND-BOX-13,Second,🔄 Repaired/Rework (2nd Quality Sale),1,154.0,155.0
DMAI0-2XL,DMAI01,Dress - White,Dress,SIN08,Finished product,2XL,173.0,APT02,CHB01,2ND-BOX-13,Second,🔄 Repaired/Rework (2nd Quality Sale),2,63.0,65.0
DMAI0-XL,DMAI01,Dress - White,Dress,SIN08,Finished product,XL,173.0,APT02,CHB01,2ND-BOX-13,Second,🔄 Repaired/Rework (2nd Quality Sale),1,99.0,100.0
DMAI0-M,DMAI01,Dress - White,Dress,ZEN08,Finished product,M,173.0,APT02,CHB01,2ND-BOX-13,Second,🔄 Repaired/Rework (2nd Quality Sale),1,225.0,226.0
DMAI0-M,DMAI01,Dress - Gold,Dress,FIO08,Finished product,M,173.0,APT02,CHB01,2ND-BOX-13,Second,🔄 Repaired/Rework (2nd Quality Sale),1,225.0,226.0
DSAT0-XS,DSAT01,Dress - Vert,Dress,SAL08,Finished product,XS,173.0,APT02,CHB01,2ND-BOX-25,Second,🔄 Repaired/Rework (2nd Quality Sale),2,88.0,90.0
DSAT0-3XL,DSAT01,Dress - Vert,Dress,SAL08,Finished product,3XL,173.0,APT02,CHB01,2ND-BOX-25,Second,🔄 Repaired/Rework (2nd Quality Sale),1,61.0,62.0
DSAT0-S,DSAT01,Dress - Vert,Dress,SAL08,Finished product,S,173.0,APT02,CHB01,2ND-BOX-25,Second,🔄 Repaired/Rework (2nd Quality Sale),1,153.0,154.0
DSAT0-S,DSAT01,Dress - Blue,Dress,YRA08,Finished product,S,173.0,APT02,CHB01,2ND-BOX-25,Second,🔄 Repaired/Rework (2nd Quality Sale),1,153.0,154.0
DSAT0-XS,DSAT01,Dress - Noir,Dress,SCR08,Finished product,XS,173.0,APT02,CHB01,2ND-BOX-25,Second,🔄 Repaired/Rework (2nd Quality Sale),1,88.0,89.0
DSAT0-XS,DSAT01,Dress - Blu,Dress,COS08,Finished product,XS,173.0,APT02,CHB01,2ND-BOX-25,Second,🔄 Repaired/Rework (2nd Quality Sale),1,88.0,89.0
DSAT0-XS,DSAT01,Dress - Rose,Dress,ATO08,Finished product,XS,173.0,APT02,CHB01,2ND-BOX-25,Second,🔄 Repaired/Rework (2nd Quality Sale),1,88.0,89.0
DSAT0-XS,DSAT01,Dress - Rust,Dress,SUT08,Finished product,XS,173.0,APT02,CHB01,2ND-BOX-25,Second,🔄 Repaired/Rework (2nd Quality Sale),1,88.0,89.0
DSAT0-M,DSAT01,Dress - Blu,Dress,SUT08,Finished product,M,173.0,APT02,CHB01,2ND-BOX-25,Second,🔄 Repaired/Rework (2nd Quality Sale),1,196.0,197.0
DSAT0-L,DSAT01,Dress - Vert,Dress,SAL08,Finished product,L,173.0,APT02,CHB01,2ND-BOX-25,Second,🔄 Repaired/Rework (2nd Quality Sale),1,134.0,135.0
YSEU0-ML,YSEU01,Skirt - Cream,Skirt,TIL08,Finished product,ML,173.0,APT02,CHB01,2ND-BOX-55,Second,🔄 Repaired/Rework (2nd Quality Sale),31,181.0,212.0
YSEU0-2XL,YSEU01,Skirt - Cream,Skirt,TIL08,Finished product,2XL,173.0,APT02,CHB01,2ND-BOX-55,Second,🔄 Repaired/Rework (2nd Quality Sale),5,76.0,81.0
YSEU0-XL,YSEU01,Skirt - Cream,Skirt,TIL08,Finished product,XL,173.0,APT02,CHB01,2ND-BOX-55,Second,🔄 Repaired/Rework (2nd Quality Sale),2,95.0,97.0
YSEU0-XSS,YSEU01,Skirt - Cream,Skirt,TIL08,Finished product,XSS,173.0,APT02,CHB01,2ND-BOX-55,Second,🔄 Repaired/Rework (2nd Quality Sale),1,181.0,182.0
YSEU0-XSS,YSEU01,Skirt - Navy,Skirt,COS08,Finished product,XSS,173.0,APT02,CHB01,2ND-BOX-55,Second,🔄 Repaired/Rework (2nd Quality Sale),15,181.0,196.0
YSEU0-XL,YSEU01,Skirt - Rose,Skirt,ATO08,Finished product,XL,173.0,APT02,CHB01,2ND-BOX-55,Second,🔄 Repaired/Rework (2nd Quality Sale),3,95.0,98.0
YSEU0-XSS,YSEU01,Skirt - Gold,Skirt,FIO08,Finished product,XSS,173.0,APT02,CHB01,2ND-BOX-55,Second,🔄 Repaired/Rework (2nd Quality Sale),1,181.0,182.0
YSEU0-XL,YSEU01,Skirt - Gold,Skirt,FIO08,Finished product,XL,173.0,APT02,CHB01,2ND-BOX-55,Second,🔄 Repaired/Rework (2nd Quality Sale),7,95.0,102.0
YSEU0-ML,YSEU01,Skirt - Teal,Skirt,BLO08,Finished product,ML,173.0,APT02,CHB01,2ND-BOX-55,Second,🔄 Repaired/Rework (2nd Quality Sale),1,181.0,182.0
YSEU0-XSS,YSEU01,Skirt - Teal,Skirt,BLO08,Finished product,XSS,173.0,APT02,CHB01,2ND-BOX-55,Second,🔄 Repaired/Rework (2nd Quality Sale),2,181.0,183.0
YSEU0-XL,YSEU01,Skirt - noir,Skirt,ABS08,Finished product,XL,173.0,APT02,CHB01,2ND-BOX-55,Second,🔄 Repaired/Rework (2nd Quality Sale),2,95.0,97.0
YSEU0-XSS,YSEU01,Skirt - noir,Skirt,ABS08,Finished product,XSS,173.0,APT02,CHB01,2ND-BOX-55,Second,🔄 Repaired/Rework (2nd Quality Sale),2,181.0,183.0
YSEU0-XL,YSEU01,Skirt - Aqua,Skirt,PLA08,Finished product,XL,173.0,APT02,CHB01,2ND-BOX-55,Second,🔄 Repaired/Rework (2nd Quality Sale),2,95.0,97.0
TLAM0-S,TLAM01,Top - Wine,Top,AYE29,Finished product,S,,APT02,CHB01,FST-BOX-23,First,✨ Premium (1st Quality),1,1.0,2.0
DLAL0-S,DLAL01,Dress - Noir,Dress,ALI08,Finished product,S,173.0,APT02,CHB01,2ND-BOX-27,Second,🔄 Repaired/Rework (2nd Quality Sale),1,19.0,20.0
DAMA0-M,DAMA01,Dress - Aqua,Dress,PLA08,Finished product,M,173.0,APT02,CHB01,2ND-BOX-27,Second,🔄 Repaired/Rework (2nd Quality Sale),1,12.0,13.0
PJAN0-XS,PJAN01,Pants - Noir,Pants,HER08,Finished product,XS,173.0,APT02,CHB01,2ND-BOX-27,Second,🔄 Repaired/Rework (2nd Quality Sale),1,5.0,6.0
DMAR0-L,DMAR01,Dress - Blu,Dress,GYR08,Finished product,L,173.0,APT02,CHB01,2ND-BOX-27,Second,🔄 Repaired/Rework (2nd Quality Sale),1,13.0,14.0
TAJA0-XL,TAJA01,Top - Gold,Top,FIO08,Finished product,XL,173.0,APT02,CHB01,2ND-BOX-27,Second,🔄 Repaired/Rework (2nd Quality Sale),1,3.0,4.0
TZAN0-XS,TZAN01,Top - Noir,Top,IMA08,Finished product,XS,173.0,APT02,CHB01,2ND-BOX-27,Second,🔄 Repaired/Rework (2nd Quality Sale),1,14.0,15.0
KMIN1-XSS,KMIN11,Kimono - Yellow,Kimono,ANA08,Finished product,XSS,173.0,APT02,CHB01,2ND-BOX-27,Second,🔄 Repaired/Rework (2nd Quality Sale),1,30.0,31.0
TNAK0-M,TNAK01,Top - Noir,Top,HER08,Finished product,M,173.0,APT02,CHB01,2ND-BOX-51,Second,🔄 Repaired/Rework (2nd Quality Sale),1,5.0,6.0
DFAR0-S,DFAR01,Dress - Blanc,Dress,KHE28,Finished product,S,173.0,APT02,CHB01,2ND-BOX-51,Second,🔄 Repaired/Rework (2nd Quality Sale),1,14.0,15.0
DAMA0-XS,DAMA01,Dress - Teal,Dress,BAO08,Finished product,XS,173.0,APT02,CHB01,2ND-BOX-51,Second,🔄 Repaired/Rework (2nd Quality Sale),1,16.0,17.0
TZAN0-XL,TZAN01,Top - Noir,Top,SOL14,Finished product,XL,173.0,APT02,CHB01,2ND-BOX-51,Second,🔄 Repaired/Rework (2nd Quality Sale),1,5.0,6.0
KMIN0-XSS,KMIN01,Kimono - Teal,Kimono,BLO08,Finished product,XSS,173.0,APT02,CHB01,2ND-BOX-51,Second,🔄 Repaired/Rework (2nd Quality Sale),3,45.0,48.0
DFAN0-S,DFAN01,Dress - Cream,Dress,TIL08,Finished product,S,173.0,APT02,CHB01,2ND-BOX-32,Second,🔄 Repaired/Rework (2nd Quality Sale),2,28.0,30.0
DFAN0-XS,DFAN01,Dress - Cream,Dress,TIL08,Finished product,XS,173.0,APT02,CHB01,2ND-BOX-32,Second,🔄 Repaired/Rework (2nd Quality Sale),3,17.0,20.0
DFAN0-XL,DFAN01,Dress - Cream,Dress,TIL08,Finished product,XL,173.0,APT02,CHB01,2ND-BOX-32,Second,🔄 Repaired/Rework (2nd Quality Sale),1,31.0,32.0
DFAN0-2XL,DFAN01,Dress - Cream,Dress,TIL08,Finished product,2XL,173.0,APT02,CHB01,2ND-BOX-32,Second,🔄 Repaired/Rework (2nd Quality Sale),3,36.0,39.0
DFAN0-L,DFAN01,Dress - Cream,Dress,TIL08,Finished product,L,173.0,APT02,CHB01,2ND-BOX-32,Second,🔄 Repaired/Rework (2nd Quality Sale),2,40.0,42.0
DFAN0-M,DFAN01,Dress - Cream,Dress,TIL08,Finished product,M,173.0,APT02,CHB01,2ND-BOX-32,Second,🔄 Repaired/Rework (2nd Quality Sale),1,32.0,33.0
JUMY0-S,JUMY01,Jumpsuit - Noir,Jumpsuit,TUK08,Finished product,S,173.0,APT02,CHB01,2ND-BOX-25,Second,🔄 Repaired/Rework (2nd Quality Sale),2,75.0,77.0
JUMY0-2XL,JUMY01,Jumpsuit - Noir,Jumpsuit,TUK08,Finished product,2XL,173.0,APT02,CHB01,2ND-BOX-25,Second,🔄 Repaired/Rework (2nd Quality Sale),2,38.0,40.0
JUMY0-XS,JUMY01,Jumpsuit - Noir,Jumpsuit,TUK08,Finished product,XS,173.0,APT02,CHB01,2ND-BOX-25,Second,🔄 Repaired/Rework (2nd Quality Sale),1,52.0,53.0
JUMYO-XL,JUMYO1,Jumpsuit - Vert,Jumpsuit,SAL08,Finished product,XL,173.0,APT02,CHB01,2ND-BOX-25,Second,🔄 Repaired/Rework (2nd Quality Sale),1,17.0,18.0
KMIN0-XSS,KMIN01,Kimono - Noir,Kimono,HER08,Finished product,XSS,173.0,APT02,CHB01,2ND-BOX-25,Second,🔄 Repaired/Rework (2nd Quality Sale),1,45.0,46.0
PLEE0-XL,PLEE01,Pants - Ivory,Pants,LUZ08,Finished product,XL,173.0,APT02,CHB01,FST-BOX-26,First,✨ Premium (1st Quality),7,108.0,115.0
PLEE0-L,PLEE01,Pants - Ivory,Pants,LUZ08,Finished product,L,173.0,APT02,CHB01,FST-BOX-26,First,✨ Premium (1st Quality),3,172.0,175.0
PLEE0-2XL,PLEE01,Pants - Ivory,Pants,LUZ08,Finished product,2XL,173.0,APT02,CHB01,FST-BOX-26,First,✨ Premium (1st Quality),2,113.0,115.0
PLEE0-3XL,PLEE01,Pants - Ivory,Pants,LUZ08,Finished product,3XL,173.0,APT02,CHB01,FST-BOX-26,First,✨ Premium (1st Quality),1,56.0,57.0
PLEE0-M,PLEE01,Pants - Ivory,Pants,LUZ08,Finished product,M,173.0,APT02,CHB01,FST-BOX-26,First,✨ Premium (1st Quality),1,211.0,212.0
DSAT0-M,DSAT01,Dress - Ivory,Dress,LUZ08,Finished product,M,173.0,APT02,CHB01,FST-BOX-29,First,✨ Premium (1st Quality),8,196.0,204.0
DSAT0-S,DSAT01,Dress - Ivory,Dress,LUZ08,Finished product,S,173.0,APT02,CHB01,FST-BOX-29,First,✨ Premium (1st Quality),3,153.0,156.0
DSAT0-L,DSAT01,Dress - Ivory,Dress,LUZ08,Finished product,L,173.0,APT02,CHB01,FST-BOX-29,First,✨ Premium (1st Quality),4,134.0,138.0
DSAT0-XL,DSAT01,Dress - Ivory,Dress,LUZ08,Finished product,XL,173.0,APT02,CHB01,FST-BOX-29,First,✨ Premium (1st Quality),1,166.0,167.0
DMAI0-XS,DMAI01,Dress - Olive,Dress,AYE29,Finished product,XS,173.0,APT02,CHB01,FST-BOX-29,First,✨ Premium (1st Quality),1,130.0,131.0
DMAI0-S,DMAI01,Dress - Olive,Dress,AYE29,Finished product,S,173.0,APT02,CHB01,FST-BOX-29,First,✨ Premium (1st Quality),1,183.0,184.0
DTUB0-3XL,DTUB01,Dress - Blu,Dress,SKY08,Finished product,3XL,173.0,APT02,CHB01,FST-BOX-29,First,✨ Premium (1st Quality),1,2.0,3.0
KMIN0-ML,KMIN01,kimono - teal,Kimono,ZEP08,Finished product,ML,,APT02,CHB01,FST-BOX-29,First,✨ Premium (1st Quality),1,26.0,27.0
DDIA0-L-C,DDIA01,Dress - Rust,Dress,SOL14,Finished product,L,175.0,APT02,CHB01,FST-BOX-29,First,✨ Premium (1st Quality),1,1.0,2.0
JUMY0-L,JUMY01,Jumpsuit - Noir,Jumpsuit,SOL14,Finished product,L,173.0,APT02,CHB01,2ND-BOX-52,Second,🔄 Repaired/Rework (2nd Quality Sale),1,57.0,58.0
JUMY0-XL,JUMY01,Jumpsuit - Noir,Jumpsuit,SOL14,Finished product,XL,173.0,APT02,CHB01,2ND-BOX-52,Second,🔄 Repaired/Rework (2nd Quality Sale),1,68.0,69.0
JUMY1-M,JUMY11,Jumpsuit - White,Jumpsuit,SIN08,Finished product,M,173.0,APT02,CHB01,2ND-BOX-52,Second,🔄 Repaired/Rework (2nd Quality Sale),1,1.0,2.0
PLEE0-L,PLEE01,Pants - Rose,Pants,ATO08,Finished product,L,173.0,APT02,CHB01,2ND-BOX-5,Second,🔄 Repaired/Rework (2nd Quality Sale),1,172.0,173.0
PLEE0-S,PLEE01,Pants - Rose,Pants,ATO08,Finished product,S,173.0,APT02,CHB01,2ND-BOX-5,Second,🔄 Repaired/Rework (2nd Quality Sale),1,185.0,186.0
PLEE0-XS,PLEE01,Pants - Rose,Pants,ATO08,Finished product,XS,173.0,APT02,CHB01,2ND-BOX-5,Second,🔄 Repaired/Rework (2nd Quality Sale),1,174.0,175.0
PLEE0-M,PLEE01,Pants - Black,Pants,SOK08,Finished product,M,173.0,APT02,CHB01,2ND-BOX-5,Second,🔄 Repaired/Rework (2nd Quality Sale),2,211.0,213.0
PLEE0-S,PLEE01,Pants - Noir,Pants,HER08,Finished product,S,173.0,APT02,CHB01,2ND-BOX-5,Second,🔄 Repaired/Rework (2nd Quality Sale),1,185.0,186.0
PLEE0-M,PLEE01,Pants - Noir,Pants,HER08,Finished product,M,173.0,APT02,CHB01,2ND-BOX-5,Second,🔄 Repaired/Rework (2nd Quality Sale),2,211.0,213.0
PLEE0-S,PLEE01,Pants - Black,Pants,SOK08,Finished product,S,173.0,APT02,CHB01,2ND-BOX-5,Second,🔄 Repaired/Rework (2nd Quality Sale),1,185.0,186.0
JUMY0-XS,JUMY01,Jumpsuit - Blue,Jumpsuit,YRA08,Finished product,XS,173.0,APT02,CHB01,2ND-BOX-25,Second,🔄 Repaired/Rework (2nd Quality Sale),2,52.0,54.0
JUMY0-L,JUMY01,Jumpsuit - Noir,Jumpsuit,TUK08,Finished product,L,173.0,APT02,CHB01,2ND-BOX-25,Second,🔄 Repaired/Rework (2nd Quality Sale),2,57.0,59.0
PLEE1-L,PLEE11,Pants - Black,Pants,LIN08,Finished product,L,173.0,APT02,CHB01,2ND-BOX-5,Second,🔄 Repaired/Rework (2nd Quality Sale),1,12.0,13.0
PLEE0-XS,PLEE01,Pants - Black,Pants,SUT08,Finished product,XS,173.0,APT02,CHB01,2ND-BOX-4,Second,🔄 Repaired/Rework (2nd Quality Sale),1,174.0,175.0
PLEE0-2XL,PLEE01,Pants - Rust,Pants,SUT08,Finished product,2XL,173.0,APT02,CHB01,2ND-BOX-4,Second,🔄 Repaired/Rework (2nd Quality Sale),1,113.0,114.0
PLEE0-2XL,PLEE01,Pants - Noir,Pants,TUK08,Finished product,2XL,173.0,APT02,CHB01,2ND-BOX-4,Second,🔄 Repaired/Rework (2nd Quality Sale),1,113.0,114.0
PLEE0-XS,PLEE01,Pants - Gold,Pants,DHA20,Finished product,XS,173.0,APT02,CHB01,2ND-BOX-4,Second,🔄 Repaired/Rework (2nd Quality Sale),1,174.0,175.0
PLEE0-XL,PLEE01,Pants - Noir,Pants,SOL14,Finished product,XL,173.0,APT02,CHB01,2ND-BOX-4,Second,🔄 Repaired/Rework (2nd Quality Sale),1,108.0,109.0
YSEU0-2XL,YSEU01,Skirt - Gold,Skirt,FIO08,Finished product,2XL,173.0,APT02,CHB01,2ND-BOX-55,Second,🔄 Repaired/Rework (2nd Quality Sale),4,76.0,80.0
YSEU0-ML,YSEU01,Skirt - Gold,Skirt,FIO08,Finished product,ML,173.0,APT02,CHB01,2ND-BOX-55,Second,🔄 Repaired/Rework (2nd Quality Sale),2,181.0,183.0
DMAY0-2XL,DMAY01,Dress - Gold,Dress,FIO08,Finished product,2XL,173.0,APT02,CHB01,2ND-BOX-40,Second,🔄 Repaired/Rework (2nd Quality Sale),1,65.0,66.0
DMAY0-L,DMAY01,Dress - Gold,Dress,FIO08,Finished product,L,173.0,APT02,CHB01,2ND-BOX-40,Second,🔄 Repaired/Rework (2nd Quality Sale),2,62.0,64.0
DMAY0-XL,DMAY01,Dress - Gold,Dress,FIO08,Finished product,XL,173.0,APT02,CHB01,2ND-BOX-40,Second,🔄 Repaired/Rework (2nd Quality Sale),3,91.0,94.0
DMAY0-2XL,DMAY01,Dress - Mustard,Dress,SOL14,Finished product,2XL,173.0,APT02,CHB01,2ND-BOX-40,Second,🔄 Repaired/Rework (2nd Quality Sale),1,65.0,66.0
DFAN0-2XL,DFAN01,Dress - Cream,Dress,TIL08,Finished product,2XL,173.0,APT02,CHB01,2ND-BOX-53,Second,🔄 Repaired/Rework (2nd Quality Sale),3,36.0,39.0
DFAN0-L,DFAN01,Dress - Vert,Dress,SAL08,Finished product,L,173.0,APT02,CHB01,2ND-BOX-53,Second,🔄 Repaired/Rework (2nd Quality Sale),5,40.0,45.0
DFAN0-M,DFAN01,Dress - Vert,Dress,SAL08,Finished product,M,173.0,APT02,CHB01,2ND-BOX-53,Second,🔄 Repaired/Rework (2nd Quality Sale),3,32.0,35.0
DFAN0-XS,DFAN01,Dress - Vert,Dress,SAL08,Finished product,XS,173.0,APT02,CHB01,2ND-BOX-53,Second,🔄 Repaired/Rework (2nd Quality Sale),1,17.0,18.0
DFAN0-2XL,DFAN01,Dress - Vert,Dress,SAL08,Finished product,2XL,173.0,APT02,CHB01,2ND-BOX-53,Second,🔄 Repaired/Rework (2nd Quality Sale),1,36.0,37.0
PLEE0-XS,PLEE01,Pants - Teal,Pants,TOY08,Finished product,XS,173.0,APT02,CHB01,FST-BOX-27,First,✨ Premium (1st Quality),1,174.0,175.0
PLEE0-S,PLEE01,Pants - Teal,Pants,TOY08,Finished product,S,173.0,APT02,CHB01,FST-BOX-27,First,✨ Premium (1st Quality),4,185.0,189.0
PLEE0-M,PLEE01,Pants - Teal,Pants,TOY08,Finished product,M,173.0,APT02,CHB01,FST-BOX-27,First,✨ Premium (1st Quality),6,211.0,217.0
PLEE0-L,PLEE01,Pants - Teal,Pants,TOY08,Finished product,L,173.0,APT02,CHB01,FST-BOX-27,First,✨ Premium (1st Quality),4,172.0,176.0
PLEE0-XL,PLEE01,Pants - Teal,Pants,TOY08,Finished product,XL,173.0,APT02,CHB01,FST-BOX-27,First,✨ Premium (1st Quality),2,108.0,110.0
DFAR0-L,DFAR01,Dress - Blu,Dress,RAY08,Finished product,L,173.0,APT02,CHB01,FST-BOX-20,First,✨ Premium (1st Quality),4,14.0,18.0
PLEE0-XS,PLEE01,Pants - Blu,Pants,RAY08,Finished product,XS,173.0,APT02,CHB01,FST-BOX-24,First,✨ Premium (1st Quality),1,174.0,175.0
PLEE0-S,PLEE01,Pants - Blu,Pants,RAY08,Finished product,S,173.0,APT02,CHB01,FST-BOX-24,First,✨ Premium (1st Quality),1,185.0,186.0
PLEE0-M,PLEE01,Pants - Blu,Pants,RAY08,Finished product,M,173.0,APT02,CHB01,FST-BOX-24,First,✨ Premium (1st Quality),4,211.0,215.0
TAID0-2XL,TAID01,Top - Rust,Top,SOL14,Finished product,2XL,173.0,APT02,CHB01,2ND-BOX-55,Second,🔄 Repaired/Rework (2nd Quality Sale),3,11.0,14.0
TAID0-L,TAID01,Top - Rust,Top,SOL14,Finished product,L,173.0,APT02,CHB01,2ND-BOX-55,Second,🔄 Repaired/Rework (2nd Quality Sale),4,6.0,10.0
DLAL0-2XL,DLAL01,Dress - Gold,Dress,SUT08,Finished product,2XL,173.0,APT02,CHB01,2ND-BOX-56,Second,🔄 Repaired/Rework (2nd Quality Sale),12,42.0,54.0
DLAL0-M,DLAL01,Dress - Gold,Dress,SUT08,Finished product,M,173.0,APT02,CHB01,2ND-BOX-56,Second,🔄 Repaired/Rework (2nd Quality Sale),7,42.0,49.0
DLAL0-L,DLAL01,Dress - Gold,Dress,SUT08,Finished product,L,173.0,APT02,CHB01,2ND-BOX-56,Second,🔄 Repaired/Rework (2nd Quality Sale),10,76.0,86.0
DLAL0-XS,DLAL01,Dress - Gold,Dress,SUT08,Finished product,XS,173.0,APT02,CHB01,2ND-BOX-56,Second,🔄 Repaired/Rework (2nd Quality Sale),16,50.0,66.0
DLAL0-XL,DLAL01,Dress - Gold,Dress,SUT08,Finished product,XL,173.0,APT02,CHB01,2ND-BOX-56,Second,🔄 Repaired/Rework (2nd Quality Sale),7,51.0,58.0
DLAL0-3XL,DLAL01,Dress - Gold,Dress,SUT08,Finished product,3XL,173.0,APT02,CHB01,2ND-BOX-56,Second,🔄 Repaired/Rework (2nd Quality Sale),1,20.0,21.0
DLAL0-S,DLAL01,Dress - Gold,Dress,SUT08,Finished product,S,173.0,APT02,CHB01,2ND-BOX-56,Second,🔄 Repaired/Rework (2nd Quality Sale),1,19.0,20.0
JUMY0-XL,JUMY01,Jumpsuit - Blue,Jumpsuit,YRA08,Finished product,XL,173.0,APT02,CHB01,2ND-BOX-57,Second,🔄 Repaired/Rework (2nd Quality Sale),21,68.0,89.0
JUMY0-S,JUMY01,Jumpsuit - Blue,Jumpsuit,YRA08,Finished product,S,173.0,APT02,CHB01,2ND-BOX-57,Second,🔄 Repaired/Rework (2nd Quality Sale),12,75.0,87.0
JUMY0-3XL,JUMY01,Jumpsuit - Blue,Jumpsuit,YRA08,Finished product,3XL,173.0,APT02,CHB01,2ND-BOX-57,Second,🔄 Repaired/Rework (2nd Quality Sale),7,12.0,19.0
JUMY0-M,JUMY01,Jumpsuit - Blue,Jumpsuit,YRA08,Finished product,M,173.0,APT02,CHB01,2ND-BOX-57,Second,🔄 Repaired/Rework (2nd Quality Sale),5,67.0,72.0
JUMY0-XS,JUMY01,Jumpsuit - Blue,Jumpsuit,YRA08,Finished product,XS,173.0,APT02,CHB01,2ND-BOX-57,Second,🔄 Repaired/Rework (2nd Quality Sale),2,52.0,54.0
JUMY0-2XL,JUMY01,Jumpsuit - Blue,Jumpsuit,YRA08,Finished product,2XL,173.0,APT02,CHB01,2ND-BOX-57,Second,🔄 Repaired/Rework (2nd Quality Sale),1,38.0,39.0
PLEE0-L,PLEE01,Pants - Blu,Pants,RAY08,Finished product,L,173.0,APT02,CHB01,FST-BOX-24,First,✨ Premium (1st Quality),1,172.0,173.0
JUMY0-XS,JUMY01,Jumpsuit - Rose,Jumpsuit,ABS08,Finished product,XS,173.0,APT02,CHB01,FST-BOX-24,First,✨ Premium (1st Quality),1,52.0,53.0
JUMY0-S,JUMY01,Jumpsuit - Rose,Jumpsuit,ABS08,Finished product,S,173.0,APT02,CHB01,FST-BOX-24,First,✨ Premium (1st Quality),1,75.0,76.0
JUMY0-M,JUMY01,Jumpsuit - Rose,Jumpsuit,ABS08,Finished product,M,173.0,APT02,CHB01,FST-BOX-24,First,✨ Premium (1st Quality),3,67.0,70.0
JUMY0-L,JUMY01,Jumpsuit - Rose,Jumpsuit,ABS08,Finished product,L,173.0,APT02,CHB01,FST-BOX-24,First,✨ Premium (1st Quality),2,57.0,59.0
JUMY0-XL,JUMY01,Jumpsuit - Rose,Jumpsuit,ABS08,Finished product,XL,173.0,APT02,CHB01,FST-BOX-24,First,✨ Premium (1st Quality),1,68.0,69.0
DSAT0-XS,DSAT01,Dress - Blu,Dress,SUT08,Finished product,XS,173.0,APT02,CHB01,2ND-BOX-23,Second,🔄 Repaired/Rework (2nd Quality Sale),1,88.0,89.0
DSAT0-M,DSAT01,Dress - Blu,Dress,SUT08,Finished product,M,173.0,APT02,CHB01,2ND-BOX-23,Second,🔄 Repaired/Rework (2nd Quality Sale),1,196.0,197.0
DSAT0-XS,DSAT01,Dress - Noir,Dress,HER08,Finished product,XS,173.0,APT02,CHB01,2ND-BOX-23,Second,🔄 Repaired/Rework (2nd Quality Sale),2,88.0,90.0
DSAT0-XS,DSAT01,Dress - Noir,Dress,SCR08,Finished product,XS,173.0,APT02,CHB01,2ND-BOX-23,Second,🔄 Repaired/Rework (2nd Quality Sale),1,88.0,89.0
DSAT0-XS,DSAT01,Dress - Rust,Dress,SUT08,Finished product,XS,173.0,APT02,CHB01,2ND-BOX-23,Second,🔄 Repaired/Rework (2nd Quality Sale),1,88.0,89.0
DSAT0-XS,DSAT01,Dress - Orange,Dress,PAL08,Finished product,XS,173.0,APT02,CHB01,2ND-BOX-23,Second,🔄 Repaired/Rework (2nd Quality Sale),1,88.0,89.0
DSAT0-XL,DSAT01,Dress - Orange,Dress,PAL08,Finished product,XL,173.0,APT02,CHB01,2ND-BOX-23,Second,🔄 Repaired/Rework (2nd Quality Sale),1,166.0,167.0
DLAL0-2XL,DLAL01,Dress - Gold,Dress,SUT08,Finished product,2XL,173.0,APT02,CHB01,2ND-BOX-58,Second,🔄 Repaired/Rework (2nd Quality Sale),12,42.0,54.0
DLAL0-3XL,DLAL01,Dress - Gold,Dress,SUT08,Finished product,3XL,173.0,APT02,CHB01,2ND-BOX-58,Second,🔄 Repaired/Rework (2nd Quality Sale),6,20.0,26.0
PLEE0-XS,PLEE01,Pants - Teal,Pants,PET08,Finished product,XS,173.0,APT02,CHB01,FST-BOX-20,First,✨ Premium (1st Quality),1,174.0,175.0
PLEE0-S,PLEE01,Pants - Teal,Pants,PET08,Finished product,S,173.0,APT02,CHB01,FST-BOX-20,First,✨ Premium (1st Quality),1,185.0,186.0
PLEE0-M,PLEE01,Pants - Teal,Pants,PET08,Finished product,M,173.0,APT02,CHB01,FST-BOX-20,First,✨ Premium (1st Quality),3,211.0,214.0
PLEE0-L,PLEE01,Pants - Teal,Pants,PET08,Finished product,L,173.0,APT02,CHB01,FST-BOX-20,First,✨ Premium (1st Quality),2,172.0,174.0
DLAL0-L,DLAL01,Dress - Gold,Dress,SUT08,Finished product,L,173.0,APT02,CHB01,2ND-BOX-58,Second,🔄 Repaired/Rework (2nd Quality Sale),4,76.0,80.0
DLAL0-XL,DLAL01,Dress - Gold,Dress,SUT08,Finished product,XL,173.0,APT02,CHB01,2ND-BOX-58,Second,🔄 Repaired/Rework (2nd Quality Sale),2,51.0,53.0
DLAL0-M,DLAL01,Dress - Gold,Dress,SUT08,Finished product,M,173.0,APT02,CHB01,2ND-BOX-58,Second,🔄 Repaired/Rework (2nd Quality Sale),1,42.0,43.0
JUMY0-XL,JUMY01,Jumpsuit - Blue,Jumpsuit,YRA08,Finished product,XL,173.0,APT02,CHB01,2ND-BOX-58,Second,🔄 Repaired/Rework (2nd Quality Sale),6,68.0,74.0
JUMY0-S,JUMY01,Jumpsuit - Blue,Jumpsuit,YRA08,Finished product,S,173.0,APT02,CHB01,2ND-BOX-58,Second,🔄 Repaired/Rework (2nd Quality Sale),7,75.0,82.0
JUMY0-L,JUMY01,Jumpsuit - Blue,Jumpsuit,YRA08,Finished product,L,173.0,APT02,CHB01,2ND-BOX-58,Second,🔄 Repaired/Rework (2nd Quality Sale),2,57.0,59.0
JUMY0-2XL,JUMY01,Jumpsuit - Blue,Jumpsuit,YRA08,Finished product,2XL,173.0,APT02,CHB01,2ND-BOX-58,Second,🔄 Repaired/Rework (2nd Quality Sale),1,38.0,39.0
JUMY0-3XL,JUMY01,Jumpsuit - Blue,Jumpsuit,YRA08,Finished product,3XL,173.0,APT02,CHB01,2ND-BOX-58,Second,🔄 Repaired/Rework (2nd Quality Sale),1,12.0,13.0
PLEE0-M,PLEE01,Pants - Black,Pants,SOK08,Finished product,M,173.0,APT02,CHB01,2ND-BOX-58,Second,🔄 Repaired/Rework (2nd Quality Sale),11,211.0,222.0
PLEE0-XS,PLEE01,Pants - Black,Pants,SOK08,Finished product,XS,173.0,APT02,CHB01,2ND-BOX-58,Second,🔄 Repaired/Rework (2nd Quality Sale),7,174.0,181.0
PLEE0-XL,PLEE01,Pants - Black,Pants,SOK08,Finished product,XL,173.0,APT02,CHB01,2ND-BOX-58,Second,🔄 Repaired/Rework (2nd Quality Sale),2,108.0,110.0
PLEE0-L,PLEE01,Pants - Black,Pants,SOK08,Finished product,L,173.0,APT02,CHB01,2ND-BOX-58,Second,🔄 Repaired/Rework (2nd Quality Sale),4,172.0,176.0
PLEE0-2XL,PLEE01,Pants - Black,Pants,SOK08,Finished product,2XL,173.0,APT02,CHB01,2ND-BOX-58,Second,🔄 Repaired/Rework (2nd Quality Sale),1,113.0,114.0
DSAT0-XS,DSAT01,Dress - Gold,Dress,FIO08,Finished product,XS,173.0,APT02,CHB01,2ND-BOX-58,Second,🔄 Repaired/Rework (2nd Quality Sale),1,88.0,89.0
DSAT0-L,DSAT01,Dress - Blu,Dress,ATO08,Finished product,L,173.0,APT02,CHB01,2ND-BOX-58,Second,🔄 Repaired/Rework (2nd Quality Sale),1,134.0,135.0
DSAT0-XL,DSAT01,Dress - Rust,Dress,SUT08,Finished product,XL,173.0,APT02,CHB01,2ND-BOX-58,Second,🔄 Repaired/Rework (2nd Quality Sale),1,166.0,167.0
DSAT0-M,DSAT01,Dress - Vert,Dress,SAL08,Finished product,M,173.0,APT02,CHB01,2ND-BOX-58,Second,🔄 Repaired/Rework (2nd Quality Sale),1,196.0,197.0
DNAI0-S,DNAI01,Dress - Teal,Dress,ZEE24,Finished product,S,173.0,APT02,CHB01,FST-BOX-31,First,✨ Premium (1st Quality),6,10.0,16.0
DNAI0-M,DNAI01,Dress - Teal,Dress,ZEE24,Finished product,M,173.0,APT02,CHB01,FST-BOX-31,First,✨ Premium (1st Quality),9,21.0,30.0
DNAI0-L,DNAI01,Dress - Teal,Dress,ZEE24,Finished product,L,173.0,APT02,CHB01,FST-BOX-31,First,✨ Premium (1st Quality),2,13.0,15.0
DNAI0-XL,DNAI01,Dress - Teal,Dress,ZEE24,Finished product,XL,173.0,APT02,CHB01,FST-BOX-31,First,✨ Premium (1st Quality),1,14.0,15.0
DSAT0-XS,DSAT01,Dress - Cream,Dress,LAV08,Finished product,XS,173.0,APT02,CHB01,FST-BOX-31,First,✨ Premium (1st Quality),1,88.0,89.0
DSAT0-S,DSAT01,Dress - Cream,Dress,LAV08,Finished product,S,173.0,APT02,CHB01,FST-BOX-31,First,✨ Premium (1st Quality),6,153.0,159.0
DSAT0-M,DSAT01,Dress - Cream,Dress,LAV08,Finished product,M,173.0,APT02,CHB01,FST-BOX-31,First,✨ Premium (1st Quality),10,196.0,206.0
DSAT0-L,DSAT01,Dress - Cream,Dress,LAV08,Finished product,L,173.0,APT02,CHB01,FST-BOX-31,First,✨ Premium (1st Quality),4,134.0,138.0
DSAT0-M,DSAT01,Dress - Ivory,Dress,LUZ08,Finished product,M,173.0,APT02,CHB01,FST-BOX-31,First,✨ Premium (1st Quality),2,196.0,198.0
DSAT0-L,DSAT01,Dress - Ivory,Dress,LUZ08,Finished product,L,173.0,APT02,CHB01,FST-BOX-31,First,✨ Premium (1st Quality),1,134.0,135.0
DMAI0-XS,DMAI01,Dress - Blu,Dress,ARI08,Finished product,XS,173.0,APT02,CHB01,FST-BOX-31,First,✨ Premium (1st Quality),1,130.0,131.0
DMAI0-M,DMAI01,Dress - Blu,Dress,ARI08,Finished product,M,173.0,APT02,CHB01,FST-BOX-31,First,✨ Premium (1st Quality),4,225.0,229.0
DMAI0-L,DMAI01,Dress - Blu,Dress,ARI08,Finished product,L,173.0,APT02,CHB01,FST-BOX-31,First,✨ Premium (1st Quality),1,154.0,155.0
DMAI0-XL,DMAI01,Dress - Blu,Dress,ARI08,Finished product,XL,173.0,APT02,CHB01,FST-BOX-31,First,✨ Premium (1st Quality),1,99.0,100.0
DFAR0-S,DFAR01,Dress - Vert,Dress,NAR08,Finished product,S,173.0,APT02,CHB01,FST-BOX-31,First,✨ Premium (1st Quality),1,14.0,15.0
DFAR0-M,DFAR01,Dress - Vert,Dress,NAR08,Finished product,M,173.0,APT02,CHB01,FST-BOX-31,First,✨ Premium (1st Quality),4,17.0,21.0
DFAR0-L,DFAR01,Dress - Vert,Dress,NAR08,Finished product,L,173.0,APT02,CHB01,FST-BOX-31,First,✨ Premium (1st Quality),1,14.0,15.0
KMIN0-XSS,KMIN01,Kimono - Blu,Kimono,TOI41,Finished product,XSS,,APT02,CHB01,FST-BOX-31,First,✨ Premium (1st Quality),7,45.0,52.0
KMIN0-ML,KMIN01,Kimono - Blu,Kimono,TOI41,Finished product,ML,,APT02,CHB01,FST-BOX-31,First,✨ Premium (1st Quality),6,26.0,32.0
DSAT0-M,DSAT01,Dress - Noir,Dress,PET08,Finished product,M,173.0,APT02,CHB01,FST-BOX-31,First,✨ Premium (1st Quality),2,196.0,198.0
TIKA0-XS,TIKA01,Shirt - Blanc,Skirt,BEA27,Finished product,XS,173.0,APT02,CHB01,FST-BOX-31,First,✨ Premium (1st Quality),2,2.0,4.0
TIKA0-S,TIKA01,Shirt - Blanc,Skirt,BEA27,Finished product,S,173.0,APT02,CHB01,FST-BOX-31,First,✨ Premium (1st Quality),2,2.0,4.0
TIKA0-M,TIKA01,Shirt - Blanc,Skirt,BEA27,Finished product,M,173.0,APT02,CHB01,FST-BOX-31,First,✨ Premium (1st Quality),7,7.0,14.0
JUMY0-XL,JUMY01,Jumpsuit - Noir,Jumpsuit,SOL14,Finished product,XL,173.0,APT02,CHB01,2ND-BOX-59,Second,🔄 Repaired/Rework (2nd Quality Sale),7,68.0,75.0
JUMY0-S,JUMY01,Jumpsuit - Noir,Jumpsuit,SOL14,Finished product,S,173.0,APT02,CHB01,2ND-BOX-59,Second,🔄 Repaired/Rework (2nd Quality Sale),13,75.0,88.0
JUMY0-L,JUMY01,Jumpsuit - Noir,Jumpsuit,SOL14,Finished product,L,173.0,APT02,CHB01,2ND-BOX-59,Second,🔄 Repaired/Rework (2nd Quality Sale),6,57.0,63.0
DMAY0-2XL,DMAY01,Dress - Gold,Dress,FIO08,Finished product,2XL,173.0,APT02,CHB01,2ND-BOX-12,Second,🔄 Repaired/Rework (2nd Quality Sale),1,65.0,66.0
JUMY0-M,JUMY01,Jumpsuit - Noir,Jumpsuit,TUK08,Finished product,M,173.0,APT02,CHB01,2ND-BOX-25,Second,🔄 Repaired/Rework (2nd Quality Sale),1,67.0,68.0
JUMYO-3XL,JUMYO1,Jumpsuit - Vert,Jumpsuit,SAL08,Finished product,3XL,173.0,APT02,CHB01,2ND-BOX-25,Second,🔄 Repaired/Rework (2nd Quality Sale),1,2.0,3.0
JUMY0-M,JUMY01,Jumpsuit - Noir,Jumpsuit,SOL14,Finished product,M,173.0,APT02,CHB01,2ND-BOX-59,Second,🔄 Repaired/Rework (2nd Quality Sale),2,67.0,69.0
JUMY0-2XL,JUMY01,Jumpsuit - Noir,Jumpsuit,SOL14,Finished product,2XL,173.0,APT02,CHB01,2ND-BOX-59,Second,🔄 Repaired/Rework (2nd Quality Sale),2,38.0,40.0
JUMY0-XS,JUMY01,Jumpsuit - Teal,Jumpsuit,SOL14,Finished product,XS,173.0,APT02,CHB01,2ND-BOX-59,Second,🔄 Repaired/Rework (2nd Quality Sale),2,52.0,54.0
JUMY0-XS,JUMY01,Jumpsuit - Teal,Jumpsuit,ZEE24,Finished product,XS,173.0,APT02,CHB01,2ND-BOX-59,Second,🔄 Repaired/Rework (2nd Quality Sale),1,52.0,53.0
JUMY0-M,JUMY01,Jumpsuit - Rust,Jumpsuit,SOL14,Finished product,M,173.0,APT02,CHB01,2ND-BOX-59,Second,🔄 Repaired/Rework (2nd Quality Sale),1,67.0,68.0
JUMY0-XS,JUMY01,Jumpsuit - Rust,Jumpsuit,SOL14,Finished product,XS,173.0,APT02,CHB01,2ND-BOX-59,Second,🔄 Repaired/Rework (2nd Quality Sale),1,52.0,53.0
JUMYO-XS,JUMYO1,Jumpsuit - Vert,Jumpsuit,SAL08,Finished product,XS,173.0,APT02,CHB01,2ND-BOX-59,Second,🔄 Repaired/Rework (2nd Quality Sale),1,9.0,10.0
PLEE0-M,PLEE01,Pants - Black,Pants,SOK08,Finished product,M,173.0,APT02,CHB01,2ND-BOX-60,Second,🔄 Repaired/Rework (2nd Quality Sale),15,211.0,226.0
PLEE0-S,PLEE01,Pants - Black,Pants,SOK08,Finished product,S,173.0,APT02,CHB01,2ND-BOX-60,Second,🔄 Repaired/Rework (2nd Quality Sale),12,185.0,197.0
PLEE0-L,PLEE01,Pants - Black,Pants,SOK08,Finished product,L,173.0,APT02,CHB01,2ND-BOX-60,Second,🔄 Repaired/Rework (2nd Quality Sale),5,172.0,177.0
JUMY0-M,JUMY01,Jumpsuit - Noir,Jumpsuit,TUK08,Finished product,M,173.0,APT02,CHB01,2ND-BOX-60,Second,🔄 Repaired/Rework (2nd Quality Sale),4,67.0,71.0
JUMY0-XL,JUMY01,Jumpsuit - Noir,Jumpsuit,TUK08,Finished product,XL,173.0,APT02,CHB01,2ND-BOX-60,Second,🔄 Repaired/Rework (2nd Quality Sale),4,68.0,72.0
JUMY0-XS,JUMY01,Jumpsuit - Noir,Jumpsuit,TUK08,Finished product,XS,173.0,APT02,CHB01,2ND-BOX-60,Second,🔄 Repaired/Rework (2nd Quality Sale),2,52.0,54.0
JUMY0-L,JUMY01,Jumpsuit - Noir,Jumpsuit,TUK08,Finished product,L,173.0,APT02,CHB01,2ND-BOX-60,Second,🔄 Repaired/Rework (2nd Quality Sale),2,57.0,59.0
DLAL0-XS,DLAL01,Dress - Teal,Dress,WAL08,Finished product,XS,173.0,APT02,CHB01,2ND-BOX-60,Second,🔄 Repaired/Rework (2nd Quality Sale),2,50.0,52.0
DLAL0-L,DLAL01,Dress - Teal,Dress,WAL08,Finished product,L,173.0,APT02,CHB01,2ND-BOX-60,Second,🔄 Repaired/Rework (2nd Quality Sale),2,76.0,78.0
DLAL0-S,DLAL01,Dress - Noir,Dress,ALI08,Finished product,S,173.0,APT02,CHB01,2ND-BOX-60,Second,🔄 Repaired/Rework (2nd Quality Sale),3,19.0,22.0
DSAT0-3XL,DSAT01,Dress - Cream,Dress,TIL08,Finished product,3XL,173.0,APT02,CHB01,2ND-BOX-60,Second,🔄 Repaired/Rework (2nd Quality Sale),1,61.0,62.0
DSAT0-L,DSAT01,Dress - Cream,Dress,TIL08,Finished product,L,173.0,APT02,CHB01,2ND-BOX-60,Second,🔄 Repaired/Rework (2nd Quality Sale),1,134.0,135.0
DSAT0-2XL,DSAT01,Dress - Blu,Dress,BAT08,Finished product,2XL,173.0,APT02,CHB01,2ND-BOX-60,Second,🔄 Repaired/Rework (2nd Quality Sale),1,113.0,114.0
TNAK0-L,TNAK01,Top - Noir,Top,ISL08,Finished product,L,173.0,APT02,CHB01,2ND-BOX-60,Second,🔄 Repaired/Rework (2nd Quality Sale),1,1.0,2.0
DLAL0-S,DLAL01,Dress - Teal,Dress,WAL08,Finished product,S,173.0,APT02,CHB01,2ND-BOX-60,Second,🔄 Repaired/Rework (2nd Quality Sale),1,19.0,20.0
DLAL0-S,DLAL01,Dress - Orange,Dress,ARB08,Finished product,S,173.0,APT02,CHB01,2ND-BOX-60,Second,🔄 Repaired/Rework (2nd Quality Sale),1,19.0,20.0
DLAL0-3XL,DLAL01,Dress - Gold,Dress,SUT08,Finished product,3XL,173.0,APT02,CHB01,2ND-BOX-60,Second,🔄 Repaired/Rework (2nd Quality Sale),3,20.0,23.0
DLAL0-XS,DLAL01,Dress - Gold,Dress,SUT08,Finished product,XS,173.0,APT02,CHB01,2ND-BOX-60,Second,🔄 Repaired/Rework (2nd Quality Sale),3,50.0,53.0
DLAL0-M,DLAL01,Dress - Gold,Dress,SUT08,Finished product,M,173.0,APT02,CHB01,2ND-BOX-60,Second,🔄 Repaired/Rework (2nd Quality Sale),7,42.0,49.0
DLAL0-XL,DLAL01,Dress - Gold,Dress,SUT08,Finished product,XL,173.0,APT02,CHB01,2ND-BOX-60,Second,🔄 Repaired/Rework (2nd Quality Sale),3,51.0,54.0
DLAL0-3XL,DLAL01,Dress - Blu,Dress,COS08,Finished product,3XL,173.0,APT02,CHB01,2ND-BOX-60,Second,🔄 Repaired/Rework (2nd Quality Sale),1,20.0,21.0
PLEE0-XS,PLEE01,Pants - Cream,Pants,TIL08,Finished product,XS,173.0,APT02,CHB01,2ND-BOX-60,Second,🔄 Repaired/Rework (2nd Quality Sale),10,174.0,184.0
PLEE0-S,PLEE01,Pants - Cream,Pants,TIL08,Finished product,S,173.0,APT02,CHB01,2ND-BOX-60,Second,🔄 Repaired/Rework (2nd Quality Sale),13,185.0,198.0
PLEE0-M,PLEE01,Pants - Cream,Pants,TIL08,Finished product,M,173.0,APT02,CHB01,2ND-BOX-60,Second,🔄 Repaired/Rework (2nd Quality Sale),7,211.0,218.0
PLEE0-XL,PLEE01,Pants - Cream,Pants,TIL08,Finished product,XL,173.0,APT02,CHB01,2ND-BOX-60,Second,🔄 Repaired/Rework (2nd Quality Sale),3,108.0,111.0
PLEE0-L,PLEE01,Pants - Vert,Pants,SAL08,Finished product,L,173.0,APT02,CHB01,2ND-BOX-60,Second,🔄 Repaired/Rework (2nd Quality Sale),10,172.0,182.0
PLEE0-2XL,PLEE01,Pants - Vert,Pants,SAL08,Finished product,2XL,173.0,APT02,CHB01,2ND-BOX-60,Second,🔄 Repaired/Rework (2nd Quality Sale),1,113.0,114.0
PLEE0-S,PLEE01,Pants - Gold,Pants,TEX08,Finished product,S,173.0,APT02,CHB01,2ND-BOX-60,Second,🔄 Repaired/Rework (2nd Quality Sale),3,185.0,188.0
PLEE0-XS,PLEE01,Pants - Gold,Pants,TEX08,Finished product,XS,173.0,APT02,CHB01,2ND-BOX-60,Second,🔄 Repaired/Rework (2nd Quality Sale),1,174.0,175.0
PLEE1-XS,PLEE11,Pants - Black,Pants,LIN08,Finished product,XS,173.0,APT02,CHB01,2ND-BOX-60,Second,🔄 Repaired/Rework (2nd Quality Sale),3,25.0,28.0
PLEE0-XS,PLEE01,Pants - Rose,Pants,ATO08,Finished product,XS,173.0,APT02,CHB01,2ND-BOX-60,Second,🔄 Repaired/Rework (2nd Quality Sale),1,174.0,175.0
PLEE0-L,PLEE01,Pants - Rose,Pants,ATO08,Finished product,L,173.0,APT02,CHB01,2ND-BOX-60,Second,🔄 Repaired/Rework (2nd Quality Sale),1,172.0,173.0
PLEE0-XS,PLEE01,Pants - Black,Pants,SUT08,Finished product,XS,173.0,APT02,CHB01,2ND-BOX-60,Second,🔄 Repaired/Rework (2nd Quality Sale),1,174.0,175.0
PLEE0-M,PLEE01,Pants - Gold,Pants,SUT08,Finished product,M,173.0,APT02,CHB01,2ND-BOX-60,Second,🔄 Repaired/Rework (2nd Quality Sale),5,211.0,216.0
PLEE0-S,PLEE01,Pants - Gold,Pants,SUT08,Finished product,S,173.0,APT02,CHB01,2ND-BOX-60,Second,🔄 Repaired/Rework (2nd Quality Sale),2,185.0,187.0
PLEE0-L,PLEE01,Pants - Noir,Pants,SOL14,Finished product,L,173.0,APT02,CHB01,2ND-BOX-60,Second,🔄 Repaired/Rework (2nd Quality Sale),2,172.0,174.0
PLEE0-3XL,PLEE01,Pants - Noir,Pants,SOL14,Finished product,3XL,173.0,APT02,CHB01,2ND-BOX-60,Second,🔄 Repaired/Rework (2nd Quality Sale),1,56.0,57.0
PLEE0-XS,PLEE01,Pants - Noir,Pants,SOL14,Finished product,XS,173.0,APT02,CHB01,2ND-BOX-60,Second,🔄 Repaired/Rework (2nd Quality Sale),1,174.0,175.0
PLEE0-M,PLEE01,Pants - Rust,Pants,SOL14,Finished product,M,173.0,APT02,CHB01,2ND-BOX-60,Second,🔄 Repaired/Rework (2nd Quality Sale),1,211.0,212.0
PLEE0-L,PLEE01,Pants - Rust,Pants,SOL14,Finished product,L,173.0,APT02,CHB01,2ND-BOX-60,Second,🔄 Repaired/Rework (2nd Quality Sale),1,172.0,173.0
PLEE0-2XL,PLEE01,Pants - Rust,Pants,SOL14,Finished product,2XL,173.0,APT02,CHB01,2ND-BOX-60,Second,🔄 Repaired/Rework (2nd Quality Sale),1,113.0,114.0
PLEE0-S,PLEE01,Pants - Cream,Pants,GAR08,Finished product,S,173.0,APT02,CHB01,2ND-BOX-60,Second,🔄 Repaired/Rework (2nd Quality Sale),1,185.0,186.0
PLEE0-2XL,PLEE01,Pants - Rust,Pants,SUT08,Finished product,2XL,173.0,APT02,CHB01,2ND-BOX-60,Second,🔄 Repaired/Rework (2nd Quality Sale),1,113.0,114.0
PLEE0-XS,PLEE01,Pants - Blu,Pants,BAT08,Finished product,XS,173.0,APT02,CHB01,2ND-BOX-60,Second,🔄 Repaired/Rework (2nd Quality Sale),2,174.0,176.0
PLEE0-3XL,PLEE01,Pants - Cream,Pants,ZEN08,Finished product,3XL,173.0,APT02,CHB01,2ND-BOX-60,Second,🔄 Repaired/Rework (2nd Quality Sale),1,56.0,57.0
PLEE0-2XL,PLEE01,Pants - Rose,Pants,BLO08,Finished product,2XL,173.0,APT02,CHB01,2ND-BOX-60,Second,🔄 Repaired/Rework (2nd Quality Sale),1,113.0,114.0
PLEE0-L,PLEE01,Pants - White,Pants,ZEN08,Finished product,L,173.0,APT02,CHB01,2ND-BOX-60,Second,🔄 Repaired/Rework (2nd Quality Sale),1,172.0,173.0
PLEE0-L,PLEE01,Pants - Teal,Pants,BLO08,Finished product,L,173.0,APT02,CHB01,2ND-BOX-60,Second,🔄 Repaired/Rework (2nd Quality Sale),1,172.0,173.0
PLEE0-XS,PLEE01,Pants - Blu,Pants,SUT08,Finished product,XS,173.0,APT02,CHB01,2ND-BOX-60,Second,🔄 Repaired/Rework (2nd Quality Sale),1,174.0,175.0
PLEE1-M,PLEE11,Pants - Azul,Pants,LIN08,Finished product,M,173.0,APT02,CHB01,2ND-BOX-60,Second,🔄 Repaired/Rework (2nd Quality Sale),1,11.0,12.0
JUMY0-XL,JUMY01,Jumpsuit - Blue,Jumpsuit,YRA08,Finished product,XL,173.0,APT02,CHB01,2ND-BOX-25,Second,🔄 Repaired/Rework (2nd Quality Sale),1,68.0,69.0
JUMY0-M,JUMY01,Jumpsuit - Blue,Jumpsuit,YRA08,Finished product,M,173.0,APT02,CHB01,2ND-BOX-25,Second,🔄 Repaired/Rework (2nd Quality Sale),1,67.0,68.0
JUMY0-M,JUMY01,Jumpsuit - Teal,Jumpsuit,WAL08,Finished product,M,173.0,APT02,CHB01,2ND-BOX-25,Second,🔄 Repaired/Rework (2nd Quality Sale),1,67.0,68.0
JUMY0-S,JUMY01,Jumpsuit - Teal,Jumpsuit,WAL08,Finished product,S,173.0,APT02,CHB01,2ND-BOX-25,Second,🔄 Repaired/Rework (2nd Quality Sale),1,75.0,76.0
JUMY0-XL,JUMY01,Jumpsuit - Rust,Jumpsuit,SOL14,Finished product,XL,173.0,APT02,CHB01,2ND-BOX-25,Second,🔄 Repaired/Rework (2nd Quality Sale),1,68.0,69.0
PLEE0-M,PLEE01,Pants - Gold,Pants,SUT08,Finished product,M,173.0,APT02,CHB01,2ND-BOX-62,Second,🔄 Repaired/Rework (2nd Quality Sale),13,211.0,224.0
PLEE0-S,PLEE01,Pants - Gold,Pants,SUT08,Finished product,S,173.0,APT02,CHB01,2ND-BOX-62,Second,🔄 Repaired/Rework (2nd Quality Sale),12,185.0,197.0
PLEE0-2XL,PLEE01,Pants - Gold,Pants,SUT08,Finished product,2XL,173.0,APT02,CHB01,2ND-BOX-62,Second,🔄 Repaired/Rework (2nd Quality Sale),4,113.0,117.0
PLEE0-3XL,PLEE01,Pants - Gold,Pants,SUT08,Finished product,3XL,173.0,APT02,CHB01,2ND-BOX-62,Second,🔄 Repaired/Rework (2nd Quality Sale),2,56.0,58.0
PLEE0-L,PLEE01,Pants - Gold,Pants,SUT08,Finished product,L,173.0,APT02,CHB01,2ND-BOX-62,Second,🔄 Repaired/Rework (2nd Quality Sale),5,172.0,177.0
PLEE0-XS,PLEE01,Pants - Black,Pants,SOK08,Finished product,XS,173.0,APT02,CHB01,2ND-BOX-62,Second,🔄 Repaired/Rework (2nd Quality Sale),2,174.0,176.0
PLEE0-S,PLEE01,Pants - Black,Pants,SOK08,Finished product,S,173.0,APT02,CHB01,2ND-BOX-62,Second,🔄 Repaired/Rework (2nd Quality Sale),2,185.0,187.0
PLEE0-L,PLEE01,Pants - Black,Pants,SOK08,Finished product,L,173.0,APT02,CHB01,2ND-BOX-62,Second,🔄 Repaired/Rework (2nd Quality Sale),2,172.0,174.0
PLEE0-M,PLEE01,Pants - Black,Pants,SOK08,Finished product,M,173.0,APT02,CHB01,2ND-BOX-62,Second,🔄 Repaired/Rework (2nd Quality Sale),2,211.0,213.0
PLEE0-S,PLEE01,Pants - Gold,Pants,TEX08,Finished product,S,173.0,APT02,CHB01,2ND-BOX-62,Second,🔄 Repaired/Rework (2nd Quality Sale),4,185.0,189.0
PLEE0-XS,PLEE01,Pants - Gold,Pants,TEX08,Finished product,XS,173.0,APT02,CHB01,2ND-BOX-62,Second,🔄 Repaired/Rework (2nd Quality Sale),3,174.0,177.0
PLEE1-3XL,PLEE11,Pants - Black,Pants,LIN08,Finished product,3XL,173.0,APT02,CHB01,2ND-BOX-62,Second,🔄 Repaired/Rework (2nd Quality Sale),1,2.0,3.0
PLEE1-XS,PLEE11,Pants - Black,Pants,LIN08,Finished product,XS,173.0,APT02,CHB01,2ND-BOX-62,Second,🔄 Repaired/Rework (2nd Quality Sale),1,25.0,26.0
PLEE1-XL,PLEE11,Pants - Black,Pants,LIN08,Finished product,XL,173.0,APT02,CHB01,2ND-BOX-62,Second,🔄 Repaired/Rework (2nd Quality Sale),1,2.0,3.0
PLEE1-S,PLEE11,Pants - Black,Pants,LIN08,Finished product,S,173.0,APT02,CHB01,2ND-BOX-62,Second,🔄 Repaired/Rework (2nd Quality Sale),1,10.0,11.0
PLEE0-L,PLEE01,Pants - Vert,Pants,SAL08,Finished product,L,173.0,APT02,CHB01,2ND-BOX-62,Second,🔄 Repaired/Rework (2nd Quality Sale),6,172.0,178.0
PLEE0-M,PLEE01,Pants - Rust,Pants,SOL14,Finished product,M,173.0,APT02,CHB01,2ND-BOX-62,Second,🔄 Repaired/Rework (2nd Quality Sale),2,211.0,213.0
PLEE0-S,PLEE01,Pants - Rust,Pants,SOL14,Finished product,S,173.0,APT02,CHB01,2ND-BOX-62,Second,🔄 Repaired/Rework (2nd Quality Sale),2,185.0,187.0
PLEE0-XS,PLEE01,Pants - Black,Pants,SUT08,Finished product,XS,173.0,APT02,CHB01,2ND-BOX-62,Second,🔄 Repaired/Rework (2nd Quality Sale),2,174.0,176.0
PLEE0-L,PLEE01,Pants - Noir,Pants,SOL14,Finished product,L,173.0,APT02,CHB01,2ND-BOX-62,Second,🔄 Repaired/Rework (2nd Quality Sale),1,172.0,173.0
PLEE0-M,PLEE01,Pants - Cream,Pants,TIL08,Finished product,M,173.0,APT02,CHB01,2ND-BOX-62,Second,🔄 Repaired/Rework (2nd Quality Sale),1,211.0,212.0
PLEE0-XS,PLEE01,Pants - Blu,Pants,ATO08,Finished product,XS,173.0,APT02,CHB01,2ND-BOX-62,Second,🔄 Repaired/Rework (2nd Quality Sale),1,174.0,175.0
PLEE0-S,PLEE01,Pants - Noir,Pants,HER08,Finished product,S,173.0,APT02,CHB01,2ND-BOX-62,Second,🔄 Repaired/Rework (2nd Quality Sale),1,185.0,186.0
JUMY0-XL,JUMY01,Jumpsuit - Noir,Jumpsuit,SOL14,Finished product,XL,173.0,APT02,CHB01,2ND-BOX-25,Second,🔄 Repaired/Rework (2nd Quality Sale),1,68.0,69.0
PJAN0-M,PJAN01,Pants - Navy,Pants,SOR08,Finished product,M,173.0,APT02,CHB01,FST-BOX-31,First,✨ Premium (1st Quality),1,7.0,8.0
TINA0-M,TINA01,Top - Navy,Top,SOR08,Finished product,M,,APT02,CHB01,FST-BOX-31,First,✨ Premium (1st Quality),1,1.0,2.0
PJAN0-S,PJAN01,Pants - Navy,Pants,ULA08,Finished product,S,173.0,APT02,CHB01,FST-BOX-31,First,✨ Premium (1st Quality),1,7.0,8.0
XMOU0-OS,XMOU01,Top - Navy,Headwrap,ULA08,Finished product,OS,,APT02,CHB01,FST-BOX-31,First,✨ Premium (1st Quality),1,1.0,2.0
DSAT0-3XL-C,DSAT01,Dress - Olive,Dress,ALI08,Finished product,3XL,186.0,APT02,CHB01,FST-BOX-31,First,✨ Premium (1st Quality),1,2.0,3.0
KMIN0-2XL,KMIN01,Kimono - Vert,Kimono,SAL08,Finished product,2XL,173.0,APT02,CHB01,2ND-BOX-63,Second,🔄 Repaired/Rework (2nd Quality Sale),10,53.0,63.0
KMIN0-XSS,KMIN01,Kimono - Vert,Kimono,SAL08,Finished product,XSS,173.0,APT02,CHB01,2ND-BOX-63,Second,🔄 Repaired/Rework (2nd Quality Sale),3,45.0,48.0
KMIN0-XL,KMIN01,Kimono - Cream,Kimono,TIL08,Finished product,XL,173.0,APT02,CHB01,2ND-BOX-63,Second,🔄 Repaired/Rework (2nd Quality Sale),1,30.0,31.0
KMIN0-3XL,KMIN01,Kimono - Cream,Kimono,TIL08,Finished product,3XL,173.0,APT02,CHB01,2ND-BOX-63,Second,🔄 Repaired/Rework (2nd Quality Sale),1,26.0,27.0
KMIN0-2XL,KMIN01,Kimono - Cream,Kimono,TIL08,Finished product,2XL,173.0,APT02,CHB01,2ND-BOX-63,Second,🔄 Repaired/Rework (2nd Quality Sale),2,53.0,55.0
KMIN0-XSS,KMIN01,Kimono - Cream,Kimono,TIL08,Finished product,XSS,173.0,APT02,CHB01,2ND-BOX-63,Second,🔄 Repaired/Rework (2nd Quality Sale),2,45.0,47.0
KMIN0-XSS,KMIN01,Kimono - Teal,Kimono,BLO08,Finished product,XSS,173.0,APT02,CHB01,2ND-BOX-63,Second,🔄 Repaired/Rework (2nd Quality Sale),13,45.0,58.0
KMIN1-ML,KMIN11,Kimono - Yellow,Kimono,ANA08,Finished product,ML,173.0,APT02,CHB01,2ND-BOX-63,Second,🔄 Repaired/Rework (2nd Quality Sale),13,22.0,35.0
KMIN1-3XL,KMIN11,Kimono - Yellow,Kimono,ANA08,Finished product,3XL,173.0,APT02,CHB01,2ND-BOX-63,Second,🔄 Repaired/Rework (2nd Quality Sale),4,9.0,13.0
KMIN0-XL,KMIN01,Kimono - Noir,Kimono,HER08,Finished product,XL,173.0,APT02,CHB01,2ND-BOX-63,Second,🔄 Repaired/Rework (2nd Quality Sale),2,30.0,32.0
KMIN0-2XL,KMIN01,Kimono - Noir,Kimono,HER08,Finished product,2XL,173.0,APT02,CHB01,2ND-BOX-63,Second,🔄 Repaired/Rework (2nd Quality Sale),1,53.0,54.0
KMIN0-XSS,KMIN01,Kimono - Rose,Kimono,ATO08,Finished product,XSS,173.0,APT02,CHB01,2ND-BOX-63,Second,🔄 Repaired/Rework (2nd Quality Sale),3,45.0,48.0
KMIN0-XL,KMIN01,Kimono - Rose,Kimono,ATO08,Finished product,XL,173.0,APT02,CHB01,2ND-BOX-63,Second,🔄 Repaired/Rework (2nd Quality Sale),1,30.0,31.0
KMIN0-XSS,KMIN01,Kimono - Gold,Kimono,SUT08,Finished product,XSS,173.0,APT02,CHB01,2ND-BOX-63,Second,🔄 Repaired/Rework (2nd Quality Sale),1,45.0,46.0
KMIN0-2XL,KMIN01,Kimono - Cream,Kimono,ZEN08,Finished product,2XL,173.0,APT02,CHB01,2ND-BOX-63,Second,🔄 Repaired/Rework (2nd Quality Sale),2,53.0,55.0
KMIN0-XSS,KMIN01,Kimono - White,Kimono,NDA08,Finished product,XSS,173.0,APT02,CHB01,2ND-BOX-63,Second,🔄 Repaired/Rework (2nd Quality Sale),1,45.0,46.0
DFAN0-L,DFAN01,Dress - Cream,Dress,TIL08,Finished product,L,173.0,APT02,CHB01,2ND-BOX-64,Second,🔄 Repaired/Rework (2nd Quality Sale),1,40.0,41.0
DFAN0-M,DFAN01,Dress - Cream,Dress,TIL08,Finished product,M,173.0,APT02,CHB01,2ND-BOX-64,Second,🔄 Repaired/Rework (2nd Quality Sale),1,32.0,33.0
DFAN0-3XL,DFAN01,Dress - Cream,Dress,TIL08,Finished product,3XL,173.0,APT02,CHB01,2ND-BOX-64,Second,🔄 Repaired/Rework (2nd Quality Sale),1,7.0,8.0
DFAN0-S,DFAN01,Dress - Cream,Dress,TIL08,Finished product,S,173.0,APT02,CHB01,2ND-BOX-64,Second,🔄 Repaired/Rework (2nd Quality Sale),1,28.0,29.0
DFAN0-2XL,DFAN01,Dress - Cream,Dress,TIL08,Finished product,2XL,173.0,APT02,CHB01,2ND-BOX-64,Second,🔄 Repaired/Rework (2nd Quality Sale),1,36.0,37.0
DLAL0-XL,DLAL01,Dress - Gold,Dress,SUT08,Finished product,XL,173.0,APT02,CHB01,2ND-BOX-64,Second,🔄 Repaired/Rework (2nd Quality Sale),9,51.0,60.0
DLAL0-M,DLAL01,Dress - Gold,Dress,SUT08,Finished product,M,173.0,APT02,CHB01,2ND-BOX-64,Second,🔄 Repaired/Rework (2nd Quality Sale),3,42.0,45.0
DLAL0-XS,DLAL01,Dress - Gold,Dress,SUT08,Finished product,XS,173.0,APT02,CHB01,2ND-BOX-64,Second,🔄 Repaired/Rework (2nd Quality Sale),6,50.0,56.0
DMAR0-3XL,DMAR01,Dress - Blu,Dress,GYR08,Finished product,3XL,173.0,APT02,CHB01,2ND-BOX-64,Second,🔄 Repaired/Rework (2nd Quality Sale),2,22.0,24.0
DMAR0-XL,DMAR01,Dress - Blu,Dress,GYR08,Finished product,XL,173.0,APT02,CHB01,2ND-BOX-64,Second,🔄 Repaired/Rework (2nd Quality Sale),1,31.0,32.0
DMAR0-L,DMAR01,Dress - Blu,Dress,GYR08,Finished product,L,173.0,APT02,CHB01,2ND-BOX-64,Second,🔄 Repaired/Rework (2nd Quality Sale),1,13.0,14.0
DMAR0-2XL,DMAR01,Dress - Blu,Dress,GYR08,Finished product,2XL,173.0,APT02,CHB01,2ND-BOX-64,Second,🔄 Repaired/Rework (2nd Quality Sale),1,48.0,49.0
DMAR0-XS,DMAR01,Dress - Blu,Dress,GYR08,Finished product,XS,173.0,APT02,CHB01,2ND-BOX-64,Second,🔄 Repaired/Rework (2nd Quality Sale),7,16.0,23.0
DMAR0-XS,DMAR01,Dress - Cream,Dress,GAR08,Finished product,XS,173.0,APT02,CHB01,2ND-BOX-64,Second,🔄 Repaired/Rework (2nd Quality Sale),1,16.0,17.0
DMAR0-S,DMAR01,Dress - Cream,Dress,GAR08,Finished product,S,173.0,APT02,CHB01,2ND-BOX-64,Second,🔄 Repaired/Rework (2nd Quality Sale),1,7.0,8.0
PLEE0-2XL,PLEE01,Pants - Vert,Pants,SAL08,Finished product,2XL,173.0,APT02,CHB01,2ND-BOX-62,Second,🔄 Repaired/Rework (2nd Quality Sale),1,113.0,114.0
PLEE0-2XL,PLEE01,Pants - Rust,Pants,SOL14,Finished product,2XL,173.0,APT02,CHB01,2ND-BOX-62,Second,🔄 Repaired/Rework (2nd Quality Sale),1,113.0,114.0
PLEE0-XL,PLEE01,Pants - Noir,Pants,SOL14,Finished product,XL,173.0,APT02,CHB01,2ND-BOX-62,Second,🔄 Repaired/Rework (2nd Quality Sale),1,108.0,109.0
PLEE0-XS,PLEE01,Pants - Gold,Pants,SUT08,Finished product,XS,173.0,APT02,CHB01,2ND-BOX-62,Second,🔄 Repaired/Rework (2nd Quality Sale),1,174.0,175.0
PLEE0-XS,PLEE01,Pants - Cream,Pants,TIL08,Finished product,XS,173.0,APT02,CHB01,2ND-BOX-62,Second,🔄 Repaired/Rework (2nd Quality Sale),2,174.0,176.0
YSEU0-XSS,YSEU01,Skirt - Noir,Skirt,HER08,Finished product,XSS,173.0,APT02,CHB01,2ND-BOX-64,Second,🔄 Repaired/Rework (2nd Quality Sale),1,181.0,182.0
YSEU0-XL,YSEU01,Skirt - Noir,Skirt,HER08,Finished product,XL,173.0,APT02,CHB01,2ND-BOX-64,Second,🔄 Repaired/Rework (2nd Quality Sale),2,95.0,97.0
YSEU0-XSS,YSEU01,Skirt - Teal,Skirt,BLO08,Finished product,XSS,173.0,APT02,CHB01,2ND-BOX-64,Second,🔄 Repaired/Rework (2nd Quality Sale),2,181.0,183.0
YSEU0-ML,YSEU01,Skirt - Teal,Skirt,BLO08,Finished product,ML,173.0,APT02,CHB01,2ND-BOX-64,Second,🔄 Repaired/Rework (2nd Quality Sale),1,181.0,182.0
YSEU0-ML,YSEU01,Skirt - Blu,Skirt,SUT08,Finished product,ML,173.0,APT02,CHB01,2ND-BOX-64,Second,🔄 Repaired/Rework (2nd Quality Sale),1,181.0,182.0
YSEU0-XL,YSEU01,Skirt - Rose,Skirt,ATO08,Finished product,XL,173.0,APT02,CHB01,2ND-BOX-64,Second,🔄 Repaired/Rework (2nd Quality Sale),1,95.0,96.0
YSEU0-ML,YSEU01,Skirt - Noir,Skirt,IMA08,Finished product,ML,173.0,APT02,CHB01,2ND-BOX-64,Second,🔄 Repaired/Rework (2nd Quality Sale),1,181.0,182.0
YSEU0-XL,YSEU01,Skirt - Noir,Skirt,IMA08,Finished product,XL,173.0,APT02,CHB01,2ND-BOX-64,Second,🔄 Repaired/Rework (2nd Quality Sale),1,95.0,96.0
YSEU0-ML,YSEU01,Skirt - Noir,Skirt,ABS08,Finished product,ML,173.0,APT02,CHB01,2ND-BOX-64,Second,🔄 Repaired/Rework (2nd Quality Sale),1,181.0,182.0
JUMYO-M,JUMYO1,Jumpsuit - Vert,Jumpsuit,SAL08,Finished product,M,173.0,APT02,CHB01,2ND-BOX-25,Second,🔄 Repaired/Rework (2nd Quality Sale),1,1.0,2.0
JUMY1-S,JUMY11,Jumpsuit - White,Jumpsuit,SIN08,Finished product,S,173.0,APT02,CHB01,2ND-BOX-25,Second,🔄 Repaired/Rework (2nd Quality Sale),1,1.0,2.0
TREE0-3XL,TREE01,Top - Vert,Top,SAL08,Finished product,3XL,173.0,APT02,CHB01,2ND-BOX-39,Second,🔄 Repaired/Rework (2nd Quality Sale),1,6.0,7.0
PLEE0-2XL,PLEE01,Pants - Noir,Pants,IMA08,Finished product,2XL,173.0,APT02,CHB01,2ND-BOX-62,Second,🔄 Repaired/Rework (2nd Quality Sale),1,113.0,114.0
PLEE0-2XL,PLEE01,Pants - Black,Pants,GUD08,Finished product,2XL,173.0,APT02,CHB01,2ND-BOX-62,Second,🔄 Repaired/Rework (2nd Quality Sale),1,113.0,114.0
PLEE0-2XL,PLEE01,Pants - Mustard,Pants,SOL14,Finished product,2XL,173.0,APT02,CHB01,2ND-BOX-62,Second,🔄 Repaired/Rework (2nd Quality Sale),2,113.0,115.0
DLAL0-XS,DLAL01,Dress - Gold,Dress,SUT08,Finished product,XS,173.0,APT02,CHB01,2ND-BOX-62,Second,🔄 Repaired/Rework (2nd Quality Sale),1,50.0,51.0
DLAL0-XS,DLAL01,Dress - Gold,Dress,SUT08,Finished product,XS,173.0,APT02,CHB01,2ND-BOX-65,Second,🔄 Repaired/Rework (2nd Quality Sale),8,50.0,58.0
DLAL0-M,DLAL01,Dress - Gold,Dress,SUT08,Finished product,M,173.0,APT02,CHB01,2ND-BOX-65,Second,🔄 Repaired/Rework (2nd Quality Sale),5,42.0,47.0
DLAL0-L,DLAL01,Dress - Gold,Dress,SUT08,Finished product,L,173.0,APT02,CHB01,2ND-BOX-65,Second,🔄 Repaired/Rework (2nd Quality Sale),9,76.0,85.0
DLAL0-XL,DLAL01,Dress - Gold,Dress,SUT08,Finished product,XL,173.0,APT02,CHB01,2ND-BOX-65,Second,🔄 Repaired/Rework (2nd Quality Sale),6,51.0,57.0
YSEU0-2XL,YSEU01,Skirt - aqua,Skirt,PLA08,Finished product,2XL,173.0,APT02,CHB01,2ND-BOX-64,Second,🔄 Repaired/Rework (2nd Quality Sale),1,76.0,77.0
DYAL0-XL,DYAL01,Dress - Teal,Dress,SOL14,Finished product,XL,173.0,APT02,CHB01,2ND-BOX-65,Second,🔄 Repaired/Rework (2nd Quality Sale),5,12.0,17.0
DSAT0-L,DSAT01,Dress - Vert,Dress,PAL08,Finished product,L,173.0,APT02,CHB01,2ND-BOX-23,Second,🔄 Repaired/Rework (2nd Quality Sale),1,134.0,135.0
DSAT0-M,DSAT01,Dress - Blanc,Dress,DHA20,Finished product,M,173.0,APT02,CHB01,2ND-BOX-23,Second,🔄 Repaired/Rework (2nd Quality Sale),1,196.0,197.0
KBOU0-OS,KBOU01,Kimono - Teal,Kimono,BWA08,Finished product,OS,173.0,APT02,CHB01,2ND-BOX-65,Second,🔄 Repaired/Rework (2nd Quality Sale),1,42.0,43.0
JLEA0-L,JLEA01,Jumpsuit - Noir,Jumpsuit,HER08,Finished product,L,173.0,APT02,CHB01,2ND-BOX-65,Second,🔄 Repaired/Rework (2nd Quality Sale),1,3.0,4.0
JLEA0-2XL,JLEA01,Jumpsuit - Noir,Jumpsuit,HER08,Finished product,2XL,173.0,APT02,CHB01,2ND-BOX-65,Second,🔄 Repaired/Rework (2nd Quality Sale),1,3.0,4.0
DMED0-XL,DMED01,Dress - Rust,Dress,SCR12,Finished product,XL,173.0,APT02,CHB01,FST-BOX-31,First,✨ Premium (1st Quality),1,2.0,3.0
DTUB0-2XL,DTUB01,Dress - Navy,Dress,LUM08,Finished product,2XL,173.0,APT02,CHB01,FST-BOX-31,First,✨ Premium (1st Quality),1,1.0,2.0
TREE0-S,TREE01,Top - Vert,Top,SAL08,Finished product,S,,APT02,CHB01,2ND-BOX-55,Second,🔄 Repaired/Rework (2nd Quality Sale),1,3.0,4.0
TZAN0-M,TZAN01,Top - Cream,Top,TIL08,Finished product,M,,APT02,CHB01,2ND-BOX-55,Second,🔄 Repaired/Rework (2nd Quality Sale),1,6.0,7.0
TZAN0-3XL,TZAN01,Top - Cream,Top,TIL08,Finished product,3XL,,APT02,CHB01,2ND-BOX-55,Second,🔄 Repaired/Rework (2nd Quality Sale),1,13.0,14.0
JUMY0-L,JUMY01,Jumpsuit - Rose,Jumpsuit,ABS08,Finished product,L,173.0,APT02,CHB01,2ND-BOX-55,Second,🔄 Repaired/Rework (2nd Quality Sale),1,57.0,58.0
DSAT0-M,DSAT01,Dress - Vert,Dress,SAL08,Finished product,M,173.0,APT02,CHB01,2ND-BOX-55,Second,🔄 Repaired/Rework (2nd Quality Sale),1,196.0,197.0
DSAT0-L,DSAT01,Dress - Vert,Dress,SAL08,Finished product,L,173.0,APT02,CHB01,2ND-BOX-55,Second,🔄 Repaired/Rework (2nd Quality Sale),1,134.0,135.0
TZAN0-M,TZAN01,Top - Gold,Top,DHA20,Finished product,M,,APT02,CHB01,FST-BOX-28,First,✨ Premium (1st Quality),1,6.0,7.0
DNAI0-L,DNAI01,Dress - Gold,Dress,DHA20,Finished product,L,173.0,APT02,CHB01,FST-BOX-28,First,✨ Premium (1st Quality),1,13.0,14.0
PJAN0-S,PJAN01,Pants - Rose,Pants,SAN08,Finished product,S,173.0,APT02,CHB01,FST-BOX-28,First,✨ Premium (1st Quality),1,7.0,8.0
DSAT0-L-C,DSAT01,Dress - Gold,Dress,TEX08,Finished product,L,176.0,APT02,CHB01,FST-BOX-28,First,✨ Premium (1st Quality),1,3.0,4.0
DSAT0-M-C,DSAT01,Dress - Gold,Dress,TEX08,Finished product,M,176.0,APT02,CHB01,FST-BOX-28,First,✨ Premium (1st Quality),1,4.0,5.0
DSAT0-L-C,DSAT01,Dress - Rose,Dress,PLA08,Finished product,L,176.0,APT02,CHB01,FST-BOX-28,First,✨ Premium (1st Quality),1,3.0,4.0
DSAT0-L-C,DSAT01,Dress - Gold,Dress,DHA20,Finished product,L,178.0,APT02,CHB01,FST-BOX-28,First,✨ Premium (1st Quality),1,3.0,4.0
DTUB0-M,DTUB01,Dress - Blu,Dress,AUR08,Finished product,M,173.0,APT02,CHB01,FST-BOX-28,First,✨ Premium (1st Quality),1,5.0,6.0
YSEU0-XSS,YSEU01,Skirt - Olive,Skirt,ALI08,Finished product,XSS,173.0,APT02,CHB01,FST-BOX-28,First,✨ Premium (1st Quality),1,181.0,182.0
TFAT0-S,TFAT01,Top - Mustard,Top,JAR08,Finished product,S,,APT02,CHB01,2ND-BOX-55,Second,🔄 Repaired/Rework (2nd Quality Sale),1,1.0,2.0
YLYS0-M,YLYS01,Skirt - Rust,Skirt,DHA20,Finished product,M,173.0,APT02,CHB01,FST-BOX-28,First,✨ Premium (1st Quality),1,34.0,35.0
PLEE0-XS,PLEE01,Pants - Blu,Pants,COS08,Finished product,XS,173.0,APT02,CHB01,FST-BOX-28,First,✨ Premium (1st Quality),1,174.0,175.0
DMAI0-M,DMAI01,Dress - White,Dress,SIN08,Finished product,M,173.0,APT02,CHB01,2ND-BOX-24,Second,🔄 Repaired/Rework (2nd Quality Sale),3,225.0,228.0
DMAI0-M-C,DMAI01,Dress - White,Dress,SIN08,Finished product,M,171.0,APT02,CHB01,2ND-BOX-24,Second,🔄 Repaired/Rework (2nd Quality Sale),2,9.0,11.0
DMAI0-L-C,DMAI01,Dress - White,Dress,SIN08,Finished product,L,170.0,APT02,CHB01,2ND-BOX-24,Second,🔄 Repaired/Rework (2nd Quality Sale),1,5.0,6.0
DMAI0-XL-C,DMAI01,Dress - White,Dress,SIN08,Finished product,XL,170.0,APT02,CHB01,2ND-BOX-24,Second,🔄 Repaired/Rework (2nd Quality Sale),1,1.0,2.0
DMAI0-M-C,DMAI01,Dress - White,Dress,SIN08,Finished product,M,170.0,APT02,CHB01,2ND-BOX-24,Second,🔄 Repaired/Rework (2nd Quality Sale),2,9.0,11.0
DMAI0-XS-C,DMAI01,Dress - White,Dress,SIN08,Finished product,XS,166.0,APT02,CHB01,2ND-BOX-24,Second,🔄 Repaired/Rework (2nd Quality Sale),1,3.0,4.0
DMAI0-M-C,DMAI01,Dress - White,Dress,SIN08,Finished product,M,168.0,APT02,CHB01,2ND-BOX-24,Second,🔄 Repaired/Rework (2nd Quality Sale),2,9.0,11.0
DMAI0-L-C,DMAI01,Dress - White,Dress,SIN08,Finished product,L,171.0,APT02,CHB01,2ND-BOX-24,Second,🔄 Repaired/Rework (2nd Quality Sale),1,5.0,6.0
DMAI0-M-C,DMAI01,Dress - White,Dress,SIN08,Finished product,M,169.0,APT02,CHB01,2ND-BOX-24,Second,🔄 Repaired/Rework (2nd Quality Sale),1,9.0,10.0
DMAI0-2XL-C,DMAI01,Dress - White,Dress,SIN08,Finished product,2XL,170.0,APT02,CHB01,2ND-BOX-24,Second,🔄 Repaired/Rework (2nd Quality Sale),1,1.0,2.0
DMAI0-XS-C,DMAI01,Dress - White,Dress,SIN08,Finished product,XS,165.0,APT02,CHB01,2ND-BOX-24,Second,🔄 Repaired/Rework (2nd Quality Sale),1,3.0,4.0
DMAI0-L-C,DMAI01,Dress - Noir,Dress,SCR08,Finished product,L,169.0,APT02,CHB01,2ND-BOX-54,Second,🔄 Repaired/Rework (2nd Quality Sale),1,5.0,6.0
DMAI0-L-C,DMAI01,Dress - Noir,Dress,SCR08,Finished product,L,170.0,APT02,CHB01,2ND-BOX-54,Second,🔄 Repaired/Rework (2nd Quality Sale),2,5.0,7.0
DMAI0-M-C,DMAI01,Dress - Noir,Dress,SCR08,Finished product,M,171.0,APT02,CHB01,2ND-BOX-54,Second,🔄 Repaired/Rework (2nd Quality Sale),1,9.0,10.0
DMAI0-XS-C,DMAI01,Dress - Noir,Dress,SCR08,Finished product,XS,170.0,APT02,CHB01,2ND-BOX-54,Second,🔄 Repaired/Rework (2nd Quality Sale),1,3.0,4.0
DMAI0-M-C,DMAI01,Dress - Gold,Dress,SUT08,Finished product,M,172.0,APT02,CHB01,2ND-BOX-54,Second,🔄 Repaired/Rework (2nd Quality Sale),1,9.0,10.0
DMAI0-S,DMAI01,Dress - Gold,Dress,SUT08,Finished product,S,173.0,APT02,CHB01,2ND-BOX-54,Second,🔄 Repaired/Rework (2nd Quality Sale),1,183.0,184.0
DMAI0-L,DMAI01,Dress - Gold,Dress,SUT08,Finished product,L,173.0,APT02,CHB01,2ND-BOX-54,Second,🔄 Repaired/Rework (2nd Quality Sale),1,154.0,155.0
DMAI0-S-C,DMAI01,Dress - Gold,Dress,SUT08,Finished product,S,172.0,APT02,CHB01,2ND-BOX-54,Second,🔄 Repaired/Rework (2nd Quality Sale),1,1.0,2.0
DLAL0-S,DLAL01,Dress - Noir,Dress,ALI08,Finished product,S,173.0,APT02,CHB01,2ND-BOX-55,Second,🔄 Repaired/Rework (2nd Quality Sale),1,19.0,20.0
TSAR0-S,TSAR01,top - Navy,Top,COS08,Finished product,S,173.0,APT02,CHB01,2ND-BOX-55,Second,🔄 Repaired/Rework (2nd Quality Sale),2,2.0,4.0
PJAN0-M,PJAN01,Pants - Yellow,Pants,ROC08,Finished product,M,173.0,APT02,CHB01,FST-BOX-23,First,✨ Premium (1st Quality),1,7.0,8.0
OAMY1-OS,OAMY11,Poncho - Red,Poncho,ZAR08,Finished product,OS,173.0,APT02,CHB01,FST-BOX-32,First,✨ Premium (1st Quality),10,124.0,134.0
OAMY1-OS,OAMY11,Poncho - black,Poncho,SUT08,Finished product,OS,173.0,APT02,CHB01,FST-BOX-32,First,✨ Premium (1st Quality),2,124.0,126.0
DLAL0-L,DLAL01,Dress - gold,Dress,SUT08,Finished product,L,173.0,APT02,CHB01,2ND-BOX-50,Second,🔄 Repaired/Rework (2nd Quality Sale),18,76.0,94.0
DMAI0-M,DMAI01,Dress - gold,Dress,SUT08,Finished product,M,173.0,APT02,CHB01,2ND-BOX-42,Second,🔄 Repaired/Rework (2nd Quality Sale),9,225.0,234.0
DMAY0-2XL-C,DMAY01,Dress - Gold,Dress,FIO08,Finished product,2XL,168.0,APT02,CHB01,2ND-BOX-51,Second,🔄 Repaired/Rework (2nd Quality Sale),5,26.0,31.0
DMAY0-XS,DMAY01,Dress - Gold,Dress,FIO08,Finished product,XS,173.0,APT02,CHB01,2ND-BOX-40,Second,🔄 Repaired/Rework (2nd Quality Sale),1,41.0,42.0
DLAL0-S,DLAL01,Dress - gold,Dress,SUT08,Finished product,S,173.0,APT02,CHB01,2ND-BOX-55,Second,🔄 Repaired/Rework (2nd Quality Sale),2,19.0,21.0
DLAL0-M,DLAL01,Dress - gold,Dress,SUT08,Finished product,M,173.0,APT02,CHB01,2ND-BOX-55,Second,🔄 Repaired/Rework (2nd Quality Sale),2,42.0,44.0
DLAL0-XL,DLAL01,Dress - gold,Dress,SUT08,Finished product,XL,173.0,APT02,CHB01,2ND-BOX-55,Second,🔄 Repaired/Rework (2nd Quality Sale),1,51.0,52.0
TREE0-3XL,TREE01,Top - Vert,Top,SAL08,Finished product,3XL,173.0,APT02,CHB01,2ND-BOX-27,Second,🔄 Repaired/Rework (2nd Quality Sale),3,6.0,9.0
DMAY0-XL-C,DMAY01,Dress - Gold,Dress,TEX08,Finished product,XL,180.0,APT02,CHB01,2ND-BOX-3,Second,🔄 Repaired/Rework (2nd Quality Sale),1,2.0,3.0
DMAY0-XL-C,DMAY01,Dress - Noir,Dress,SOL14,Finished product,XL,175.0,APT02,CHB01,2ND-BOX-54,Second,🔄 Repaired/Rework (2nd Quality Sale),1,2.0,3.0
DMAI0-M,DMAI01,Dress - Mustard,Dress,SOL14,Finished product,M,173.0,APT02,CHB01,2ND-BOX-54,Second,🔄 Repaired/Rework (2nd Quality Sale),1,225.0,226.0
PJAN0-M,PJAN01,Pants - Navy,Pants,SOR08,Finished product,M,173.0,APT02,CHB01,FST-BOX-23,First,✨ Premium (1st Quality),1,7.0,8.0
PLEE0-XS,PLEE01,Pants - Noir,Pants,ZEE24,Finished product,XS,173.0,APT02,CHB01,FST-BOX-23,First,✨ Premium (1st Quality),1,174.0,175.0
OAMY1-OS,OAMY11,Poncho - Rust,Poncho,CHI08,Finished product,OS,173.0,APT02,CHB01,FST-BOX-23,First,✨ Premium (1st Quality),1,124.0,125.0
DYAL0-L,DYAL01,Dress - blue,Dress,GYR08,Finished product,L,173.0,APT02,CHB01,FST-BOX-33,First,✨ Premium (1st Quality),35,35.0,70.0
DYAL0-M,DYAL01,Dress - blue,Dress,GYR08,Finished product,M,173.0,APT02,CHB01,FST-BOX-33,First,✨ Premium (1st Quality),15,15.0,30.0
DYAL0-XL,DYAL01,Dress - blue,Dress,GYR08,Finished product,XL,173.0,APT02,CHB01,FST-BOX-33,First,✨ Premium (1st Quality),6,12.0,18.0
PHAN0-S-C,PHAN01,Pants - rose,Pants,PLA08,Finished product,S,171.0,APT02,CHB01,FST-BOX-23,First,✨ Premium (1st Quality),1,2.0,3.0
DMAI0-XS,DMAI01,Dress - Gold,Dress,SUT08,Finished product,XS,173.0,APT02,CHB01,2ND-BOX-51,Second,🔄 Repaired/Rework (2nd Quality Sale),1,130.0,131.0
DMAI0-S,DMAI01,Dress - White,Dress,SIN08,Finished product,S,173.0,APT02,CHB01,2ND-BOX-51,Second,🔄 Repaired/Rework (2nd Quality Sale),1,183.0,184.0
DSAT0-3XL-C,DSAT01,Dress - Rust,Dress,CHI08,Finished product,3XL,170.0,APT02,CHB01,FST-BOX-29,First,✨ Premium (1st Quality),1,2.0,3.0
DTUN0-2XL,DTUN01,Dress - White,Dress,SIN08,Finished product,2XL,173.0,APT02,CHB01,2ND-BOX-63,Second,🔄 Repaired/Rework (2nd Quality Sale),4,10.0,14.0
DTUN0-XS,DTUN01,Dress - White,Dress,SIN08,Finished product,XS,173.0,APT02,CHB01,2ND-BOX-63,Second,🔄 Repaired/Rework (2nd Quality Sale),1,1.0,2.0
DTUN0-S,DTUN01,Dress - White,Dress,SIN08,Finished product,S,173.0,APT02,CHB01,2ND-BOX-63,Second,🔄 Repaired/Rework (2nd Quality Sale),1,1.0,2.0
JALA0-2XL,JALA01,Jumpsuit - Teal,Jumpsuit,WAL08,Finished product,2XL,173.0,APT02,CHB01,2ND-BOX-22,Second,🔄 Repaired/Rework (2nd Quality Sale),1,1.0,2.0
JALA0-3XL,JALA01,Jumpsuit - Noir,Jumpsuit,SOL09,Finished product,3XL,173.0,APT02,CHB01,2ND-BOX-22,Second,🔄 Repaired/Rework (2nd Quality Sale),1,1.0,2.0
DMAI0-XS,DMAI01,Dress - White,Dress,SIN08,Finished product,XS,173.0,APT02,CHB01,2ND-BOX-54,Second,🔄 Repaired/Rework (2nd Quality Sale),1,130.0,131.0
DMAI0-3XL,DMAI01,Dress - White,Dress,SIN08,Finished product,3XL,173.0,APT02,CHB01,2ND-BOX-54,Second,🔄 Repaired/Rework (2nd Quality Sale),1,34.0,35.0
DMAI0-M,DMAI01,Dress - Gold,Dress,SUT08,Finished product,M,173.0,APT02,CHB01,2ND-BOX-54,Second,🔄 Repaired/Rework (2nd Quality Sale),1,225.0,226.0
