raw_date,clean_month_fr,year,fabric_sku,fabric_status,consumption_type,meters_consumed
2026-01-02,Janvier,2026,ROC08,Active,Web orders,8.0
2026-01-02,Janvier,2026,COC08,hold,Web orders,5.1
2026-01-02,Janvier,2026,CHI08,Active,Web orders,4.0
2026-01-02,Janvier,2026,ISL12,Discontinued,Web orders,5.0
2026-01-02,Janvier,2026,SIE08,Active,Web orders,7.0
2026-01-02,Janvier,2026,AVE08,Active,Web orders,4.4
2026-01-02,Janvier,2026,SKY08,Active,Web orders,6.0
2026-01-02,Janvier,2026,AUR08,Active,Web orders,2.8
2026-01-02,Janvier,2026,SOR08,Active,Web orders,3.7
2026-01-02,Janvier,2026,AIR08,Discontinued,Web orders,3.4
2026-01-02,Janvier,2026,SOL14,Discontinued,Web orders,2.5
2026-01-02,Janvier,2026,AYE29,Active,Web orders,5.7
2026-01-02,Janvier,2026,SIE08,Active,Web orders,6.0
2026-01-02,Janvier,2026,WAL08,Discontinued,Web orders,6.6
2026-01-02,Janvier,2026,BWA08,Discontinued,Web orders,5.2
2026-01-02,Janvier,2026,SOL14,Active,Web orders,10.0
2026-01-02,Janvier,2026,ZEN08,Discontinued,Web orders,5.0
2026-01-07,Janvier,2026,SOL14,Active,Web orders,5.0
2026-01-07,Janvier,2026,SOL14,Discontinued,Web orders,3.0
2026-01-07,Janvier,2026,SOL14,Discontinued,Web orders,2.0
2026-01-12,Janvier,2026,ZHY12,Active,Web orders,4.3
2026-01-12,Janvier,2026,KHE28,Active,Web orders,4.5
2026-01-12,Janvier,2026,TOI41,Discontinued,Web orders,3.4
2026-01-12,Janvier,2026,ALI08,Active,Web orders,2.7
2026-01-12,Janvier,2026,AUR08,Active,Web orders,5.6
2026-01-12,Janvier,2026,ROC08,Active,Web orders,2.8
2026-01-12,Janvier,2026,SOR08,Active,Web orders,4.0
2026-01-12,Janvier,2026,NAL08,Active,Web orders,13.0
2026-01-12,Janvier,2026,ZEE24,Active,Wholesales Orders,33.6
2026-01-12,Janvier,2026,TIK41,Discontinued,Web orders,2.4
2026-01-12,Janvier,2026,AYE29,Active,Web orders,2.96
2026-01-12,Janvier,2026,ZES08,Active,Web orders,4.8
2026-01-12,Janvier,2026,DHA20,Active,Web orders,6.4
2026-01-12,Janvier,2026,PET08,Discontinued,Web orders,2.7
2026-01-12,Janvier,2026,AUR08,discontinued,Web orders,2.8
2026-01-12,Janvier,2026,AYE29,Active,Web orders,3.7
2026-01-12,Janvier,2026,SKY08,Active,Web orders,5.3
2026-01-12,Janvier,2026,AUR08,discontinued,Web orders,2.7
2026-01-12,Janvier,2026,AUR12,Active,Web orders,2.7
2026-01-12,Janvier,2026,ROC12,Active,Web orders,2.7
2026-01-12,Janvier,2026,SKY12,Active,Web orders,2.7
2026-01-14,Janvier,2026,AYE29,Active,Web orders,3.06
2026-01-14,Janvier,2026,COC08,hold,Web orders,2.4
2026-01-14,Janvier,2026,SIE08,Active,Web orders,21.92
2026-01-14,Janvier,2026,SKY08,Active,Web orders,3.06
2026-01-14,Janvier,2026,TOI12,Active,Web orders,4.3
2026-01-15,Janvier,2026,AUR08,discontinued,Web orders,2.8
2026-01-15,Janvier,2026,COC08,hold,Web orders,5.0
2026-01-15,Janvier,2026,ZHY12,Active,Web orders,4.3
2026-01-15,Janvier,2026,ZHY08,hold,Web orders,1.75
2026-01-15,Janvier,2026,ZEE24,Active,Web orders,2.8
2026-01-15,Janvier,2026,TOI41,Discontinued,Web orders,2.75
2026-01-15,Janvier,2026,SIE08,Active,Web orders,10.96
2026-01-15,Janvier,2026,SKY08,Active,Web orders,3.06
2026-01-15,Janvier,2026,AYE29,Active,Web orders,3.06
2026-01-15,Janvier,2026,SCR08,Discontinued,Web orders,2.5
2026-01-16,Janvier,2026,TOI41,Discontinued,Web orders,1.7
2026-01-16,Janvier,2026,AYE29,Active,Web orders,2.96
2026-01-16,Janvier,2026,ZEE24,Active,Web orders,2.8
2026-01-16,Janvier,2026,DHA20,Active,Web orders,3.06
2026-01-16,Janvier,2026,ALI08,Active,Wholesales Orders,21.4
2026-01-16,Janvier,2026,ZHY12,Active,Wholesales Orders,22.5
2026-01-16,Janvier,2026,ZHY08,hold,Web orders,7.15
2026-01-16,Janvier,2026,LUM08,Active,Wholesales Orders,20.05
2026-01-16,Janvier,2026,AUR08,discontinued,Wholesales Orders,19.6
2026-01-20,Janvier,2026,ROC12,Active,Web orders,5.4
2026-01-20,Janvier,2026,COC12,Active,Web orders,5.4
2026-01-20,Janvier,2026,ROC08,Active,Web orders,10.9
2026-01-20,Janvier,2026,COC08,hold,Web orders,7.8
2026-01-20,Janvier,2026,ZES08,Active,Web orders,4.2
2026-01-20,Janvier,2026,ALI08,Discontinued,Web orders,3.06
2026-01-20,Janvier,2026,ALI08,Active,Web orders,3.2
2026-01-20,Janvier,2026,PET08,Discontinued,Web orders,2.8
2026-01-20,Janvier,2026,KHE28,Active,Web orders,5.5
2026-01-20,Janvier,2026,ZHY12,Active,Web orders,4.3
2026-01-20,Janvier,2026,NAL08,Active,Web orders,4.4
2026-01-20,Janvier,2026,SKY08,Active,Web orders,2.9
2026-01-20,Janvier,2026,TOY08,Hold,Web orders,3.06
2026-01-20,Janvier,2026,AYE29,On Hold,Web orders,7.51
2026-01-20,Janvier,2026,SIE08,Active,Web orders,8.0
2026-01-20,Janvier,2026,AYE29,Active,Web orders,2.96
2026-01-20,Janvier,2026,RAZ08,Discontinued,Web orders,1.2
2026-01-20,Janvier,2026,LUM08,Active,Web orders,2.8
2026-01-20,Janvier,2026,ZEE24,Active,Web orders,5.6
2026-01-20,Janvier,2026,DHA20,Active,Web orders,2.96
2026-01-20,Janvier,2026,TOI41,Discontinued,Web orders,6.8
2026-01-20,Janvier,2026,NAR08,Discontinued,Web orders,1.8
2026-01-20,Janvier,2026,TOI12,Active,Web orders,6.0
2026-01-21,Janvier,2026,ALI08,Discontinued,Web orders,3.06
2026-01-21,Janvier,2026,ALI08,Active,Web orders,1.36
2026-01-21,Janvier,2026,BEA27,Discontinued,Web orders,2.0
2026-01-21,Janvier,2026,SEN08,Active,Web orders,6.0
2026-01-21,Janvier,2026,LUZ08,Active,Web orders,3.9
2026-01-21,Janvier,2026,ROC08,Active,Web orders,11.0
2026-01-21,Janvier,2026,ZEP08,Active,Web orders,1.45
2026-01-21,Janvier,2026,SEN12,Active,Web orders,7.2
2026-01-22,Janvier,2026,ROC08,Active,Wholesales Orders,30.1
2026-01-22,Janvier,2026,COC08,hold,Wholesales Orders,27.2
2026-01-22,Janvier,2026,ZEE24,Active,Wholesales Orders,20.6
2026-01-22,Janvier,2026,AYE29,Active,Wholesales Orders,30.02
2026-01-22,Janvier,2026,SEN08,Active,Wholesales Orders,20.8
2026-01-22,Janvier,2026,CHI08,Active,Wholesales Orders,25.5
2026-01-22,Janvier,2026,AYE29,Discontinued,Wholesales Orders,10.68
2026-01-22,Janvier,2026,LUM08,Active,Web orders,2.8
2026-01-22,Janvier,2026,COR08,Active,Web orders,4.2
2026-01-22,Janvier,2026,ZHY12,Active,Web orders,4.3
2026-01-22,Janvier,2026,SKY08,Active,Web orders,2.4
2026-01-22,Janvier,2026,ALI08,Discontinued,Web orders,3.06
2026-01-22,Janvier,2026,ROC12,Active,Wholesales Orders,33.4
2026-01-22,Janvier,2026,COC12,Active,Wholesales Orders,28.0
2026-01-22,Janvier,2026,SKY12,Active,Web orders,2.7
2026-01-23,Janvier,2026,TOI41,Discontinued,Web orders,1.7
2026-01-23,Janvier,2026,AVE08,Active,Web orders,4.0
2026-01-23,Janvier,2026,AVE36,Active,Web orders,2.0
2026-01-23,Janvier,2026,SKY08,Active,Web orders,3.0
2026-01-23,Janvier,2026,RAZ08,Discontinued,Web orders,2.6
2026-01-23,Janvier,2026,SIE08,Active,Web orders,4.0
2026-01-23,Janvier,2026,LUZ08,Active,Web orders,3.06
2026-01-23,Janvier,2026,SOL14,Discontinued,Web orders,3.2
2026-01-23,Janvier,2026,LUM12,Active,Web orders,2.7
2026-01-23,Janvier,2026,ARB08,Discontinued,Web orders,2.3
2026-01-26,Janvier,2026,CHI08,Active,Web orders,3.7
2026-01-26,Janvier,2026,AYE29,Active,Web orders,5.6
2026-01-26,Janvier,2026,ZEE24,Active,Web orders,12.2
2026-01-26,Janvier,2026,COC08,hold,Web orders,6.7
2026-01-26,Janvier,2026,ALI08,Active,Web orders,3.1
2026-01-26,Janvier,2026,TOI41,Discontinued,Web orders,1.7
2026-01-26,Janvier,2026,SIV28,Active,Web orders,2.3
2026-01-26,Janvier,2026,RAZ08,Discontinued,Web orders,1.4
2026-01-26,Janvier,2026,SIE08,Active,Web orders,4.2
2026-01-26,Janvier,2026,ROC08,Active,Web orders,4.2
2026-01-27,Janvier,2026,COR08,Active,Web orders,9.0
2026-01-27,Janvier,2026,AUR08,discontinued,Web orders,2.8
2026-01-27,Janvier,2026,COR08,Active,Web orders,4.0
2026-01-27,Janvier,2026,KHE28,Active,Web orders,6.0
2026-01-27,Janvier,2026,ZEE24,Active,Web orders,2.96
2026-01-27,Janvier,2026,TOI41,Discontinued,Web orders,2.7
2026-01-27,Janvier,2026,AVE08,Active,Web orders,4.2
2026-01-27,Janvier,2026,ALI08,Discontinued,Web orders,3.06
2026-01-27,Janvier,2026,SEN08,Active,Web orders,2.86
2026-01-28,Janvier,2026,ZHY12,Active,Web orders,4.3
2026-01-28,Janvier,2026,ZEE24,Active,Web orders,2.8
2026-01-28,Janvier,2026,SAN08,Active,Wholesales Orders,94.72
2026-01-28,Janvier,2026,SAN12,Discontinued,Wholesales Orders,112.8
2026-01-28,Janvier,2026,CAR08,Active,Wholesales Orders,99.95
2026-01-28,Janvier,2026,COC08,hold,Web orders,4.65
2026-01-28,Janvier,2026,SKY08,Active,Web orders,7.26
2026-01-28,Janvier,2026,CHI08,Active,Web orders,4.1
2026-01-28,Janvier,2026,ALI08,Active,Web orders,3.7
2026-01-28,Janvier,2026,AYE29,Discontinued,Web orders,3.38
2026-01-29,Janvier,2026,ZES08,Active,Web orders,6.0
2026-01-29,Janvier,2026,AUR08,discontinued,Web orders,2.8
2026-01-29,Janvier,2026,SKY08,Active,Web orders,3.06
2026-01-29,Janvier,2026,COR08,Active,Web orders,4.0
2026-01-29,Janvier,2026,CHI08,Active,Web orders,2.6
2026-01-29,Janvier,2026,CAR08,Active,Web orders,2.0
2026-01-30,Janvier,2026,COC08,hold,Web orders,2.5
2026-01-30,Janvier,2026,AYE29,On Hold,Web orders,3.7
2026-01-30,Janvier,2026,AYE29,Active,Web orders,3.48
2026-01-30,Janvier,2026,AUR08,discontinued,Web orders,2.8
2026-01-30,Janvier,2026,COR08,Active,Web orders,2.4
2026-01-30,Janvier,2026,SIE08,Active,Web orders,8.0
2026-01-30,Janvier,2026,AUR12,Active,Web orders,2.7
2026-02-02,Février,2026,COC08,hold,Web orders,2.5
2026-02-02,Février,2026,ZES08,Active,Web orders,6.0
2026-02-02,Février,2026,LAV08,Discontinued,Web orders,2.96
2026-02-02,Février,2026,ZEE24,Active,Web orders,2.8
2026-02-02,Février,2026,ROC08,Active,Web orders,8.8
2026-02-02,Février,2026,ALI08,Active,Web orders,2.96
2026-02-02,Février,2026,ZHY08,hold,Web orders,1.95
2026-02-02,Février,2026,AUR08,discontinued,Web orders,5.6
2026-02-02,Février,2026,SKY08,Active,Web orders,10.8
2026-02-02,Février,2026,NAL08,Active,Web orders,7.0
2026-02-02,Février,2026,AYE29,Discontinued,Web orders,2.96
2026-02-02,Février,2026,DHA20,Active,Web orders,2.96
2026-02-02,Février,2026,WAL08,Discontinued,Web orders,3.75
2026-02-02,Février,2026,ROC12,Active,Web orders,8.1
2026-02-03,Février,2026,DHA20,Active,Web orders,4.58
2026-02-03,Février,2026,PET08,discontinued,Web orders,2.96
2026-02-03,Février,2026,ALI08,Active,Web orders,3.2
2026-02-03,Février,2026,TOI41,Discontinued,Web orders,2.3
2026-02-03,Février,2026,ALI08,Active,Web orders,2.7
2026-02-03,Février,2026,LUZ08,Active,Web orders,2.6
2026-02-03,Février,2026,SIE08,Active,Web orders,8.0
2026-02-03,Février,2026,KHE28,Active,Wholesales Orders,33.6
2026-02-04,Février,2026,ALI08,Active,Web orders,10.0
2026-02-04,Février,2026,FAM08,Active,Web orders,3.2
2026-02-04,Février,2026,DHA20,Active,Web orders,3.06
2026-02-04,Février,2026,AYE29,Discontinued,Web orders,6.02
2026-02-04,Février,2026,ROC08,Active,Web orders,7.6
2026-02-04,Février,2026,AUR08,discontinued,Web orders,2.8
2026-02-04,Février,2026,AVE36,Active,Web orders,2.0
2026-02-04,Février,2026,NAL08,Active,Web orders,5.0
2026-02-04,Février,2026,AVE08,Active,Web orders,4.0
2026-02-04,Février,2026,COC08,hold,Web orders,5.35
2026-02-04,Février,2026,AIR08,Discontinued,Web orders,1.95
2026-02-04,Février,2026,ROC08,Active,Web orders,5.4
2026-02-04,Février,2026,SIR08,Active,Wholesales Orders,81.0
2026-02-04,Février,2026,KHE28,Active,Web orders,2.0
2026-02-05,Février,2026,SIE08,Active,Web orders,11.0
2026-02-05,Février,2026,AYE29,On Hold,Web orders,3.15
2026-02-05,Février,2026,RAZ08,Discontinued,Web orders,1.45
2026-02-05,Février,2026,NAL08,Active,Web orders,4.8
2026-02-05,Février,2026,KHE28,Active,Web orders,9.4
2026-02-05,Février,2026,SEN08,Active,Web orders,2.96
2026-02-05,Février,2026,AUR08,discontinued,Web orders,3.06
2026-02-05,Février,2026,WAL08,Discontinued,Web orders,2.5
2026-02-06,Février,2026,ZHY08,hold,Web orders,3.1
2026-02-06,Février,2026,TOY08,Hold,Web orders,2.9
2026-02-06,Février,2026,COC08,hold,Web orders,1.95
2026-02-06,Février,2026,AUR08,discontinued,Web orders,2.8
2026-02-06,Février,2026,TOY08,Hold,Web orders,3.06
2026-02-06,Février,2026,LUM08,Active,Web orders,5.7
2026-02-06,Février,2026,SIE08,Active,Web orders,3.8
2026-02-09,Février,2026,ZHY12,Active,Web orders,4.3
2026-02-09,Février,2026,AUR08,discontinued,Web orders,5.86
2026-02-09,Février,2026,AYE29,Active,Web orders,4.5
2026-02-09,Février,2026,CHI08,Active,Web orders,1.4
2026-02-09,Février,2026,CHI08,Active,Web orders,3.1
2026-02-09,Février,2026,SCR12,Discontinued,Web orders,2.96
2026-02-09,Février,2026,DHA20,Active,Web orders,2.35
2026-02-09,Février,2026,RAZ08,Discontinued,Web orders,1.4
2026-02-09,Février,2026,SIE08,Active,Web orders,2.2
2026-02-09,Février,2026,COC08,hold,Web orders,9.0
2026-02-09,Février,2026,AYE29,Active,Web orders,4.6
2026-02-09,Février,2026,AYE29,Discontinued,Web orders,3.06
2026-02-09,Février,2026,ALI08,Active,Web orders,2.7
2026-02-09,Février,2026,ALI08,Discontinued,Web orders,3.06
2026-02-09,Février,2026,SKY08,Active,Web orders,9.2
2026-02-09,Février,2026,AYE29,On Hold,Web orders,11.2
2026-02-09,Février,2026,KHE28,Active,Web orders,2.2
2026-02-09,Février,2026,AVE08,Active,Web orders,4.4
2026-02-09,Février,2026,TOI41,Discontinued,Web orders,1.7
2026-02-09,Février,2026,AUR08,Active,Web orders,2.6
2026-02-10,Février,2026,ALI08,Discontinued,Web orders,3.06
2026-02-10,Février,2026,ALI08,Active,Web orders,3.7
2026-02-10,Février,2026,SKY08,Active,Web orders,2.5
2026-02-10,Février,2026,COR08,Active,Web orders,4.0
2026-02-10,Février,2026,WAL08,Discontinued,Web orders,1.3
2026-02-11,Février,2026,SKY08,Active,Web orders,2.9
2026-02-11,Février,2026,FAM08,Active,Web orders,2.7
2026-02-12,Février,2026,SKY12,Active,Web orders,2.7
2026-02-12,Février,2026,SKY08,Active,Web orders,7.1
2026-02-12,Février,2026,SIE08,Active,Web orders,13.0
2026-02-12,Février,2026,AUR08,discontinued,Web orders,5.6
2026-02-12,Février,2026,ZHY12,Active,Web orders,4.3
2026-02-12,Février,2026,ZHY08,hold,Web orders,1.7
2026-02-12,Février,2026,AUR12,Active,Web orders,2.7
2026-02-12,Février,2026,ULA08,Active,Sample,5.5
2026-02-12,Février,2026,ULA08,Active,Sample,5.5
2026-02-12,Février,2026,ULA08,Active,Sample,7.5
2026-02-12,Février,2026,OMB08,Discontinued,Sample,6.5
2026-02-12,Février,2026,SAN08,Active,Sample,4.5
2026-02-12,Février,2026,SIR08,Active,Sample,1.5
2026-02-12,Février,2026,SIR08,Active,Sample,1.5
2026-02-13,Février,2026,KHE28,Active,Web orders,3.0
2026-02-13,Février,2026,NAL08,Active,Web orders,4.6
2026-02-13,Février,2026,SKY12,Active,Web orders,5.4
2026-02-13,Février,2026,SKY08,Active,Web orders,6.2
2026-02-16,Février,2026,SKY08,Active,Web orders,7.3
2026-02-16,Février,2026,DHA20,Active,Web orders,3.48
2026-02-16,Février,2026,BAT08,Discontinued,Web orders,3.3
2026-02-16,Février,2026,ROC08,Active,Web orders,5.96
2026-02-16,Février,2026,ZHY12,Active,Web orders,12.0
2026-02-16,Février,2026,ZHY08,hold,Web orders,7.95
2026-02-16,Février,2026,SOL14,Discontinued,Web orders,2.96
2026-02-16,Février,2026,ALI08,Active,Web orders,20.16
2026-02-16,Février,2026,FAM08,Active,Web orders,1.5
2026-02-16,Février,2026,ALI08,Active,Web orders,5.92
2026-02-16,Février,2026,CHI08,Active,Web orders,1.6
2026-02-16,Février,2026,SEN08,Active,Web orders,5.76
2026-02-16,Février,2026,LUZ08,Active,Web orders,6.12
2026-02-16,Février,2026,LAV08,Discontinued,Web orders,5.92
2026-02-16,Février,2026,KHE28,Active,Web orders,2.0
2026-02-16,Février,2026,AVE08,Active,Web orders,4.0
2026-02-16,Février,2026,SOL14,Active,Web orders,0.8
2026-02-16,Février,2026,SOL14,Active,Web orders,0.8
2026-02-17,Février,2026,NAL08,Active,Web orders,9.0
2026-02-17,Février,2026,ROC08,Active,Web orders,10.36
2026-02-17,Février,2026,ALI08,Active,Web orders,6.2
2026-02-17,Février,2026,SEN08,Active,Web orders,3.0
2026-02-17,Février,2026,SEN12,Active,Web orders,3.0
2026-02-17,Février,2026,AUR08,Active,Web orders,5.9
2026-02-17,Février,2026,ZHY12,Active,Web orders,7.0
2026-02-17,Février,2026,ZHY08,hold,Web orders,3.45
2026-02-18,Février,2026,SIE08,Active,Web orders,4.0
2026-02-18,Février,2026,AYE29,Discontinued,Web orders,3.06
2026-02-18,Février,2026,SEN08,Active,Web orders,2.96
2026-02-18,Février,2026,RAZ08,Discontinued,Web orders,1.4
2026-02-18,Février,2026,ROC08,Active,Web orders,8.92
2026-02-19,Février,2026,ALI08,Active,Web orders,2.7
2026-02-19,Février,2026,SIE08,Active,Web orders,8.3
2026-02-19,Février,2026,ALI08,Discontinued,Web orders,3.06
2026-02-19,Février,2026,TOY08,Hold,Web orders,3.06
2026-02-19,Février,2026,WAL08,Discontinued,Web orders,2.5
2026-02-20,Février,2026,SIR08,Active,Sample,8.4
2026-02-20,Février,2026,ULA08,Active,Sample,8.0
2026-02-20,Février,2026,SAN08,Active,Sample,6.98
2026-02-20,Février,2026,ULA08,Active,Sample,8.6
2026-02-20,Février,2026,OMB08,Discontinued,Sample,5.4
2026-02-20,Février,2026,COR08,Active,Web orders,5.0
2026-02-20,Février,2026,ALI08,Active,Web orders,3.1
2026-02-20,Février,2026,AIR08,Discontinued,Web orders,1.7
2026-02-20,Février,2026,LAV08,Discontinued,Web orders,2.96
2026-02-20,Février,2026,COC08,hold,Web orders,2.5
2026-02-20,Février,2026,ZHY12,Active,Web orders,4.0
2026-02-20,Février,2026,SIR08,Active,Web orders,1.0
2026-02-20,Février,2026,CAR08,Active,Web orders,1.0
2026-02-23,Février,2026,SKY08,Active,Web orders,9.9
2026-02-23,Février,2026,ROC08,Active,Web orders,8.06
2026-02-23,Février,2026,PET08,Discontinued,Web orders,2.8
2026-02-23,Février,2026,ZHY08,hold,Web orders,4.0
2026-02-23,Février,2026,COC08,hold,Web orders,12.0
2026-02-23,Février,2026,ALI08,Active,Web orders,9.1
2026-02-23,Février,2026,AYE29,Discontinued,Web orders,2.96
2026-02-23,Février,2026,NAL08,Active,Web orders,9.0
2026-02-23,Février,2026,BAN27,Discontinued,Web orders,4.0
2026-02-23,Février,2026,SIV28,Active,Web orders,2.2
2026-02-23,Février,2026,DHA20,Active,Web orders,3.06
2026-02-23,Février,2026,SKY12,Active,Web orders,2.7
2026-02-23,Février,2026,SOL17,Discontinued,Web orders,2.0
2026-02-24,Février,2026,SOL14,Discontinued,Web orders,36.6
2026-02-24,Février,2026,RAI08,hold,Web orders,28.4
2026-02-24,Février,2026,ZHY12,Active,Web orders,33.5
2026-02-24,Février,2026,BAN27,Discontinued,Web orders,3.6
2026-02-24,Février,2026,SIE08,Active,Web orders,4.2
2026-02-24,Février,2026,COR08,Active,Web orders,4.0
2026-02-24,Février,2026,SEN08,Active,Web orders,2.96
2026-02-24,Février,2026,ISL12,Discontinued,Web orders,38.6
2026-02-25,Février,2026,SOL14,Discontinued,Web orders,2.7
2026-02-25,Février,2026,FAM08,Active,Web orders,5.92
2026-02-25,Février,2026,RAZ08,Discontinued,Web orders,1.45
2026-02-25,Février,2026,ALI08,Active,Web orders,11.0
2026-02-25,Février,2026,ROC08,Active,Web orders,9.9
2026-02-25,Février,2026,PET08,Discontinued,Web orders,2.7
2026-02-25,Février,2026,AYE29,Active,Web orders,9.0
2026-02-25,Février,2026,AUR08,discontinued,Web orders,2.8
2026-02-25,Février,2026,AVE08,Active,Web orders,3.06
2026-02-25,Février,2026,SKY08,Active,Web orders,2.8
2026-02-25,Février,2026,AYE29,Active,Web orders,12.8
2026-02-25,Février,2026,DHA20,Active,Web orders,7.0
2026-02-25,Février,2026,AUR08,Active,Web orders,7.8
2026-02-25,Février,2026,SOL14,Discontinued,Web orders,1.16
2026-02-25,Février,2026,ROC12,Active,Web orders,2.7
2026-02-25,Février,2026,AUR12,Active,Web orders,2.7
2026-02-25,Février,2026,ALI08,Active,Waste/rework,2.65
2026-02-26,Février,2026,AVE08,Active,Web orders,9.4
2026-02-26,Février,2026,CHI08,Active,Web orders,4.3
2026-02-26,Février,2026,SKY08,Active,Web orders,5.4
2026-02-26,Février,2026,ROC08,Active,Web orders,5.1
2026-02-26,Février,2026,DHA20,Active,Web orders,5.2
2026-02-26,Février,2026,ALI08,Active,Web orders,6.3
2026-02-26,Février,2026,ROC12,Active,Web orders,2.7
2026-02-26,Février,2026,AUR08,discontinued,Web orders,2.8
2026-02-26,Février,2026,ZEE24,Active,Web orders,2.8
2026-02-26,Février,2026,ROC08,Active,Waste/rework,13.0
2026-02-27,Février,2026,AYE29,On Hold,Web orders,7.7
2026-02-27,Février,2026,ROC08,Active,Web orders,2.5
2026-02-27,Février,2026,ZEE24,Active,Web orders,2.8
2026-02-27,Février,2026,DHA20,Active,Web orders,3.6
2026-02-27,Février,2026,AYE29,Active,Web orders,4.2
2026-02-27,Février,2026,CHI08,Active,Web orders,4.95
2026-02-27,Février,2026,TOI41,Discontinued,Web orders,1.7
2026-02-27,Février,2026,SIE08,Active,Web orders,2.96
2026-02-27,Février,2026,ALI08,Active,Web orders,5.4
2026-03-02,Mars,2026,AYE29,On Hold,Web orders,24.0
2026-03-02,Mars,2026,ROC08,Active,Web orders,4.7
2026-03-02,Mars,2026,ROC12,Active,Web orders,3.4
2026-03-02,Mars,2026,ZHY08,hold,Web orders,5.15
2026-03-02,Mars,2026,AYE29,Active,Web orders,4.8
2026-03-02,Mars,2026,ALI08,Active,Web orders,17.8
2026-03-02,Mars,2026,SAN08,Active,Web orders,3.7
2026-03-02,Mars,2026,AYE29,Discontinued,Web orders,9.5
2026-03-02,Mars,2026,SIE08,Active,Web orders,3.8
2026-03-02,Mars,2026,AYE29,Active,Web orders,2.96
2026-03-02,Mars,2026,FAM08,Active,Web orders,8.29
2026-03-02,Mars,2026,SIR08,Active,Web orders,4.5
2026-03-02,Mars,2026,AUR08,Active,Web orders,8.2
2026-03-02,Mars,2026,ZEE24,Active,Web orders,2.8
2026-03-02,Mars,2026,ULA12,Active,Web orders,4.0
2026-03-02,Mars,2026,ULA08,Active,Web orders,6.0
2026-03-02,Mars,2026,ALI08,Discontinued,Web orders,3.06
2026-03-02,Mars,2026,COC08,hold,Web orders,1.95
2026-03-02,Mars,2026,CHI08,Active,Web orders,8.3
2026-03-03,Mars,2026,SOL14,Discontinued,Wholesales Orders,85.92
2026-03-03,Mars,2026,ALI08,Active,Web orders,17.0
2026-03-03,Mars,2026,ALI08,Discontinued,Web orders,3.06
2026-03-03,Mars,2026,SKY08,Active,Wholesales Orders,35.0
2026-03-03,Mars,2026,COC08,hold,Web orders,5.6
2026-03-03,Mars,2026,AIR08,Discontinued,Web orders,4.65
2026-03-03,Mars,2026,SOR08,Active,Web orders,3.7
2026-03-03,Mars,2026,LUZ08,Active,Web orders,3.06
2026-03-03,Mars,2026,COR08,Active,Web orders,4.6
2026-03-03,Mars,2026,GYR08,Discontinued,Wholesales Orders,153.7
2026-03-04,Mars,2026,SEN08,Active,Wholesales Orders,137.68
2026-03-04,Mars,2026,ALI08,Active,Web orders,9.1
2026-03-04,Mars,2026,AYE29,Active,Web orders,3.06
2026-03-04,Mars,2026,SOL14,Discontinued,Web orders,2.86
2026-03-04,Mars,2026,NAL08,Active,Web orders,8.0
2026-03-04,Mars,2026,FAM08,Active,Web orders,9.0
2026-03-04,Mars,2026,AUR08,discontinued,Web orders,2.8
2026-03-04,Mars,2026,AVE08,Active,Web orders,4.2
2026-03-04,Mars,2026,RAZ08,Discontinued,Web orders,1.45
2026-03-04,Mars,2026,COC08,hold,Web orders,9.0
2026-03-04,Mars,2026,AUR08,Active,Web orders,3.1
2026-03-04,Mars,2026,ROC08,Active,Web orders,9.06
2026-03-04,Mars,2026,COC12,Active,Web orders,2.7
2026-03-04,Mars,2026,GYR08,Discontinued,Web orders,5.92
2026-03-05,Mars,2026,SIR08,Active,Web orders,9.0
2026-03-05,Mars,2026,ROC08,Active,Web orders,17.0
2026-03-05,Mars,2026,ALI08,Active,Web orders,20.1
2026-03-05,Mars,2026,KHE28,Active,Web orders,4.0
2026-03-05,Mars,2026,LUZ08,Active,Web orders,1.95
2026-03-05,Mars,2026,AYE29,Discontinued,Web orders,4.0
2026-03-05,Mars,2026,COC36,Active,Web orders,2.0
2026-03-05,Mars,2026,TUK08,Discontinued,Wholesales Orders,43.45
2026-03-05,Mars,2026,BAN27,Discontinued,Wholesales Orders,66.0
2026-03-05,Mars,2026,TEX08,Discontinued,Wholesales Orders,90.8
2026-03-05,Mars,2026,ROC08,Active,Waste/rework,1.2
2026-03-05,Mars,2026,SAN08,Active,Sample,3.8
2026-03-05,Mars,2026,SOL14,Discontinued,Web orders,2.2
2026-03-06,Mars,2026,AYE29,Discontinued,Web orders,3.0
2026-03-06,Mars,2026,ZEE24,Active,Web orders,3.0
2026-03-06,Mars,2026,ALI08,Active,Web orders,12.0
2026-03-06,Mars,2026,ROC08,Active,Web orders,11.0
2026-03-06,Mars,2026,ALI08,Discontinued,Web orders,3.06
2026-03-06,Mars,2026,KHE28,Active,Web orders,2.7
2026-03-06,Mars,2026,LUZ08,Active,Web orders,3.06
2026-03-09,Mars,2026,ALI08,Active,Wholesales Orders,53.2
2026-03-09,Mars,2026,LAV08,Discontinued,Web orders,5.92
2026-03-09,Mars,2026,KHE28,Active,Web orders,5.1
2026-03-09,Mars,2026,OND27,Active,Web orders,6.8
2026-03-09,Mars,2026,COC08,hold,Web orders,2.6
2026-03-09,Mars,2026,ALI08,Discontinued,Web orders,3.06
2026-03-09,Mars,2026,COR08,Active,Web orders,4.2
2026-03-09,Mars,2026,TOY08,Hold,Web orders,3.06
2026-03-09,Mars,2026,AYE29,Discontinued,Web orders,5.92
2026-03-09,Mars,2026,SOL14,Active,Web orders,4.5
2026-03-09,Mars,2026,ZEE24,Active,Web orders,3.06
2026-03-09,Mars,2026,AYE29,Active,Web orders,5.7
2026-03-09,Mars,2026,FAM08,Active,Web orders,6.7
2026-03-09,Mars,2026,SIR08,Active,Web orders,5.2
2026-03-09,Mars,2026,ROC08,Active,Web orders,17.22
2026-03-09,Mars,2026,ROC12,Active,Web orders,3.4
2026-03-09,Mars,2026,ZHY08,hold,Web orders,2.7
2026-03-09,Mars,2026,GYR08,Discontinued,Waste/rework,2.96
2026-03-09,Mars,2026,SOL18,Discontinued,Wholesales Orders,116.22
2026-03-10,Mars,2026,ROC08,Active,Web orders,2.9
2026-03-10,Mars,2026,SKY08,Active,Web orders,4.0
2026-03-10,Mars,2026,SIE08,Active,Web orders,3.9
2026-03-10,Mars,2026,ALI08,Active,Web orders,5.9
2026-03-10,Mars,2026,KHE28,Active,Web orders,6.7
2026-03-10,Mars,2026,ZEP08,Active,Web orders,2.7
2026-03-10,Mars,2026,ALI08,Discontinued,Web orders,6.12
2026-03-10,Mars,2026,AIR08,Discontinued,Web orders,1.25
2026-03-10,Mars,2026,LUM08,Active,Waste/rework,3.2
2026-03-10,Mars,2026,LAV08,Discontinued,Web orders,2.96
2026-03-10,Mars,2026,BEL08,Discontinued,Wholesales Orders,39.12
2026-03-10,Mars,2026,SCR08,Discontinued,Wholesales Orders,69.1
2026-03-11,Mars,2026,ULA08,Active,Web orders,5.52
2026-03-11,Mars,2026,KHE28,Active,Web orders,5.9
2026-03-11,Mars,2026,ALI08,Active,Web orders,17.0
2026-03-11,Mars,2026,LUZ08,Active,Web orders,9.4
2026-03-11,Mars,2026,DHA20,Active,Web orders,2.35
2026-03-11,Mars,2026,PET08,Discontinued,Web orders,4.4
2026-03-11,Mars,2026,AIR08,Discontinued,Web orders,2.5
2026-03-11,Mars,2026,OND27,Active,Web orders,1.8
2026-03-11,Mars,2026,ULA08,Active,Web orders,2.6
2026-03-11,Mars,2026,SOL14,Discontinued,Wholesales Orders,97.64
2026-03-11,Mars,2026,SCR08,Discontinued,Web orders,0.53
2026-03-12,Mars,2026,ULA08,Active,Web orders,38.2
2026-03-12,Mars,2026,ULA08,Active,Web orders,57.6
2026-03-12,Mars,2026,KHE28,Active,Web orders,19.7
2026-03-12,Mars,2026,SKY08,Active,Web orders,18.7
2026-03-12,Mars,2026,SIR08,Active,Web orders,19.5
2026-03-12,Mars,2026,LAV08,Discontinued,Web orders,17.7
2026-03-12,Mars,2026,ALI08,Active,Web orders,11.0
2026-03-12,Mars,2026,COC08,hold,Web orders,6.0
2026-03-12,Mars,2026,AYE29,Discontinued,Web orders,3.48
2026-03-12,Mars,2026,ROC08,Active,Web orders,2.6
2026-03-12,Mars,2026,AUR08,discontinued,Web orders,6.12
2026-03-12,Mars,2026,ZEE24,Active,Web orders,2.8
2026-03-12,Mars,2026,ROC12,Active,Web orders,2.7
2026-03-12,Mars,2026,SOL14,Discontinued,Wholesales Orders,100.2
2026-03-13,Mars,2026,SIE08,Active,Web orders,4.0
2026-03-13,Mars,2026,ZHY08,hold,Web orders,2.0
2026-03-13,Mars,2026,PET08,Discontinued,Web orders,2.8
2026-03-13,Mars,2026,SIE36,Discontinued,Web orders,4.5
2026-03-13,Mars,2026,ROC08,Active,Web orders,7.6
2026-03-13,Mars,2026,ZEE24,Active,Web orders,4.0
2026-03-13,Mars,2026,AVE08,Active,Web orders,4.2
2026-03-13,Mars,2026,NAL08,Active,Web orders,4.2
2026-03-13,Mars,2026,SIR08,Active,Web orders,15.0
2026-03-13,Mars,2026,LUZ08,Active,Sample,2.7
2026-03-13,Mars,2026,PET08,Discontinued,Sample,2.7
2026-03-13,Mars,2026,TUK08,Discontinued,Sample,2.7
2026-03-13,Mars,2026,LAV08,Discontinued,Sample,4.8
2026-03-13,Mars,2026,SIE08,Active,Sample,5.05
2026-03-16,Mars,2026,ULA08,Active,Web orders,47.0
2026-03-16,Mars,2026,KHE28,Active,Web orders,7.0
2026-03-16,Mars,2026,ROC08,Active,Web orders,34.7
2026-03-16,Mars,2026,ULA08,Active,Web orders,13.0
2026-03-16,Mars,2026,SKY08,Active,Web orders,13.0
2026-03-16,Mars,2026,SAN08,Active,Web orders,6.0
2026-03-16,Mars,2026,LUM08,Active,Web orders,2.8
2026-03-16,Mars,2026,OMB08,Discontinued,Web orders,4.8
2026-03-16,Mars,2026,ZEE24,Active,Web orders,2.8
2026-03-16,Mars,2026,LUZ08,Active,Web orders,3.06
2026-03-16,Mars,2026,LUZ08,Active,Web orders,3.7
2026-03-16,Mars,2026,AYE29,Active,Web orders,3.0
2026-03-16,Mars,2026,SIV28,Active,Web orders,2.3
2026-03-16,Mars,2026,COC08,hold,Web orders,2.8
2026-03-16,Mars,2026,CHI08,Active,Web orders,1.95
2026-03-16,Mars,2026,TOI12,Active,Web orders,4.0
2026-03-16,Mars,2026,RAZ08,Discontinued,Web orders,1.6
2026-03-16,Mars,2026,PET08,discontinued,Web orders,1.95
2026-03-16,Mars,2026,TEX08,Discontinued,Waste/rework,2.96
2026-03-16,Mars,2026,ALI08,Active,Web orders,3.7
2026-03-16,Mars,2026,SIR08,Active,Waste/rework,2.5
2026-03-16,Mars,2026,SOL14,Discontinued,Wholesales Orders,98.9
2026-03-16,Mars,2026,LUZ08,discontinued,Wholesales Orders,137.0
2026-03-17,Mars,2026,ULA08,Active,Web orders,14.0
2026-03-17,Mars,2026,AYE29,Active,Web orders,6.54
2026-03-17,Mars,2026,ULA08,Active,Web orders,6.0
2026-03-17,Mars,2026,FAM08,Active,Web orders,2.96
2026-03-17,Mars,2026,SAN08,Active,Web orders,2.96
2026-03-17,Mars,2026,ROC08,Active,Web orders,3.06
2026-03-17,Mars,2026,SIE08,Active,Web orders,5.0
2026-03-17,Mars,2026,PET08,Discontinued,Web orders,2.96
2026-03-17,Mars,2026,ZES08,Active,Web orders,4.2
2026-03-17,Mars,2026,ULA08,Active,Web orders,6.0
2026-03-17,Mars,2026,BWA08,Discontinued,Wholesales Orders,121.4
2026-03-18,Mars,2026,CAS08,Active,Sample,12.0
2026-03-18,Mars,2026,DOR08,Active,Sample,6.8
2026-03-18,Mars,2026,LOA08,Active,Sample,10.0
2026-03-18,Mars,2026,RAK08,Active,Sample,3.7
2026-03-18,Mars,2026,SAN08,Active,Sample,2.7
2026-03-18,Mars,2026,SOL14,Active,Sample,5.4
2026-03-18,Mars,2026,ULA12,Active,Web orders,6.0
2026-03-18,Mars,2026,ZEE24,Active,Web orders,9.4
2026-03-18,Mars,2026,ROC08,Active,Web orders,7.4
2026-03-18,Mars,2026,LUM08,Active,Web orders,3.7
2026-03-18,Mars,2026,AUR08,discontinued,Web orders,5.6
2026-03-18,Mars,2026,SIR08,Active,Web orders,2.5
2026-03-18,Mars,2026,ULA08,Active,Web orders,6.0
2026-03-18,Mars,2026,ROC12,Active,Web orders,5.4
2026-03-18,Mars,2026,SOL14,Discontinued,Wholesales Orders,99.8
2026-03-23,Mars,2026,SIE08,Active,Web orders,5.9
2026-03-23,Mars,2026,SIE36,Discontinued,Web orders,2.5
2026-03-23,Mars,2026,ZHY12,Active,Web orders,4.3
2026-03-23,Mars,2026,ROC08,Active,Wholesales Orders,56.4
2026-03-23,Mars,2026,FAM08,Active,Web orders,10.2
2026-03-23,Mars,2026,SAN08,Active,Web orders,5.92
2026-03-23,Mars,2026,ZEE24,Active,Web orders,9.0
2026-03-23,Mars,2026,ULA08,Active,Web orders,32.0
2026-03-23,Mars,2026,ULA08,Active,Web orders,16.0
2026-03-23,Mars,2026,ULA08,Active,Web orders,9.0
2026-03-23,Mars,2026,TOY08,Hold,Web orders,8.0
2026-03-23,Mars,2026,KHE28,Active,Web orders,7.8
2026-03-23,Mars,2026,SEN08,Active,Web orders,9.0
2026-03-23,Mars,2026,TOI41,Discontinued,Web orders,2.0
2026-03-23,Mars,2026,SIR08,Active,Web orders,2.5
2026-03-23,Mars,2026,AYE29,Discontinued,Web orders,3.2
2026-03-23,Mars,2026,AYE29,Active,Web orders,8.0
2026-03-23,Mars,2026,DHA20,Active,Web orders,5.0
2026-03-23,Mars,2026,SKY08,Active,Web orders,4.0
2026-03-23,Mars,2026,SOL14,Discontinued,Web orders,2.96
2026-03-23,Mars,2026,PET08,discontinued,Web orders,4.0
2026-03-23,Mars,2026,PET08,Discontinued,Web orders,2.8
2026-03-23,Mars,2026,CHI08,Active,Web orders,7.5
2026-03-23,Mars,2026,AUR08,discontinued,Web orders,9.0
2026-03-23,Mars,2026,LUZ08,Active,Web orders,3.06
2026-03-23,Mars,2026,AVE08,Active,Web orders,10.0
2026-03-23,Mars,2026,ROC12,Active,Web orders,2.7
2026-03-23,Mars,2026,AUR12,Active,Web orders,2.7
2026-03-23,Mars,2026,ZEE24,Active,Waste/rework,2.8
2026-03-24,Mars,2026,AYE29,Active,Web orders,2.7
2026-03-24,Mars,2026,LAV08,Discontinued,Web orders,2.7
2026-03-24,Mars,2026,BAO08,hold,Web orders,3.58
2026-03-24,Mars,2026,PET08,discontinued,Web orders,2.35
2026-03-24,Mars,2026,SKY08,Active,Web orders,4.6
2026-03-24,Mars,2026,ZAH23,Discontinued,Web orders,2.96
2026-03-24,Mars,2026,SAN08,Active,Web orders,2.86
2026-03-24,Mars,2026,COC08,hold,Web orders,2.5
2026-03-24,Mars,2026,ROC08,Active,Web orders,10.06
2026-03-24,Mars,2026,SIR08,Active,Web orders,2.5
2026-03-24,Mars,2026,SOL14,Active,Sample,9.3
2026-03-24,Mars,2026,ULA08,Active,Web orders,6.9
2026-03-24,Mars,2026,AUR08,discontinued,Web orders,2.8
2026-03-24,Mars,2026,CHI08,Active,Web orders,2.8
2026-03-24,Mars,2026,COC12,Active,Web orders,2.7
2026-03-24,Mars,2026,ROC08,Active,Web orders,2.7
2026-03-24,Mars,2026,SAN08,Active,Waste/rework,2.86
2026-03-25,Mars,2026,ZHY12,Active,Web orders,4.3
2026-03-25,Mars,2026,AYE29,Discontinued,Web orders,8.0
2026-03-25,Mars,2026,SAN08,Active,Web orders,2.96
2026-03-25,Mars,2026,LAV08,Discontinued,Web orders,3.1
2026-03-25,Mars,2026,SIE08,Active,Web orders,3.0
2026-03-25,Mars,2026,SKY08,Active,Web orders,2.4
2026-03-25,Mars,2026,ZEE24,Active,Web orders,2.8
2026-03-26,Mars,2026,COC08,hold,Web orders,2.8
2026-03-26,Mars,2026,ROC08,Active,Web orders,7.4
2026-03-26,Mars,2026,ULA08,Active,Web orders,7.0
2026-03-26,Mars,2026,CHI08,Active,Web orders,2.96
2026-03-26,Mars,2026,FAM08,Active,Web orders,5.92
2026-03-26,Mars,2026,COC12,Active,Web orders,2.7
2026-03-26,Mars,2026,NAR08,Discontinued,Wholesales Orders,43.75
2026-03-26,Mars,2026,ZEE24,Active,Wholesales Orders,85.7
2026-03-26,Mars,2026,ZHY08,hold,Web orders,2.7
2026-03-27,Mars,2026,COR08,Active,Web orders,6.0
2026-03-27,Mars,2026,NAL08,Active,Web orders,4.2
2026-03-27,Mars,2026,ZEE24,Active,Web orders,2.8
2026-03-27,Mars,2026,ROC08,Active,Web orders,8.0
2026-03-27,Mars,2026,SIV28,Active,Web orders,2.4
2026-03-27,Mars,2026,SAN12,Discontinued,Web orders,4.3
2026-03-27,Mars,2026,SAN08,Active,Web orders,6.0
2026-03-27,Mars,2026,COC08,hold,Web orders,2.6
2026-03-27,Mars,2026,ULA12,Active,Web orders,4.3
2026-03-30,Mars,2026,ZEE24,Active,Web orders,6.12
2026-03-30,Mars,2026,CHI08,Active,Wholesales Orders,35.9
2026-03-30,Mars,2026,COC08,hold,Web orders,17.8
2026-03-30,Mars,2026,ULA08,Active,Web orders,10.0
2026-03-30,Mars,2026,ROC08,Active,Web orders,6.0
2026-03-30,Mars,2026,AYE29,Discontinued,Web orders,11.12
2026-03-30,Mars,2026,AYE29,Active,Web orders,2.96
2026-03-30,Mars,2026,ZEE24,Active,Web orders,3.0
2026-03-30,Mars,2026,AVE08,Active,Web orders,4.2
2026-03-30,Mars,2026,ZEE24,Active,Web orders,3.06
2026-03-30,Mars,2026,AUR08,discontinued,Web orders,3.1
2026-03-30,Mars,2026,SOL14,Active,Web orders,3.48
2026-03-30,Mars,2026,NAL08,Active,Web orders,4.2
2026-03-30,Mars,2026,ALI08,Active,Web orders,3.4
2026-03-30,Mars,2026,LUZ08,Active,Web orders,3.2
2026-03-30,Mars,2026,WAL08,Discontinued,Web orders,3.2
2026-03-30,Mars,2026,FAM08,Active,Web orders,2.96
2026-03-30,Mars,2026,SKY08,Active,Web orders,2.6
2026-03-30,Mars,2026,SOL14,Discontinued,Web orders,2.96
2026-03-30,Mars,2026,TOY08,Hold,Web orders,2.3
2026-03-30,Mars,2026,COC12,Active,Web orders,33.9
2026-03-30,Mars,2026,BWA08,Discontinued,Web orders,17.76
2026-03-30,Mars,2026,SOL14,Discontinued,Web orders,1.16
2026-03-30,Mars,2026,SIR08,Active,Web orders,15.0
2026-03-30,Mars,2026,LUZ08,discontinued,Wholesales Orders,76.96
2026-03-30,Mars,2026,DOR08,Active,Sample,5.2
2026-03-30,Mars,2026,AUR08,discontinued,Sample,1.8
2026-03-31,Mars,2026,LUZ08,Active,Web orders,3.4
2026-03-31,Mars,2026,SKY08,Active,Web orders,2.5
2026-03-31,Mars,2026,AVE08,Active,Web orders,8.26
2026-03-31,Mars,2026,SOR08,Active,Web orders,2.7
2026-03-31,Mars,2026,AYE29,Discontinued,Web orders,1.4
2026-03-31,Mars,2026,CAR08,Active,Web orders,4.65
2026-03-31,Mars,2026,ZEE24,Active,Web orders,6.0
2026-03-31,Mars,2026,ZHY12,Active,Web orders,4.3
2026-03-31,Mars,2026,FAM08,Active,Web orders,2.96
2026-03-31,Mars,2026,ZEP08,Active,Web orders,2.9
2026-03-31,Mars,2026,ZHY08,hold,Web orders,3.1
2026-03-31,Mars,2026,SIR08,Active,Web orders,2.5
2026-03-31,Mars,2026,TOY08,Hold,Wholesales Orders,38.7
2026-04-01,Avril,2026,SAN12,Discontinued,Web orders,4.3
2026-04-01,Avril,2026,COR08,Active,Web orders,2.7
2026-04-01,Avril,2026,SIR08,Active,Web orders,5.0
2026-04-01,Avril,2026,LUM08,Active,Web orders,2.8
2026-04-01,Avril,2026,PET08,Discontinued,Web orders,4.0
2026-04-01,Avril,2026,ZEE24,Active,Web orders,4.0
2026-04-01,Avril,2026,LAV08,Discontinued,Wholesales Orders,82.14
2026-04-01,Avril,2026,AUR08,Active,Web orders,6.0
2026-04-01,Avril,2026,AUR12,Active,Web orders,2.7
2026-04-02,Avril,2026,AUR08,discontinued,Web orders,2.8
2026-04-02,Avril,2026,CAR08,Active,Web orders,14.0
2026-04-02,Avril,2026,PET08,Discontinued,Web orders,6.2
2026-04-02,Avril,2026,LUM12,Active,Web orders,2.7
2026-04-02,Avril,2026,ROC12,Active,Web orders,2.7
2026-04-02,Avril,2026,BEA27,Discontinued,Wholesales Orders,46.2
2026-04-02,Avril,2026,AUR12,Active,Web orders,2.7
2026-04-02,Avril,2026,AIR08,Discontinued,Web orders,3.3
2026-04-02,Avril,2026,RAY08,Discontinued,Wholesales Orders,20.3
2026-04-03,Avril,2026,SIR08,Active,Web orders,7.0
2026-04-03,Avril,2026,AVE08,Active,Web orders,6.0
2026-04-03,Avril,2026,AUR08,discontinued,Web orders,3.1
2026-04-03,Avril,2026,BWA08,Discontinued,Web orders,2.96
2026-04-03,Avril,2026,LUZ08,discontinued,Web orders,2.96
2026-04-07,Avril,2026,FAM08,Active,Web orders,14.0
2026-04-07,Avril,2026,AUR08,discontinued,Web orders,9.0
2026-04-07,Avril,2026,AYE29,Discontinued,Web orders,3.06
2026-04-07,Avril,2026,AYE29,Active,Web orders,4.5
2026-04-07,Avril,2026,AYE29,On Hold,Web orders,8.0
2026-04-07,Avril,2026,AVE36,Active,Web orders,1.7
2026-04-07,Avril,2026,ULA08,Active,Web orders,5.0
2026-04-07,Avril,2026,ROC08,Active,Web orders,37.06
2026-04-07,Avril,2026,COR08,Active,Web orders,4.4
2026-04-07,Avril,2026,SIR08,Active,Web orders,7.0
2026-04-07,Avril,2026,BWA08,Discontinued,Waste/rework,2.96
2026-04-07,Avril,2026,ROC12,Active,Web orders,5.4
2026-04-07,Avril,2026,AUR12,Active,Web orders,2.7
2026-04-07,Avril,2026,KHE28,Active,Web orders,20.0
2026-04-07,Avril,2026,ULA08,Active,Web orders,26.0
2026-04-07,Avril,2026,COR08,Active,Web orders,5.0
2026-04-07,Avril,2026,ALI08,Active,Web orders,2.96
2026-04-07,Avril,2026,ZEE24,Active,Web orders,3.1
2026-04-07,Avril,2026,LUM08,Active,Web orders,5.8
2026-04-07,Avril,2026,TOY08,Hold,Web orders,3.06
2026-04-07,Avril,2026,SKY08,Active,Web orders,4.8
2026-04-07,Avril,2026,BIN27,Discontinued,Web orders,2.96
2026-04-07,Avril,2026,CHI08,Active,Web orders,1.7
2026-04-07,Avril,2026,ARI08,Discontinued,Web orders,26.8
2026-04-08,Avril,2026,ZHY08,hold,Web orders,1.95
2026-04-08,Avril,2026,ZHY12,Active,Web orders,4.3
2026-04-08,Avril,2026,SOL18,Discontinued,Web orders,3.48
2026-04-08,Avril,2026,LUM08,Active,Web orders,3.1
2026-04-08,Avril,2026,ROC08,Active,Web orders,8.4
2026-04-08,Avril,2026,ZEE24,Active,Web orders,3.0
2026-04-08,Avril,2026,ULA08,Active,Web orders,9.0
2026-04-08,Avril,2026,COR08,Active,Web orders,4.2
2026-04-08,Avril,2026,TEX08,Discontinued,Web orders,5.92
2026-04-08,Avril,2026,FAM08,Active,Waste/rework,2.96
2026-04-09,Avril,2026,SOL14,Discontinued,Web orders,2.96
2026-04-09,Avril,2026,SOR08,Active,Web orders,9.0
2026-04-09,Avril,2026,BWA08,Discontinued,Web orders,2.96
2026-04-09,Avril,2026,ABS08,Discontinued,Wholesales Orders,18.05
2026-04-09,Avril,2026,PET08,discontinued,Wholesales Orders,16.3
2026-04-09,Avril,2026,PET08,Discontinued,Wholesales Orders,24.6
2026-04-09,Avril,2026,LUM12,Active,Web orders,2.7
2026-04-09,Avril,2026,DHA20,Active,Web orders,14.0
2026-04-09,Avril,2026,JOA08,Discontinued,Web orders,2.96
2026-04-09,Avril,2026,TUK08,Discontinued,Web orders,2.96
2026-04-09,Avril,2026,ZEN08,Discontinued,Web orders,2.96
2026-04-09,Avril,2026,LIN12,Discontinued,Web orders,3.95
2026-04-09,Avril,2026,LUZ08,Active,Web orders,3.06
2026-04-09,Avril,2026,ZEE24,Active,Web orders,3.06
2026-04-09,Avril,2026,ANA08,Discontinued,Web orders,1.7
2026-04-10,Avril,2026,SOL14,Active,Web orders,3.0
2026-04-10,Avril,2026,ROC08,Active,Web orders,9.0
2026-04-10,Avril,2026,LUM08,Active,Web orders,3.1
2026-04-10,Avril,2026,AYE29,Discontinued,Web orders,3.06
2026-04-10,Avril,2026,OMB08,Discontinued,Web orders,4.6
2026-04-10,Avril,2026,ULA08,Active,Web orders,6.0
2026-04-10,Avril,2026,JOA08,Discontinued,Web orders,14.7
2026-04-10,Avril,2026,TUK08,Discontinued,Web orders,2.96
2026-04-10,Avril,2026,TOY08,Hold,Web orders,3.06
2026-04-10,Avril,2026,SOL14,Discontinued,Web orders,8.0
2026-04-10,Avril,2026,LIN12,Discontinued,Web orders,10.8
2026-04-10,Avril,2026,LIN12,Discontinued,Web orders,31.0
2026-04-10,Avril,2026,ANA08,Discontinued,Web orders,3.6
2026-04-10,Avril,2026,ABS12,Discontinued,Web orders,4.3
2026-04-10,Avril,2026,ZEN08,Discontinued,Web orders,14.7
2026-04-11,Avril,2026,TUK08,Discontinued,Web orders,3.7
2026-04-11,Avril,2026,LAV08,Discontinued,Web orders,3.1
2026-04-11,Avril,2026,ULA08,Active,Web orders,6.0
2026-04-11,Avril,2026,CHI08,Active,Web orders,1.5
2026-04-11,Avril,2026,NDA08,Discontinued,Web orders,2.96
2026-04-11,Avril,2026,ANA08,Discontinued,Web orders,9.0
2026-04-11,Avril,2026,JOA08,Discontinued,Web orders,5.92
2026-04-11,Avril,2026,PET08,Discontinued,Web orders,12.0
2026-04-11,Avril,2026,SHE08,Discontinued,Web orders,6.0
2026-04-11,Avril,2026,BEL12,Discontinued,Web orders,5.0
2026-04-11,Avril,2026,TOY08,Hold,Web orders,3.06
2026-04-11,Avril,2026,PLA12,Discontinued,Web orders,9.0
2026-04-11,Avril,2026,SOL14,Discontinued,Web orders,8.9
2026-04-11,Avril,2026,SIR08,Active,Web orders,2.6
2026-04-11,Avril,2026,JAR08,Discontinued,Web orders,6.0
2026-04-11,Avril,2026,SOL14,Active,Web orders,2.0
2026-04-13,Avril,2026,FAM08,Active,Web orders,2.7
2026-04-13,Avril,2026,LUZ08,Active,Web orders,3.3
2026-04-13,Avril,2026,LUM08,Active,Web orders,3.8
2026-04-13,Avril,2026,AYE29,Active,Web orders,4.2
2026-04-13,Avril,2026,AVE08,Active,Web orders,12.4
2026-04-13,Avril,2026,ZHY08,hold,Web orders,1.95
2026-04-13,Avril,2026,AYE29,Discontinued,Web orders,2.96
2026-04-13,Avril,2026,AUR08,discontinued,Web orders,2.8
2026-04-13,Avril,2026,TOI41,Discontinued,Web orders,6.5
2026-04-13,Avril,2026,ULA08,Active,Web orders,16.0
2026-04-13,Avril,2026,ZES08,Active,Web orders,4.2
2026-04-13,Avril,2026,ALI08,Discontinued,Web orders,3.06
2026-04-13,Avril,2026,ZHY08,hold,Web orders,5.5
2026-04-13,Avril,2026,ROC08,Active,Web orders,4.2
2026-04-13,Avril,2026,AUR08,discontinued,Web orders,2.8
2026-04-13,Avril,2026,ANA08,Discontinued,Web orders,11.0
2026-04-13,Avril,2026,LIN12,Discontinued,Web orders,42.7
2026-04-13,Avril,2026,SOL14,Discontinued,Web orders,3.8
2026-04-13,Avril,2026,BEL12,Discontinued,Web orders,6.7
2026-04-13,Avril,2026,TUK08,Discontinued,Web orders,2.96
2026-04-13,Avril,2026,NDA08,Discontinued,Web orders,5.92
2026-04-13,Avril,2026,PET08,Discontinued,Web orders,5.92
2026-04-13,Avril,2026,PLA12,Discontinued,Web orders,4.4
2026-04-13,Avril,2026,ZEN08,Discontinued,Web orders,5.92
2026-04-13,Avril,2026,LUZ08,discontinued,Web orders,5.92
2026-04-13,Avril,2026,ZAH23,Discontinued,Web orders,3.0
2026-04-13,Avril,2026,SCR12,Discontinued,Web orders,4.4
2026-04-13,Avril,2026,JAR08,Discontinued,Web orders,12.5
2026-04-13,Avril,2026,PAL08,Discontinued,Web orders,4.0
2026-04-13,Avril,2026,BAT08,Discontinued,Web orders,3.3
2026-04-13,Avril,2026,SOL14,Discontinued,Web orders,5.7
2026-04-13,Avril,2026,BAN27,Discontinued,Web orders,6.3
2026-04-13,Avril,2026,ARI08,Discontinued,Web orders,8.5
2026-04-13,Avril,2026,SOL14,Discontinued,Web orders,12.4
2026-04-13,Avril,2026,CAS08,Active,Web orders,5.0
2026-04-13,Avril,2026,DOR08,Active,Web orders,5.0
2026-04-13,Avril,2026,SAN08,Active,Wholesales Orders,79.3
2026-04-14,Avril,2026,SAN08,Active,Web orders,28.0
2026-04-14,Avril,2026,KHE28,Active,Wholesales Orders,106.0
2026-04-14,Avril,2026,ZEN08,Discontinued,Web orders,2.96
2026-04-14,Avril,2026,SOL14,Discontinued,Web orders,5.7
2026-04-14,Avril,2026,SOL14,Active,Web orders,5.0
2026-04-14,Avril,2026,PAL08,Discontinued,Web orders,2.2
2026-04-14,Avril,2026,ANA08,Discontinued,Web orders,1.95
2026-04-15,Avril,2026,AYE29,Active,Web orders,6.4
2026-04-15,Avril,2026,ULA08,Active,Web orders,6.0
2026-04-15,Avril,2026,ULA08,Active,Web orders,1.0
2026-04-15,Avril,2026,SOR08,Active,Web orders,2.5
2026-04-15,Avril,2026,DHA20,Active,Web orders,1.52
2026-04-15,Avril,2026,AUR08,discontinued,Web orders,15.7
2026-04-15,Avril,2026,BAT08,Discontinued,Web orders,4.05
2026-04-15,Avril,2026,ZHY08,hold,Web orders,2.35
2026-04-15,Avril,2026,PET08,discontinued,Web orders,2.35
2026-04-15,Avril,2026,SAN08,Active,Web orders,2.96
2026-04-15,Avril,2026,AUR08,Active,Web orders,6.5
2026-04-15,Avril,2026,AYE29,Discontinued,Web orders,3.6
2026-04-15,Avril,2026,AYE29,On Hold,Web orders,7.51
2026-04-15,Avril,2026,ZEE24,Active,Web orders,3.1
2026-04-15,Avril,2026,BWA08,Discontinued,Web orders,4.5
2026-04-15,Avril,2026,CAS08,Active,Web orders,8.8
2026-04-15,Avril,2026,DOR08,Active,Web orders,3.5
2026-04-15,Avril,2026,AUR12,Active,Web orders,2.8
2026-04-16,Avril,2026,PLA12,Discontinued,Web orders,30.0
2026-04-16,Avril,2026,LIN12,Discontinued,Web orders,24.0
2026-04-17,Avril,2026,CHI08,Active,Web orders,2.7
2026-04-17,Avril,2026,ULA08,Active,Web orders,9.0
2026-04-17,Avril,2026,ULA08,Active,Web orders,6.0
2026-04-17,Avril,2026,AUR08,Active,Web orders,3.2
2026-04-17,Avril,2026,FAM08,Active,Web orders,2.96
2026-04-17,Avril,2026,AYE29,Discontinued,Web orders,3.06
2026-04-17,Avril,2026,AUR08,discontinued,Web orders,5.6
2026-04-17,Avril,2026,AUR12,Active,Web orders,2.7
2026-04-17,Avril,2026,SOR08,Active,Web orders,5.8
2026-04-17,Avril,2026,SAN08,Active,Web orders,3.06
2026-04-17,Avril,2026,AYE29,Active,Web orders,5.9
2026-04-17,Avril,2026,KHE28,Active,Web orders,4.2
2026-04-17,Avril,2026,SOL14,Active,Web orders,13.0
2026-04-17,Avril,2026,JAR08,Discontinued,Web orders,2.5
2026-04-17,Avril,2026,JOA08,Discontinued,Web orders,21.7
2026-04-17,Avril,2026,BAN27,Discontinued,Web orders,3.1
2026-04-17,Avril,2026,TUK08,Discontinued,Web orders,6.0
2026-04-17,Avril,2026,BEL12,Discontinued,Web orders,50.1
2026-04-17,Avril,2026,LAV08,Discontinued,Web orders,2.96
2026-04-17,Avril,2026,LIN12,Discontinued,Web orders,7.5
2026-04-17,Avril,2026,ANA08,Discontinued,Web orders,25.3
2026-04-17,Avril,2026,SOL14,Discontinued,Web orders,13.0
2026-04-17,Avril,2026,LUZ08,discontinued,Web orders,5.92
2026-04-17,Avril,2026,SOL14,Discontinued,Web orders,30.4
2026-04-17,Avril,2026,SCR12,Discontinued,Web orders,8.8
2026-04-17,Avril,2026,TOI12,Active,Web orders,4.3
2026-04-17,Avril,2026,NDA08,Discontinued,Web orders,2.96
2026-04-17,Avril,2026,BAT08,Discontinued,Web orders,4.05
2026-04-18,Avril,2026,LUM08,Active,Web orders,2.8
2026-04-18,Avril,2026,DHA20,Active,Web orders,0.52
2026-04-18,Avril,2026,DHA20,Discontinued,Web orders,2.0
2026-04-18,Avril,2026,KHE28,Active,Web orders,9.0
2026-04-18,Avril,2026,ULA08,Active,Web orders,18.0
2026-04-18,Avril,2026,AUR08,discontinued,Web orders,3.8
2026-04-18,Avril,2026,SKY08,Active,Web orders,6.12
2026-04-18,Avril,2026,TOI41,Discontinued,Web orders,2.85
2026-04-18,Avril,2026,ZHY12,Active,Web orders,4.3
2026-04-18,Avril,2026,ZHY08,hold,Web orders,5.0
2026-04-18,Avril,2026,FAM08,Active,Web orders,4.2
2026-04-20,Avril,2026,ALI08,Active,Web orders,2.96
2026-04-20,Avril,2026,KHE28,Active,Web orders,9.5
2026-04-20,Avril,2026,SOR08,Active,Web orders,9.0
2026-04-20,Avril,2026,SIR08,Active,Web orders,2.5
2026-04-20,Avril,2026,ULA08,Active,Web orders,30.0
2026-04-20,Avril,2026,OMB08,Discontinued,Web orders,10.0
2026-04-20,Avril,2026,ULA08,Active,Web orders,12.0
2026-04-20,Avril,2026,COR08,Active,Web orders,2.8
2026-04-20,Avril,2026,SAN08,Active,Web orders,3.1
2026-04-20,Avril,2026,ZHY08,hold,Web orders,4.0
2026-04-20,Avril,2026,AYE29,Active,Web orders,7.0
2026-04-20,Avril,2026,FAM08,Active,Web orders,2.7
2026-04-20,Avril,2026,ALI08,Discontinued,Web orders,3.06
2026-04-20,Avril,2026,PET08,Discontinued,Web orders,2.96
2026-04-20,Avril,2026,DHA20,Active,Web orders,3.3
2026-04-21,Avril,2026,AYE29,Active,Web orders,2.96
2026-04-21,Avril,2026,AUR08,discontinued,Web orders,2.8
2026-04-21,Avril,2026,SAN08,Active,Web orders,2.96
2026-04-21,Avril,2026,SKY08,Active,Web orders,4.2
2026-04-21,Avril,2026,ULA08,Active,Web orders,6.0
2026-04-21,Avril,2026,LUM08,Active,Web orders,2.8
2026-04-21,Avril,2026,LUM12,Active,Web orders,2.7
2026-04-21,Avril,2026,SIR08,Active,Web orders,2.5
2026-04-22,Avril,2026,AUR08,discontinued,Web orders,2.8
2026-04-22,Avril,2026,SOL14,Discontinued,Web orders,2.96
2026-04-22,Avril,2026,COR08,Active,Web orders,2.7
2026-04-22,Avril,2026,LUM08,Active,Web orders,2.8
2026-04-22,Avril,2026,ALI08,Active,Web orders,1.6
2026-04-22,Avril,2026,ALI08,Discontinued,Web orders,3.06
2026-04-22,Avril,2026,ZEP08,Active,Wholesales Orders,14.8
2026-04-22,Avril,2026,SKY08,Active,Wholesales Orders,14.8
2026-04-22,Avril,2026,SOL14,Active,Web orders,4.0
2026-04-22,Avril,2026,BEL12,Discontinued,Web orders,2.0
2026-04-23,Avril,2026,LUM08,Active,Web orders,6.0
2026-04-23,Avril,2026,SOL14,Discontinued,Web orders,5.92
2026-04-23,Avril,2026,KHE28,Active,Web orders,5.0
2026-04-23,Avril,2026,ROC08,Active,Web orders,2.8
2026-04-23,Avril,2026,AUR08,Active,Web orders,2.8
2026-04-23,Avril,2026,PET08,Discontinued,Web orders,2.8
2026-04-23,Avril,2026,ROC12,Active,Web orders,2.7
2026-04-23,Avril,2026,SHE08,Discontinued,Web orders,17.0
2026-04-23,Avril,2026,JAR08,Discontinued,Web orders,8.0
2026-04-23,Avril,2026,WAL08,Discontinued,Web orders,10.0
2026-04-23,Avril,2026,BWA08,Discontinued,Web orders,35.0
2026-04-23,Avril,2026,ATO08,Discontinued,Web orders,7.0
2026-04-23,Avril,2026,COS08,Discontinued,Web orders,7.0
2026-04-24,Avril,2026,ALI08,Active,Web orders,3.1
2026-04-24,Avril,2026,AYE29,Active,Web orders,11.0
2026-04-24,Avril,2026,TAL26,Discontinued,Web orders,5.0
2026-04-24,Avril,2026,AYE29,Active,Web orders,2.96
2026-04-24,Avril,2026,ALI08,Discontinued,Web orders,3.06
2026-04-24,Avril,2026,SKY08,Active,Web orders,3.06
2026-04-24,Avril,2026,PET08,Discontinued,Web orders,2.96
2026-04-24,Avril,2026,SOL14,Discontinued,Web orders,4.0
2026-04-24,Avril,2026,SKY08,Active,Web orders,3.1
2026-04-24,Avril,2026,PAL08,Discontinued,Web orders,13.0
2026-04-24,Avril,2026,BEL12,Discontinued,Web orders,3.3
2026-04-25,Avril,2026,BAT08,Discontinued,Web orders,6.71
2026-04-25,Avril,2026,SCR12,Discontinued,Web orders,2.96
2026-04-25,Avril,2026,DHA20,Active,Web orders,7.1
2026-04-25,Avril,2026,AVE08,Active,Web orders,3.06
2026-04-25,Avril,2026,ROC08,Active,Web orders,6.7
2026-04-25,Avril,2026,CAS08,Active,Web orders,1.0
2026-04-25,Avril,2026,ULA12,Active,Web orders,9.0
2026-04-25,Avril,2026,BAT08,Discontinued,Web orders,4.05
2026-04-25,Avril,2026,AYE29,Active,Web orders,9.06
2026-04-25,Avril,2026,BEL12,Discontinued,Web orders,3.3
2026-04-25,Avril,2026,ULA08,Active,Web orders,3.0
2026-04-27,Avril,2026,ROC08,Active,Wholesales Orders,117.44
2026-04-27,Avril,2026,LOA08,Active,Wholesales Orders,92.0
2026-04-27,Avril,2026,CAS08,Active,Web orders,3.4
2026-04-27,Avril,2026,ROC08,Active,Web orders,4.0
2026-04-27,Avril,2026,PET08,Discontinued,Web orders,5.4
2026-04-27,Avril,2026,DHA20,Active,Web orders,3.06
2026-04-27,Avril,2026,ZES08,Active,Web orders,5.0
2026-04-27,Avril,2026,ZEE24,Active,Web orders,3.84
2026-04-27,Avril,2026,LUZ08,Active,Web orders,3.06
2026-04-27,Avril,2026,TOY08,Hold,Web orders,3.06
2026-04-27,Avril,2026,AIR08,Discontinued,Web orders,2.35
2026-04-27,Avril,2026,AYE29,On Hold,Web orders,4.15
2026-04-27,Avril,2026,ULA08,Active,Web orders,6.0
2026-04-27,Avril,2026,ZHY08,hold,Web orders,4.0
2026-04-27,Avril,2026,FAM08,Active,Web orders,5.4
2026-04-27,Avril,2026,AYE29,Active,Web orders,5.92
2026-04-27,Avril,2026,TOI41,Discontinued,Web orders,5.3
2026-04-27,Avril,2026,AUR08,discontinued,Web orders,2.8
2026-04-27,Avril,2026,SKY08,Active,Web orders,5.0
2026-04-27,Avril,2026,AUR12,Active,Web orders,2.8
2026-04-27,Avril,2026,GYR08,Discontinued,Web orders,1.5
2026-04-27,Avril,2026,ULA12,Active,Web orders,4.5
2026-04-28,Avril,2026,TAL26,Discontinued,Web orders,4.9
2026-04-28,Avril,2026,AIR08,Discontinued,Web orders,3.2
2026-04-28,Avril,2026,ROC08,Active,Web orders,9.0
2026-04-28,Avril,2026,AYE29,Active,Web orders,6.0
2026-04-28,Avril,2026,AUR08,discontinued,Web orders,2.8
2026-04-28,Avril,2026,ZHY08,hold,Web orders,3.1
2026-04-28,Avril,2026,CAS08,Active,Web orders,3.7
2026-04-28,Avril,2026,COS08,Discontinued,Web orders,5.2
2026-04-28,Avril,2026,SIE08,Active,Web orders,4.0
2026-04-28,Avril,2026,SKY08,Active,Web orders,3.1
2026-04-28,Avril,2026,DHA20,Discontinued,Web orders,3.1
2026-04-29,Avril,2026,LOA08,Active,Web orders,10.0
2026-04-29,Avril,2026,RAK08,Active,Web orders,3.7
2026-04-29,Avril,2026,DHA20,Discontinued,Web orders,3.1
2026-04-29,Avril,2026,ROC08,Active,Web orders,4.0
2026-04-29,Avril,2026,ULA08,Active,Web orders,6.0
2026-04-29,Avril,2026,AYE29,Active,Web orders,2.6
2026-04-29,Avril,2026,ULA08,Active,Web orders,6.0
2026-04-29,Avril,2026,COR08,Active,Web orders,2.8
2026-04-29,Avril,2026,FAM08,Active,Web orders,6.1
2026-04-29,Avril,2026,ZHY08,hold,Web orders,1.75
2026-04-29,Avril,2026,LUZ08,Active,Web orders,3.06
2026-04-29,Avril,2026,DHA20,Discontinued,Waste/rework,1.4
2026-04-29,Avril,2026,SKY08,Active,Web orders,107.0
2026-04-30,Avril,2026,ROC08,Active,Web orders,5.9
2026-04-30,Avril,2026,CAR08,Active,Web orders,4.8
2026-04-30,Avril,2026,ULA08,Active,Web orders,2.6
2026-04-30,Avril,2026,SIR08,Active,Web orders,2.5
2026-04-30,Avril,2026,AUR08,discontinued,Web orders,3.1
2026-04-30,Avril,2026,FAM08,Active,Web orders,3.2
2026-04-30,Avril,2026,SAN12,Discontinued,Web orders,4.3
2026-04-30,Avril,2026,SAN08,Active,Web orders,4.0
2026-04-30,Avril,2026,TEX08,Discontinued,Web orders,15.0
2026-04-30,Avril,2026,AUR08,discontinued,Web orders,9.0
2026-05-04,Mai,2026,AUR08,discontinued,Web orders,9.0
2026-05-04,Mai,2026,FAM08,Active,Web orders,5.7
2026-05-04,Mai,2026,ULA08,Active,Web orders,18.0
2026-05-04,Mai,2026,ULA08,Active,Web orders,12.0
2026-05-04,Mai,2026,SIR08,Active,Web orders,2.5
2026-05-04,Mai,2026,AUR08,Active,Web orders,3.1
2026-05-04,Mai,2026,CAS08,Active,Web orders,8.5
2026-05-04,Mai,2026,AYE29,Active,Web orders,9.0
2026-05-04,Mai,2026,COR08,Active,Web orders,4.0
2026-05-04,Mai,2026,LUM08,Active,Web orders,2.8
2026-05-04,Mai,2026,SCR12,Discontinued,Web orders,2.96
2026-05-04,Mai,2026,SKY08,Active,Web orders,8.0
2026-05-04,Mai,2026,CAR08,Active,Web orders,3.4
2026-05-04,Mai,2026,ULA08,Active,Web orders,6.0
2026-05-04,Mai,2026,SAN08,Active,Web orders,2.96
2026-05-04,Mai,2026,OMB08,Discontinued,Web orders,5.0
2026-05-04,Mai,2026,AUR12,Active,Web orders,2.7
2026-05-04,Mai,2026,ROC08,Active,Web orders,2.3
2026-05-05,Mai,2026,ULA08,Active,Web orders,11.5
2026-05-05,Mai,2026,ZAH23,Discontinued,Web orders,4.0
2026-05-05,Mai,2026,AUR08,discontinued,Web orders,2.8
2026-05-05,Mai,2026,ZHY08,hold,Web orders,2.7
2026-05-05,Mai,2026,ROC08,Active,Web orders,11.06
2026-05-05,Mai,2026,SOR08,Active,Web orders,3.7
2026-05-05,Mai,2026,ULA08,Active,Web orders,15.0
2026-05-05,Mai,2026,OMB08,Discontinued,Web orders,5.0
2026-05-05,Mai,2026,AUR08,discontinued,Web orders,2.8
2026-05-05,Mai,2026,AUR12,Active,Web orders,2.7
2026-05-06,Mai,2026,AUR12,Active,Web orders,3.4
2026-05-06,Mai,2026,AUR08,discontinued,Web orders,3.1
2026-05-06,Mai,2026,AYE29,Active,Web orders,5.8
2026-05-06,Mai,2026,AUR08,Active,Web orders,2.8
2026-05-06,Mai,2026,ULA08,Active,Web orders,12.0
2026-05-06,Mai,2026,AUR08,discontinued,Web orders,3.1
2026-05-06,Mai,2026,PAL08,Discontinued,Web orders,34.2
2026-05-06,Mai,2026,RAY08,Discontinued,Web orders,36.3
2026-05-06,Mai,2026,COS08,Discontinued,Web orders,36.4
2026-05-06,Mai,2026,JOA08,Discontinued,Web orders,18.79
2026-05-06,Mai,2026,TOI41,Discontinued,Web orders,24.0
2026-05-06,Mai,2026,SHE08,Discontinued,Web orders,50.8
2026-05-06,Mai,2026,LIN12,Discontinued,Web orders,11.5
2026-05-06,Mai,2026,CAS08,Active,Web orders,4.2
2026-05-07,Mai,2026,ULA08,Active,Web orders,2.0
2026-05-07,Mai,2026,ULA08,Active,Web orders,6.0
2026-05-07,Mai,2026,AUR08,discontinued,Web orders,2.8
2026-05-07,Mai,2026,TOI41,Discontinued,Web orders,1.7
2026-05-07,Mai,2026,AVE08,Active,Web orders,3.06
2026-05-07,Mai,2026,SOL14,Discontinued,Web orders,2.96
2026-05-07,Mai,2026,CHI08,Active,Web orders,2.96
2026-05-07,Mai,2026,AUR08,Active,Web orders,2.8
2026-05-07,Mai,2026,CAS08,Active,Web orders,2.96
2026-05-07,Mai,2026,LUM08,Active,Web orders,3.1
2026-05-07,Mai,2026,SIE08,Active,Web orders,2.1
2026-05-07,Mai,2026,LUZ08,Active,Web orders,3.06
2026-05-07,Mai,2026,AYE29,Discontinued,Web orders,3.06
2026-05-07,Mai,2026,ULA12,Active,Web orders,4.0
2026-05-07,Mai,2026,AUR12,Active,Web orders,2.7
2026-05-08,Mai,2026,ULA08,Active,Web orders,7.0
2026-05-08,Mai,2026,AUR08,discontinued,Web orders,6.2
2026-05-08,Mai,2026,SIR08,Active,Web orders,2.5
2026-05-08,Mai,2026,DHA20,Active,Web orders,3.16
2026-05-08,Mai,2026,COR08,Active,Web orders,4.8
2026-05-08,Mai,2026,ZHY12,Active,Web orders,4.3
2026-05-08,Mai,2026,SOR08,Active,Web orders,1.8
2026-05-08,Mai,2026,AUR12,Active,Web orders,2.7
2026-05-08,Mai,2026,LUM08,Active,Web orders,3.1
2026-05-08,Mai,2026,SIR08,Active,Web orders,7.5
2026-05-08,Mai,2026,OMB08,Discontinued,Web orders,22.2
2026-05-08,Mai,2026,SAN08,Active,Wholesales Orders,31.2
2026-05-08,Mai,2026,ZIM08,Active,Sample,41.7
2026-05-08,Mai,2026,SAN12,Discontinued,Web orders,22.5
2026-05-08,Mai,2026,ULA12,Active,Web orders,24.5
2026-05-08,Mai,2026,ULA08,Active,Web orders,30.0
2026-05-08,Mai,2026,CAS08,Active,Web orders,4.2
2026-05-11,Mai,2026,FAM08,Active,Web orders,3.0
2026-05-11,Mai,2026,AUR08,discontinued,Web orders,6.0
2026-05-11,Mai,2026,AUR12,Active,Web orders,2.7
2026-05-11,Mai,2026,AYE29,Active,Web orders,15.0
2026-05-11,Mai,2026,SAN12,Discontinued,Web orders,4.3
2026-05-11,Mai,2026,OMB08,Discontinued,Web orders,4.6
2026-05-11,Mai,2026,ROC08,Active,Web orders,4.6
2026-05-11,Mai,2026,SAN08,Active,Web orders,8.0
2026-05-11,Mai,2026,CAS08,Active,Web orders,11.0
2026-05-11,Mai,2026,ZHY08,hold,Web orders,2.35
2026-05-11,Mai,2026,SOL14,Discontinued,Web orders,2.96
2026-05-11,Mai,2026,TOI41,Discontinued,Web orders,3.4
2026-05-11,Mai,2026,AYE29,Discontinued,Web orders,5.0
2026-05-12,Mai,2026,TOI41,Discontinued,Web orders,3.4
2026-05-12,Mai,2026,CAS08,Active,Web orders,9.0
2026-05-12,Mai,2026,ZHY08,hold,Web orders,3.7
2026-05-12,Mai,2026,ROC08,Active,Web orders,4.4
2026-05-12,Mai,2026,AUR08,discontinued,Web orders,3.1
2026-05-12,Mai,2026,PET08,Discontinued,Web orders,2.96
2026-05-12,Mai,2026,DHA20,Discontinued,Web orders,4.0
2026-05-12,Mai,2026,ALI08,Active,Web orders,115.0
2026-05-12,Mai,2026,SAN08,Active,Wholesales Orders,83.5
2026-05-12,Mai,2026,AYE29,Discontinued,Web orders,25.1
2026-05-12,Mai,2026,SIR08,Active,Web orders,65.2
2026-05-12,Mai,2026,KHE28,Active,Web orders,4.5
2026-05-12,Mai,2026,FAM08,Active,Web orders,0.7
2026-05-12,Mai,2026,ULA12,Active,Web orders,2.5
2026-05-12,Mai,2026,SIR08,Active,Web orders,14.2
2026-05-13,Mai,2026,SCR12,Discontinued,Web orders,2.8
2026-05-13,Mai,2026,RAZ08,Discontinued,Web orders,1.8
2026-05-13,Mai,2026,CAR08,Active,Web orders,5.05
2026-05-13,Mai,2026,SOR08,Active,Web orders,2.2
2026-05-13,Mai,2026,TOI41,Discontinued,Web orders,3.0
2026-05-13,Mai,2026,SOL14,Discontinued,Web orders,3.16
2026-05-13,Mai,2026,ZES08,Active,Web orders,4.8
2026-05-13,Mai,2026,ROC08,Active,Web orders,3.4
2026-05-13,Mai,2026,LUM08,Active,Web orders,3.7
2026-05-13,Mai,2026,AYE29,Discontinued,Web orders,4.0
2026-05-15,Mai,2026,OMB08,Discontinued,Web orders,4.2
2026-05-15,Mai,2026,SOR08,Active,Web orders,3.7
2026-05-15,Mai,2026,PET08,Discontinued,Web orders,2.8
2026-05-15,Mai,2026,ULA08,Active,Web orders,6.0
2026-05-15,Mai,2026,AYE29,Active,Web orders,3.48
2026-05-15,Mai,2026,ROC08,Active,Web orders,8.4
2026-05-15,Mai,2026,SKY08,Active,Web orders,2.96
2026-05-15,Mai,2026,PET08,Discontinued,Web orders,2.7
2026-05-15,Mai,2026,COS08,Discontinued,Web orders,5.12
2026-05-15,Mai,2026,AUR08,discontinued,Web orders,3.1
2026-05-15,Mai,2026,AYE29,Discontinued,Web orders,3.75
2026-05-18,Mai,2026,ZES08,Active,Web orders,9.0
2026-05-18,Mai,2026,ULA12,Active,Web orders,4.3
2026-05-18,Mai,2026,TOI41,Discontinued,Web orders,2.0
2026-05-18,Mai,2026,ROC08,Active,Web orders,18.6
2026-05-18,Mai,2026,ULA08,Active,Web orders,1.0
2026-05-18,Mai,2026,SIR08,Active,Web orders,8.0
2026-05-18,Mai,2026,CAS08,Active,Web orders,6.7
2026-05-18,Mai,2026,COR08,Active,Web orders,4.8
2026-05-18,Mai,2026,ROC08,Active,Web orders,2.6
2026-05-18,Mai,2026,AYE29,Active,Web orders,15.0
2026-05-18,Mai,2026,ULA08,Active,Web orders,6.0
2026-05-18,Mai,2026,AIR08,Discontinued,Web orders,1.25
2026-05-18,Mai,2026,TOY08,Hold,Web orders,3.06
2026-05-18,Mai,2026,LUM08,Active,Web orders,6.0
2026-05-18,Mai,2026,ZHY12,Active,Web orders,4.3
2026-05-18,Mai,2026,ZHY08,hold,Web orders,1.75
2026-05-18,Mai,2026,SIR08,Active,Web orders,3.0
2026-05-18,Mai,2026,LUM12,Active,Web orders,2.8
2026-05-18,Mai,2026,DOR08,Active,Wholesales Orders,201.0
2026-05-18,Mai,2026,RAK08,Active,Wholesales Orders,92.8
2026-05-19,Mai,2026,AVE08,Active,Web orders,4.6
2026-05-19,Mai,2026,ROC08,Active,Web orders,10.8
2026-05-19,Mai,2026,AVE08,Active,Web orders,1.7
2026-05-19,Mai,2026,ULA08,Active,Web orders,31.0
2026-05-19,Mai,2026,LUM08,Active,Web orders,2.8
2026-05-19,Mai,2026,AUR08,discontinued,Web orders,3.1
2026-05-20,Mai,2026,ULA08,Active,Web orders,13.3
2026-05-20,Mai,2026,CAS08,Active,Web orders,4.2
2026-05-20,Mai,2026,AIR08,Discontinued,Web orders,10.7
2026-05-20,Mai,2026,KHE28,Active,Web orders,9.7
2026-05-20,Mai,2026,ZEE24,Active,Web orders,6.9
2026-05-20,Mai,2026,SEN08,Active,Web orders,3.0
2026-05-20,Mai,2026,SEN12,Active,Web orders,3.0
2026-05-21,Mai,2026,COR08,Active,Web orders,2.1
2026-05-21,Mai,2026,CAS08,Active,Web orders,13.6
2026-05-21,Mai,2026,ULA08,Active,Web orders,12.0
2026-05-21,Mai,2026,CHI08,Active,Web orders,2.8
2026-05-21,Mai,2026,AUR08,discontinued,Web orders,3.06
2026-05-21,Mai,2026,AYE29,Active,Web orders,3.48
2026-05-21,Mai,2026,ZES08,Active,Web orders,4.8
2026-05-21,Mai,2026,TOI41,Discontinued,Web orders,2.5
2026-05-21,Mai,2026,RAK08,Active,Web orders,15.4
2026-05-21,Mai,2026,LOA08,Active,Wholesales Orders,28.98
2026-05-21,Mai,2026,GYR08,Discontinued,Wholesales Orders,18.4
2026-05-21,Mai,2026,LUM08,Active,Wholesales Orders,18.4
2026-05-21,Mai,2026,LUZ08,discontinued,Wholesales Orders,18.4
2026-05-21,Mai,2026,PET08,Discontinued,Wholesales Orders,18.4
2026-05-21,Mai,2026,KHE28,Active,Web orders,0.62
2026-05-21,Mai,2026,DOR08,Active,Web orders,2.96
2026-05-22,Mai,2026,ZES08,Active,Web orders,4.0
2026-05-22,Mai,2026,ULA08,Active,Web orders,12.0
2026-05-22,Mai,2026,CAS08,Active,Web orders,3.7
2026-05-22,Mai,2026,PET08,Discontinued,Web orders,2.7
2026-05-22,Mai,2026,AYE29,Active,Web orders,4.6
2026-05-22,Mai,2026,ZHY08,hold,Web orders,2.7
2026-05-22,Mai,2026,COC08,hold,Web orders,2.8
2026-05-22,Mai,2026,SKY08,Active,Web orders,4.6
2026-05-22,Mai,2026,TOI41,Discontinued,Web orders,1.7
2026-05-22,Mai,2026,KHE28,Active,Web orders,7.8
2026-05-22,Mai,2026,ALI08,Active,Web orders,1.95
2026-05-22,Mai,2026,SOL14,Active,Web orders,4.0
2026-05-22,Mai,2026,AYE29,On Hold,Web orders,3.4
2026-05-22,Mai,2026,DHA20,Active,Web orders,1.52
2026-05-22,Mai,2026,IMA08,Discontinued,Web orders,1.36
2026-05-23,Mai,2026,SKY08,Active,Web orders,6.0
2026-05-23,Mai,2026,ROC08,Active,Web orders,33.3
2026-05-23,Mai,2026,AYE29,Active,Web orders,8.0
2026-05-23,Mai,2026,CHI08,Active,Web orders,2.7
2026-05-23,Mai,2026,ZES08,Active,Web orders,4.0
2026-05-23,Mai,2026,COC08,hold,Web orders,2.7
2026-05-23,Mai,2026,COC12,Active,Web orders,3.4
2026-05-23,Mai,2026,SKY12,Active,Web orders,2.7
2026-05-23,Mai,2026,ZHY08,hold,Web orders,6.2
2026-05-23,Mai,2026,PET08,Discontinued,Web orders,2.96
2026-05-23,Mai,2026,LUM08,Active,Web orders,7.2
2026-05-23,Mai,2026,KHE28,Active,Web orders,12.2
2026-05-23,Mai,2026,CAS08,Active,Web orders,6.4
2026-05-23,Mai,2026,AVE08,Active,Web orders,4.6
2026-05-23,Mai,2026,ULA08,Active,Web orders,0.5
2026-05-23,Mai,2026,AUR08,discontinued,Web orders,3.1
2026-05-23,Mai,2026,ZEE24,Active,Web orders,3.06
2026-05-23,Mai,2026,ZEE24,Active,Web orders,3.1
2026-05-23,Mai,2026,SIV28,Active,Web orders,2.5
2026-05-23,Mai,2026,RAZ08,Discontinued,Web orders,1.5
2026-05-25,Mai,2026,LUZ08,Active,Web orders,6.3
2026-05-25,Mai,2026,LUM08,Active,Web orders,3.1
2026-05-25,Mai,2026,ZEP08,Active,Web orders,1.7
2026-05-25,Mai,2026,NAL08,Active,Web orders,4.6
2026-05-25,Mai,2026,KHE28,Active,Web orders,29.8
2026-05-25,Mai,2026,ROC08,Active,Web orders,25.5
2026-05-25,Mai,2026,AVE08,Active,Web orders,11.9
2026-05-25,Mai,2026,CAS08,Active,Web orders,9.1
2026-05-25,Mai,2026,OMB08,Discontinued,Web orders,4.4
2026-05-25,Mai,2026,DOR08,Active,Web orders,2.96
2026-05-25,Mai,2026,ALI08,Active,Web orders,5.8
2026-05-25,Mai,2026,ZHY08,hold,Web orders,7.7
2026-05-25,Mai,2026,FAM08,Active,Web orders,5.96
2026-05-25,Mai,2026,ZHY12,Active,Web orders,4.3
2026-05-25,Mai,2026,SIE08,Active,Web orders,9.0
2026-05-25,Mai,2026,PET08,Discontinued,Web orders,6.1
2026-05-25,Mai,2026,COR08,Active,Web orders,2.7
2026-05-25,Mai,2026,AYE29,Active,Web orders,3.1
2026-05-25,Mai,2026,CAR08,Active,Web orders,5.1
2026-05-25,Mai,2026,COC08,hold,Web orders,1.7
2026-05-25,Mai,2026,SKY08,Active,Web orders,18.0
2026-05-25,Mai,2026,COC12,Active,Web orders,2.7
2026-05-25,Mai,2026,LUM12,Active,Web orders,2.7
2026-06-01,Juin,2026,COR08,Active,Web orders,16.6
2026-06-01,Juin,2026,AYE29,Active,Web orders,9.4
2026-06-01,Juin,2026,SOR08,Active,Web orders,23.9
2026-06-01,Juin,2026,ROC08,Active,Web orders,49.5
2026-06-01,Juin,2026,FAM08,Active,Web orders,11.9
2026-06-01,Juin,2026,CAS08,Active,Web orders,16.06
2026-06-01,Juin,2026,KHE28,Active,Web orders,9.0
2026-06-01,Juin,2026,ALI08,Active,Web orders,42.1
2026-06-01,Juin,2026,SIE08,Active,Web orders,20.75
2026-06-01,Juin,2026,SIV28,Active,Web orders,4.5
2026-06-01,Juin,2026,TOI41,Discontinued,Web orders,4.0
2026-06-01,Juin,2026,LUM08,Active,Web orders,5.6
2026-06-01,Juin,2026,LUM12,Active,Web orders,2.7
2026-06-01,Juin,2026,ROC12,Active,Web orders,2.7
2026-06-01,Juin,2026,COC12,Active,Web orders,5.4
2026-06-01,Juin,2026,COC08,hold,Web orders,5.2
2026-06-01,Juin,2026,AVE08,Active,Web orders,8.0
2026-06-01,Juin,2026,CHI08,Active,Web orders,6.0
2026-06-01,Juin,2026,DOR08,Active,Web orders,2.96
2026-06-01,Juin,2026,AYE29,Discontinued,Web orders,2.6
2026-06-01,Juin,2026,SOL14,Discontinued,Web orders,19.0
2026-06-01,Juin,2026,LOA08,Active,Web orders,2.7
2026-06-01,Juin,2026,SOL14,Active,Web orders,2.7
2026-06-01,Juin,2026,ALI08,Active,Web orders,6.0
2026-06-01,Juin,2026,PET08,Discontinued,Web orders,10.0
2026-06-01,Juin,2026,DHA20,Active,Web orders,2.96
2026-06-01,Juin,2026,AYE29,Active,Web orders,5.4
2026-06-01,Juin,2026,SKY08,Active,Web orders,5.8
2026-06-01,Juin,2026,ZEE24,Active,Web orders,3.95
2026-06-01,Juin,2026,ZES08,Active,Web orders,4.0
2026-06-01,Juin,2026,AUR08,discontinued,Web orders,10.0
2026-06-01,Juin,2026,ZEE24,Active,Web orders,9.0
2026-06-01,Juin,2026,ULA12,Active,Web orders,5.3
2026-06-02,Juin,2026,FAM08,Active,Web orders,7.8
2026-06-02,Juin,2026,AYE29,Active,Web orders,3.16
2026-06-02,Juin,2026,KHE28,Active,Web orders,9.4
2026-06-02,Juin,2026,ROC08,Active,Web orders,2.64
2026-06-02,Juin,2026,ZHY12,Active,Web orders,4.3
2026-06-02,Juin,2026,ZHY08,hold,Web orders,1.75
2026-06-02,Juin,2026,COR08,Active,Web orders,4.35
2026-06-02,Juin,2026,SOL14,Active,Web orders,2.7
2026-06-02,Juin,2026,SIE08,Active,Web orders,2.25
2026-06-02,Juin,2026,AUR08,discontinued,Web orders,3.1
2026-06-02,Juin,2026,ZEE24,Active,Web orders,2.96
2026-06-02,Juin,2026,LUZ08,Active,Web orders,4.5
2026-06-02,Juin,2026,LOA12,Active,Wholesales Orders,26.8
2026-06-02,Juin,2026,DHA20,Active,Web orders,1.36
2026-06-03,Juin,2026,ULA08,Active,Web orders,12.0
2026-06-03,Juin,2026,SIR08,Active,Web orders,2.5
2026-06-03,Juin,2026,AUR08,Active,Web orders,3.1
2026-06-03,Juin,2026,LUM08,Active,Web orders,3.1
2026-06-03,Juin,2026,LUZ08,Active,Web orders,4.2
2026-06-03,Juin,2026,PET08,Discontinued,Web orders,2.96
2026-06-03,Juin,2026,CAS08,Active,Web orders,22.34
2026-06-03,Juin,2026,DOR08,Active,Web orders,12.0
2026-06-04,Juin,2026,RAZ08,Discontinued,Web orders,1.7
2026-06-04,Juin,2026,ALI08,Active,Web orders,3.2
2026-06-04,Juin,2026,CAS08,Active,Web orders,8.0
2026-06-04,Juin,2026,SIE08,Active,Web orders,2.3
2026-06-04,Juin,2026,FAM08,Active,Web orders,3.1
2026-06-04,Juin,2026,ROC12,Active,Web orders,3.4
2026-06-04,Juin,2026,AUR12,Active,Web orders,3.4
2026-06-04,Juin,2026,SIV28,Active,Web orders,2.35
2026-06-04,Juin,2026,KHE28,Active,Web orders,1.8
2026-06-05,Juin,2026,KHE28,Active,Web orders,1.8
2026-06-05,Juin,2026,PET08,Discontinued,Web orders,2.96
2026-06-05,Juin,2026,AVE08,Active,Web orders,4.4
2026-06-05,Juin,2026,AYE29,Active,Web orders,8.35
2026-06-05,Juin,2026,ALI08,Active,Web orders,1.5
2026-06-05,Juin,2026,RAK08,Active,Wholesales Orders,29.5
2026-06-08,Juin,2026,TOI41,Discontinued,Web orders,2.0
2026-06-08,Juin,2026,ZEE24,Active,Web orders,6.0
2026-06-08,Juin,2026,CHI08,Active,Web orders,1.5
2026-06-08,Juin,2026,ULA08,Active,Web orders,2.7
2026-06-08,Juin,2026,SIR08,Active,Web orders,5.0
2026-06-08,Juin,2026,AYE29,Active,Web orders,3.48
2026-06-08,Juin,2026,LUZ08,Active,Web orders,6.12
2026-06-08,Juin,2026,SIV28,Active,Web orders,4.7
2026-06-08,Juin,2026,ALI08,Active,Web orders,3.2
2026-06-08,Juin,2026,SOR08,Active,Web orders,3.2
2026-06-08,Juin,2026,ROC08,Active,Web orders,8.4
2026-06-08,Juin,2026,SIE08,Active,Web orders,9.0
2026-06-08,Juin,2026,LUM08,Active,Web orders,6.0
2026-06-08,Juin,2026,FAM08,Active,Web orders,2.7
2026-06-08,Juin,2026,LOA08,Active,Web orders,2.86
2026-06-08,Juin,2026,ZES08,Active,Web orders,4.8
2026-06-08,Juin,2026,ZHY12,Active,Web orders,4.3
2026-06-08,Juin,2026,ZHY08,hold,Web orders,3.7
2026-06-08,Juin,2026,SKY08,Active,Web orders,2.7
2026-06-08,Juin,2026,LUM12,Active,Web orders,2.7
2026-06-09,Juin,2026,ZEE24,Active,Web orders,3.06
2026-06-09,Juin,2026,CAS08,Active,Web orders,5.1
2026-06-09,Juin,2026,LUM08,Active,Web orders,2.8
2026-06-09,Juin,2026,ALI08,Active,Web orders,6.4
2026-06-09,Juin,2026,AYE29,Active,Web orders,2.96
2026-06-09,Juin,2026,CHI08,Active,Web orders,3.2
2026-06-09,Juin,2026,SKY08,Active,Web orders,2.7
2026-06-09,Juin,2026,ZEE24,Active,Web orders,3.1
2026-06-09,Juin,2026,LUZ08,Active,Web orders,5.9
2026-06-09,Juin,2026,SIE08,Active,Web orders,4.4
2026-06-09,Juin,2026,ULA08,Active,Web orders,4.0
2026-06-09,Juin,2026,SOL14,Discontinued,Web orders,3.26
2026-06-10,Juin,2026,ULA08,Active,Web orders,1.0
2026-06-10,Juin,2026,ZEE24,Active,Web orders,3.1
2026-06-10,Juin,2026,CHI08,Active,Web orders,8.7
2026-06-10,Juin,2026,LUM08,Active,Web orders,3.1
2026-06-10,Juin,2026,ROC08,Active,Web orders,4.2
2026-06-10,Juin,2026,SIR08,Active,Web orders,2.5
2026-06-11,Juin,2026,COS08,Discontinued,Web orders,3.4
2026-06-11,Juin,2026,CHI08,Active,Web orders,9.4
2026-06-11,Juin,2026,CAS08,Active,Web orders,11.0
2026-06-11,Juin,2026,CAR08,Active,Web orders,2.3
2026-06-11,Juin,2026,AVE08,Active,Web orders,9.2
2026-06-11,Juin,2026,ZEE24,Active,Web orders,2.8
2026-06-11,Juin,2026,ZHY08,hold,Web orders,3.7
2026-06-11,Juin,2026,ARI08,Discontinued,Sample,4.3
2026-06-11,Juin,2026,AVE08,Active,Sample,2.6
2026-06-11,Juin,2026,ULA08,Active,Web orders,6.0
2026-06-11,Juin,2026,AYE29,Active,Web orders,2.96
2026-06-11,Juin,2026,DOR08,Active,Web orders,2.96
2026-06-11,Juin,2026,LUZ08,Active,Web orders,1.7
2026-06-11,Juin,2026,TOI41,Discontinued,Web orders,2.5
2026-06-12,Juin,2026,ULA08,Active,Web orders,6.0
2026-06-12,Juin,2026,SKY08,Active,Web orders,4.6
2026-06-12,Juin,2026,SOL14,Discontinued,Sample,0.52
2026-06-12,Juin,2026,ARI12,Discontinued,Sample,0.52
2026-06-12,Juin,2026,CAS08,Active,Web orders,6.0
2026-06-15,Juin,2026,FAM08,Active,Web orders,2.7
2026-06-15,Juin,2026,AYE29,On Hold,Web orders,4.3
2026-06-15,Juin,2026,AYE29,Active,Web orders,8.3
2026-06-15,Juin,2026,AYE29,Active,Web orders,4.5
2026-06-15,Juin,2026,CAS08,Active,Web orders,5.2
2026-06-15,Juin,2026,CHI08,Active,Web orders,2.96
2026-06-15,Juin,2026,ROC08,Active,Web orders,7.6
2026-06-15,Juin,2026,PET08,Discontinued,Web orders,2.7
2026-06-15,Juin,2026,ULA08,Active,Web orders,32.0
2026-06-15,Juin,2026,LUZ08,Active,Web orders,1.8
2026-06-15,Juin,2026,SIE08,Active,Web orders,14.6
2026-06-15,Juin,2026,SIV28,Active,Web orders,2.3
2026-06-15,Juin,2026,TOY08,Hold,Web orders,3.06
2026-06-15,Juin,2026,AUR08,Active,Web orders,3.1
2026-06-15,Juin,2026,IMA08,Discontinued,Web orders,2.35
2026-06-15,Juin,2026,ALI08,Active,Web orders,3.7
2026-06-15,Juin,2026,SOR08,Active,Web orders,3.5
2026-06-15,Juin,2026,ZHY12,Active,Web orders,4.3
2026-06-15,Juin,2026,ZHY08,hold,Web orders,2.35
2026-06-15,Juin,2026,AUR08,Active,Web orders,2.7
2026-06-15,Juin,2026,DOR08,Active,Web orders,2.8
2026-06-16,Juin,2026,PET08,Discontinued,Web orders,7.4
2026-06-16,Juin,2026,AYE29,On Hold,Web orders,7.52
2026-06-16,Juin,2026,ULA08,Active,Web orders,1.0
2026-06-16,Juin,2026,ROC08,Active,Web orders,2.7
2026-06-16,Juin,2026,ROC12,Active,Web orders,2.7
2026-06-17,Juin,2026,SIE08,Active,Web orders,4.6
2026-06-17,Juin,2026,ROC08,Active,Web orders,4.4
2026-06-17,Juin,2026,SKY08,Active,Web orders,2.3
2026-06-17,Juin,2026,DHA20,Active,Web orders,3.3
2026-06-17,Juin,2026,AUR08,Active,Web orders,2.7
2026-06-17,Juin,2026,AYE29,Active,Web orders,2.0
2026-06-17,Juin,2026,SOR08,Active,Web orders,4.0
2026-06-17,Juin,2026,OMB08,Discontinued,Web orders,5.0
2026-06-17,Juin,2026,CAS08,Active,Web orders,3.1
2026-06-18,Juin,2026,ROC08,Active,Web orders,3.06
2026-06-18,Juin,2026,CAS08,Active,Web orders,5.2
2026-06-18,Juin,2026,AUR08,Active,Web orders,2.7
2026-06-18,Juin,2026,RAK08,Active,Web orders,8.0
2026-06-18,Juin,2026,ZES08,Active,Web orders,4.0
2026-06-18,Juin,2026,SIE08,Active,Web orders,4.0
2026-06-18,Juin,2026,NDA08,Discontinued,Web orders,4.3
2026-06-18,Juin,2026,NDA08,Discontinued,Web orders,4.3
2026-06-18,Juin,2026,ALI08,Active,Web orders,2.96
2026-06-18,Juin,2026,AVE08,Active,Web orders,4.6
2026-06-18,Juin,2026,NAL08,Active,Web orders,4.6
2026-06-18,Juin,2026,AVE36,Active,Web orders,3.5
2026-06-19,Juin,2026,SKY08,Active,Web orders,2.5
2026-06-19,Juin,2026,ALI08,Active,Web orders,2.96
2026-06-19,Juin,2026,CAS08,Active,Web orders,3.7
2026-06-19,Juin,2026,SIE08,Active,Web orders,4.2
2026-06-19,Juin,2026,SIR08,Active,Web orders,2.5
2026-06-22,Juin,2026,TOI41,Discontinued,Web orders,1.7
2026-06-22,Juin,2026,TIK41,Discontinued,Web orders,2.5
2026-06-22,Juin,2026,SIE08,Active,Web orders,69.2
2026-06-22,Juin,2026,LUZ08,Active,Web orders,10.3
2026-06-22,Juin,2026,ULA08,Active,Web orders,8.0
2026-06-22,Juin,2026,RAK08,Active,Web orders,6.9
2026-06-22,Juin,2026,ALI08,Active,Web orders,6.8
2026-06-22,Juin,2026,ROC08,Active,Web orders,7.8
2026-06-22,Juin,2026,SIR08,Active,Web orders,2.5
2026-06-22,Juin,2026,COR08,Active,Web orders,6.0
2026-06-22,Juin,2026,CAS08,Active,Web orders,8.7
2026-06-22,Juin,2026,FAM08,Active,Web orders,3.2
2026-06-22,Juin,2026,PET08,Discontinued,Web orders,9.0
2026-06-22,Juin,2026,AVE08,Active,Web orders,4.0
2026-06-22,Juin,2026,ZHY08,hold,Web orders,6.0
2026-06-22,Juin,2026,SCR12,Discontinued,Web orders,2.96
2026-06-22,Juin,2026,DHA20,Active,Web orders,3.5
2026-06-22,Juin,2026,TEX08,Discontinued,Web orders,7.51
2026-06-22,Juin,2026,SOL14,Active,Web orders,4.0
2026-06-22,Juin,2026,AUR08,discontinued,Web orders,5.0
2026-06-22,Juin,2026,SOR08,Active,Web orders,2.96
2026-06-22,Juin,2026,OMB08,Discontinued,Web orders,4.0
2026-06-22,Juin,2026,LUM08,Active,Web orders,2.7
2026-06-22,Juin,2026,LOA08,Active,Web orders,2.7
2026-06-23,Juin,2026,SOR08,Active,Web orders,12.0
2026-06-23,Juin,2026,AVE08,Active,Web orders,4.2
2026-06-23,Juin,2026,LUM08,Active,Web orders,3.1
2026-06-23,Juin,2026,PET08,Discontinued,Web orders,6.0
2026-06-23,Juin,2026,SIE08,Active,Web orders,15.0
2026-06-23,Juin,2026,ZHY08,hold,Web orders,3.7
2026-06-23,Juin,2026,ULA08,Active,Web orders,3.0
2026-06-23,Juin,2026,COR08,Active,Web orders,5.5
2026-06-24,Juin,2026,AUR08,discontinued,Web orders,1.8
2026-06-24,Juin,2026,SOR08,Active,Web orders,1.8
2026-06-24,Juin,2026,LOA12,Active,Web orders,4.3
2026-06-24,Juin,2026,ULA12,Active,Web orders,4.3
2026-06-24,Juin,2026,ZHY12,Active,Web orders,4.3
2026-06-24,Juin,2026,DOR08,Active,Web orders,2.96
2026-06-24,Juin,2026,PET08,Discontinued,Web orders,8.0
2026-06-24,Juin,2026,AYE29,Active,Web orders,3.1
2026-06-24,Juin,2026,FAM08,Active,Web orders,3.2
2026-06-24,Juin,2026,ALI08,Active,Web orders,6.0
2026-06-24,Juin,2026,SIE08,Active,Web orders,13.7
2026-06-24,Juin,2026,ROC08,Active,Web orders,2.8
2026-06-24,Juin,2026,COC08,hold,Web orders,2.95
2026-06-24,Juin,2026,CAS08,Active,Web orders,1.0
2026-06-24,Juin,2026,SOR08,Active,Sample,9.0
2026-06-24,Juin,2026,IMB08,Discontinued,Sample,3.0
2026-06-25,Juin,2026,DOR08,Active,Web orders,5.0
2026-06-25,Juin,2026,AUR08,discontinued,Web orders,1.8
2026-06-25,Juin,2026,SOR08,Active,Web orders,1.8
2026-06-25,Juin,2026,LOA12,Active,Web orders,4.3
2026-06-25,Juin,2026,ULA12,Active,Web orders,4.3
2026-06-25,Juin,2026,ZHY12,Active,Web orders,4.3
2026-06-25,Juin,2026,DOR08,Active,Web orders,2.96
2026-06-25,Juin,2026,PET08,Discontinued,Web orders,8.0
2026-06-25,Juin,2026,AYE29,Active,Web orders,3.1
2026-06-25,Juin,2026,FAM08,Active,Web orders,3.2
2026-06-25,Juin,2026,ALI08,Active,Web orders,6.0
2026-06-25,Juin,2026,SIE08,Active,Web orders,13.7
2026-06-25,Juin,2026,ROC08,Active,Web orders,2.8
2026-06-25,Juin,2026,COC08,hold,Web orders,2.95
2026-06-25,Juin,2026,CAS08,Active,Web orders,1.0
2026-06-25,Juin,2026,SOR08,Active,Web orders,1.0
2026-06-29,Juin,2026,COR08,Active,Web orders,7.7
2026-06-29,Juin,2026,PET08,Discontinued,Web orders,20.2
2026-06-29,Juin,2026,LUZ08,Active,Web orders,4.0
2026-06-29,Juin,2026,AYE29,Active,Web orders,5.9
2026-06-29,Juin,2026,SKY08,Active,Web orders,2.5
2026-06-29,Juin,2026,SOR08,Active,Web orders,21.0
2026-06-29,Juin,2026,SOL14,Discontinued,Web orders,2.96
2026-06-29,Juin,2026,ZEE24,Active,Web orders,3.1
2026-06-29,Juin,2026,CAR08,Active,Web orders,2.5
2026-06-29,Juin,2026,ULA08,Active,Web orders,1.0
2026-06-29,Juin,2026,DOR08,Active,Web orders,6.0
2026-06-29,Juin,2026,AVE08,Active,Web orders,4.2
2026-06-29,Juin,2026,IMB08,Discontinued,Web orders,2.8
2026-06-30,Juin,2026,AYE29,Active,Web orders,6.0
2026-06-30,Juin,2026,SOR08,Active,Web orders,8.0
2026-06-30,Juin,2026,LOA08,Active,Web orders,3.7
2026-06-30,Juin,2026,COC08,hold,Web orders,2.5
2026-06-30,Juin,2026,ZEE24,Active,Web orders,3.1
2026-06-30,Juin,2026,PET08,Discontinued,Web orders,2.7
2026-06-30,Juin,2026,CAS08,Active,Web orders,3.7
2026-06-30,Juin,2026,COC08,hold,Web orders,2.5
2026-06-30,Juin,2026,KHE28,Active,Web orders,6.3
2026-06-30,Juin,2026,ART12,Discontinued,Sample,2.96
2026-06-30,Juin,2026,IMB08,Discontinued,Sample,6.96
2026-06-30,Juin,2026,ARP08,Discontinued,Sample,4.0
2026-06-30,Juin,2026,ELI08,Active,Sample,7.96
2026-06-30,Juin,2026,ARI08,Discontinued,Sample,3.0
2026-06-30,Juin,2026,LIN09,,Sample,2.96
2026-06-30,Juin,2026,SWI08,Discontinued,Sample,4.46
2026-06-30,Juin,2026,SOR08,Active,Web orders,23.0
2026-06-30,Juin,2026,ALI08,Active,Web orders,3.3
2026-06-30,Juin,2026,ZHY12,Active,Web orders,4.3
2026-06-30,Juin,2026,SIV28,Active,Web orders,2.35
2026-06-30,Juin,2026,AVE08,Active,Web orders,4.0
2026-07-02,Juillet,2026,DHA20,Active,Web orders,7.96
2026-07-02,Juillet,2026,ULA08,Active,Web orders,1.0
2026-07-02,Juillet,2026,ULA08,Active,Web orders,1.0
2026-07-02,Juillet,2026,AVE36,Active,Web orders,1.0
2026-07-02,Juillet,2026,ZHY08,hold,Web orders,1.0
2026-07-02,Juillet,2026,LOA08,Active,Web orders,4.2
2026-07-02,Juillet,2026,RAK08,Active,Web orders,1.0
2026-07-02,Juillet,2026,LOA12,Active,Web orders,4.0
2026-07-02,Juillet,2026,ALI08,Active,Web orders,2.96
2026-07-02,Juillet,2026,COR08,Active,Web orders,4.0
2026-07-02,Juillet,2026,SOR08,Active,Web orders,1.0
2026-07-02,Juillet,2026,ROC08,Active,Web orders,2.6
2026-07-02,Juillet,2026,TIK41,Discontinued,Web orders,2.0
2026-07-02,Juillet,2026,ALI08,Active,Web orders,1.95
2026-07-02,Juillet,2026,ULA12,Active,Web orders,5.0
2026-07-02,Juillet,2026,AYE29,Active,Web orders,3.68
2026-07-02,Juillet,2026,DOR08,Active,Web orders,5.92
2026-07-02,Juillet,2026,CAS08,Active,Web orders,3.1
2026-07-02,Juillet,2026,WAL08,Discontinued,Web orders,3.25
2026-07-02,Juillet,2026,AVE08,Active,Web orders,4.0
2026-07-02,Juillet,2026,PET08,Discontinued,Web orders,3.1
2026-07-02,Juillet,2026,TOI41,Discontinued,Web orders,1.85
2026-07-03,Juillet,2026,SIV28,Active,Web orders,2.2
2026-07-03,Juillet,2026,DHA20,Active,Web orders,0.52
2026-07-03,Juillet,2026,DOR08,Active,Web orders,2.96
2026-07-03,Juillet,2026,LOA08,Active,Web orders,4.2
2026-07-03,Juillet,2026,DOR08,Active,Web orders,2.96
2026-07-03,Juillet,2026,SEN08,Active,Web orders,2.96
2026-07-03,Juillet,2026,COC08,hold,Web orders,2.7
2026-07-06,Juillet,2026,SKY12,Active,Web orders,2.7
2026-07-06,Juillet,2026,SAN08,Active,Web orders,23.8
2026-07-06,Juillet,2026,KHE28,Active,Web orders,7.2
2026-07-06,Juillet,2026,DOR08,Active,Web orders,8.88
2026-07-06,Juillet,2026,PET08,Discontinued,Web orders,10.0
2026-07-06,Juillet,2026,ULA08,Active,Web orders,11.0
2026-07-06,Juillet,2026,COS08,Discontinued,Web orders,3.4
2026-07-06,Juillet,2026,AVE08,Active,Web orders,4.2
2026-07-06,Juillet,2026,AUR08,Active,Web orders,2.6
2026-07-06,Juillet,2026,ZHY08,hold,Web orders,3.2
2026-07-06,Juillet,2026,OND27,Active,Web orders,1.8
2026-07-06,Juillet,2026,FAM08,Active,Web orders,2.96
2026-07-06,Juillet,2026,COR08,Active,Web orders,4.8
2026-07-06,Juillet,2026,AIR08,Discontinued,Web orders,1.25
2026-07-06,Juillet,2026,SKY08,Active,Web orders,5.6
2026-07-06,Juillet,2026,SEN08,Active,Web orders,3.16
2026-07-06,Juillet,2026,COC08,hold,Web orders,2.5
2026-07-06,Juillet,2026,CAR08,Active,Web orders,1.75
2026-07-06,Juillet,2026,BEL12,Discontinued,Web orders,3.6
2026-07-06,Juillet,2026,RAZ08,Discontinued,Web orders,1.8
2026-07-06,Juillet,2026,DHA20,Active,Web orders,1.52
2026-07-06,Juillet,2026,AYE29,Active,Web orders,5.3
2026-07-06,Juillet,2026,ULA08,Active,Web orders,3.0
2026-07-06,Juillet,2026,COC12,Active,Web orders,2.7
2026-07-07,Juillet,2026,PET08,Discontinued,Web orders,21.36
2026-07-07,Juillet,2026,ULA08,Active,Web orders,6.0
2026-07-07,Juillet,2026,ZEE24,Active,Web orders,5.6
2026-07-07,Juillet,2026,CAS08,Active,Web orders,1.0
2026-07-07,Juillet,2026,AUR08,discontinued,Web orders,5.6
2026-07-07,Juillet,2026,ALI08,Discontinued,Web orders,3.06
2026-07-07,Juillet,2026,AYE29,Active,Web orders,3.06
2026-07-07,Juillet,2026,COR08,Active,Web orders,5.0
2026-07-07,Juillet,2026,ROC08,Active,Web orders,5.2
2026-07-07,Juillet,2026,SEN08,Active,Web orders,2.96
2026-07-07,Juillet,2026,SIV28,Active,Web orders,2.2
2026-07-07,Juillet,2026,ALI08,Active,Web orders,9.2
2026-07-07,Juillet,2026,SKY08,Active,Web orders,2.7
2026-07-07,Juillet,2026,AUR12,Active,Web orders,2.7
2026-07-07,Juillet,2026,SKY12,Active,Web orders,2.7
2026-07-07,Juillet,2026,ROC08,Active,Web orders,2.7
2026-07-08,Juillet,2026,ALI08,Active,Web orders,10.5
2026-07-09,Juillet,2026,SOL14,Active,Web orders,2.7
2026-07-10,Juillet,2026,COR08,Active,Web orders,2.7
2026-07-11,Juillet,2026,SAN08,Active,Web orders,2.96
2026-07-12,Juillet,2026,ZEE24,Active,Web orders,2.96
2026-07-13,Juillet,2026,AYE29,Active,Web orders,3.34
2026-07-14,Juillet,2026,ULA08,Active,Web orders,12.0
2026-07-15,Juillet,2026,ULA08,Active,Web orders,10.0
2026-07-16,Juillet,2026,PET08,Discontinued,Web orders,3.7
2026-07-09,Juillet,2026,ROC08,Active,Web orders,8.0
2026-07-09,Juillet,2026,SEN08,Active,Web orders,15.0
2026-07-09,Juillet,2026,ROC12,Active,Web orders,2.7
2026-07-09,Juillet,2026,ALI08,Active,Web orders,12.0
2026-07-09,Juillet,2026,ALI08,Active,Web orders,2.96
2026-07-09,Juillet,2026,DHA20,Active,Web orders,1.56
2026-07-09,Juillet,2026,PET08,Discontinued,Web orders,13.2
2026-07-09,Juillet,2026,AVE08,Active,Web orders,4.2
2026-07-09,Juillet,2026,DOR08,Active,Web orders,2.96
2026-07-09,Juillet,2026,AIR08,Discontinued,Web orders,2.35
2026-07-09,Juillet,2026,ULA08,Active,Web orders,6.0
2026-07-09,Juillet,2026,AUR08,discontinued,Web orders,2.8
2026-07-09,Juillet,2026,ULA08,Active,Web orders,3.0
2026-07-09,Juillet,2026,TIK41,Discontinued,Web orders,2.5
2026-07-09,Juillet,2026,SKY08,Active,Web orders,2.5
2026-07-09,Juillet,2026,COC08,hold,Web orders,2.5
2026-07-09,Juillet,2026,AYE29,Active,Web orders,2.7
2026-07-09,Juillet,2026,TOI41,Discontinued,Web orders,1.75
2026-07-09,Juillet,2026,COC12,Active,Web orders,2.7
2026-07-09,Juillet,2026,ALI08,Active,Sample,8.5
2026-07-09,Juillet,2026,AVE08,Active,Sample,17.6
2026-07-09,Juillet,2026,LUM08,Active,Sample,13.6
2026-07-10,Juillet,2026,SKY08,Active,Web orders,2.6
2026-07-10,Juillet,2026,PET08,Discontinued,Web orders,5.4
2026-07-10,Juillet,2026,ULA08,Active,Web orders,7.0
2026-07-10,Juillet,2026,AYE29,Active,Web orders,9.0
2026-07-10,Juillet,2026,AYE29,Active,Web orders,4.2
2026-07-10,Juillet,2026,LUM08,Active,Web orders,3.7
2026-07-10,Juillet,2026,TOI12,Active,Web orders,4.3
2026-07-10,Juillet,2026,SKY12,Active,Web orders,2.7
2026-07-10,Juillet,2026,ROC12,Active,Web orders,3.4
2026-07-10,Juillet,2026,DHA20,Active,Web orders,2.8
2026-07-10,Juillet,2026,ALI08,Active,Web orders,2.7
2026-07-10,Juillet,2026,ROC08,Active,Web orders,2.7
2026-07-13,Juillet,2026,ALI08,Active,Web orders,1.95
2026-07-13,Juillet,2026,ALI08,Active,Web orders,33.2
2026-07-13,Juillet,2026,SEN08,Active,Web orders,17.82
2026-07-13,Juillet,2026,LOA08,Active,Web orders,3.7
2026-07-13,Juillet,2026,AYE29,Active,Web orders,13.84
2026-07-13,Juillet,2026,DOR08,Active,Web orders,8.88
2026-07-13,Juillet,2026,DHA20,Active,Web orders,4.48
2026-07-13,Juillet,2026,KHE28,Active,Web orders,5.5
2026-07-13,Juillet,2026,COR08,Active,Web orders,2.15
2026-07-13,Juillet,2026,ROC08,Active,Web orders,7.8
2026-07-13,Juillet,2026,ROC12,Active,Web orders,2.7
2026-07-13,Juillet,2026,SKY08,Active,Web orders,18.16
2026-07-13,Juillet,2026,SAN08,Active,Web orders,6.06
2026-07-13,Juillet,2026,ULA08,Active,Web orders,6.0
2026-07-13,Juillet,2026,TOI41,Discontinued,Web orders,2.6
2026-07-13,Juillet,2026,AUR08,Active,Web orders,3.1
2026-07-13,Juillet,2026,AUR12,Active,Web orders,2.7
2026-07-13,Juillet,2026,ULA08,Active,Web orders,6.0
2026-07-13,Juillet,2026,ZEE24,Active,Web orders,2.96
2026-07-13,Juillet,2026,RAZ08,Discontinued,Web orders,1.45
2026-07-13,Juillet,2026,RAK08,Active,Web orders,3.7
2026-07-13,Juillet,2026,SKY12,Active,Web orders,2.7
2026-07-13,Juillet,2026,COR08,Active,Waste/rework,2.3
2026-07-14,Juillet,2026,ULA08,Active,Web orders,6.0
2026-07-14,Juillet,2026,ALI08,Active,Web orders,1.95
2026-07-14,Juillet,2026,AUR08,discontinued,Web orders,2.8
2026-07-14,Juillet,2026,AVE08,Active,Web orders,4.0
2026-07-14,Juillet,2026,LOA08,Active,Web orders,4.7
2026-07-14,Juillet,2026,SKY08,Active,Web orders,2.5
2026-07-14,Juillet,2026,ALI08,Active,Web orders,9.1
2026-07-14,Juillet,2026,ZHY12,Active,Web orders,4.3
2026-07-14,Juillet,2026,ZEE24,Active,Web orders,2.96
2026-07-14,Juillet,2026,ZEP08,Active,Web orders,2.96
2026-07-14,Juillet,2026,ROC08,Active,Web orders,2.5
2026-07-14,Juillet,2026,ZEE24,Active,Web orders,6.0
2026-07-15,Juillet,2026,ZEE24,Active,Web orders,2.8
2026-07-15,Juillet,2026,SEN08,Active,Web orders,5.92
2026-07-15,Juillet,2026,ALI08,Active,Web orders,18.6
2026-07-15,Juillet,2026,LIN09,,Web orders,4.0
2026-07-15,Juillet,2026,ZES08,Active,Web orders,4.0
2026-07-15,Juillet,2026,AYE29,Active,Web orders,8.88
2026-07-15,Juillet,2026,ZHY08,hold,Web orders,3.2
2026-07-15,Juillet,2026,LUZ08,Active,Web orders,3.4
2026-07-15,Juillet,2026,ROC08,Active,Web orders,10.36
2026-07-15,Juillet,2026,ULA08,Active,Web orders,3.0
2026-07-15,Juillet,2026,SIV28,Active,Web orders,2.25
2026-07-15,Juillet,2026,SIE08,Active,Web orders,4.8
2026-07-15,Juillet,2026,KHE28,Active,Web orders,2.5
2026-07-15,Juillet,2026,ULA12,Active,Web orders,5.0
2026-07-15,Juillet,2026,ULA08,Active,Web orders,6.0
2026-07-15,Juillet,2026,ROC12,Active,Web orders,2.7
2026-07-16,Juillet,2026,ALI08,Active,Web orders,2.7
2026-07-16,Juillet,2026,ULA08,Active,Web orders,6.0
2026-07-16,Juillet,2026,AYE29,Active,Web orders,5.5
2026-07-16,Juillet,2026,ROC08,Active,Web orders,11.2
2026-07-16,Juillet,2026,ALI08,Discontinued,Web orders,3.06
2026-07-16,Juillet,2026,COR08,Active,Web orders,4.8
2026-07-16,Juillet,2026,ZHY08,hold,Web orders,3.7
2026-07-16,Juillet,2026,KHE28,Active,Web orders,1.8
2026-07-16,Juillet,2026,COS08,Discontinued,Web orders,3.65
2026-07-16,Juillet,2026,ZEE24,Active,Web orders,6.0
2026-07-16,Juillet,2026,LUZ08,Active,Web orders,3.7
2026-07-16,Juillet,2026,SKY08,Active,Web orders,2.5
2026-07-16,Juillet,2026,SEN08,Active,Web orders,2.96
2026-07-16,Juillet,2026,LUM12,Active,Web orders,2.7
2026-07-16,Juillet,2026,ROC12,Active,Web orders,2.7
2026-07-16,Juillet,2026,SAN08,Active,Wholesales Orders,51.2
2026-07-16,Juillet,2026,ROC08,Active,Wholesales Orders,69.0
2026-07-16,Juillet,2026,SKY08,Active,Wholesales Orders,50.0
2026-07-17,Juillet,2026,SKY08,Active,Web orders,2.4
2026-07-17,Juillet,2026,DOR08,Active,Web orders,2.96
2026-07-17,Juillet,2026,LUM08,Active,Web orders,3.1
2026-07-17,Juillet,2026,AVE08,Active,Web orders,4.2
2026-07-17,Juillet,2026,ALI08,Active,Web orders,4.0
2026-07-17,Juillet,2026,SEN08,Active,Web orders,2.96
2026-07-17,Juillet,2026,SAN08,Active,Web orders,7.06
2026-07-17,Juillet,2026,COR08,Active,Web orders,2.2
2026-07-17,Juillet,2026,AYE29,Active,Web orders,7.96
2026-07-17,Juillet,2026,ALI08,Active,Web orders,12.6
2026-07-17,Juillet,2026,COC08,hold,Web orders,7.3
2026-07-17,Juillet,2026,ZES08,Active,Web orders,4.4
2026-07-17,Juillet,2026,ROC08,Active,Web orders,10.7
2026-07-17,Juillet,2026,SIV28,Active,Web orders,2.35
2026-07-17,Juillet,2026,LUM08,Active,Web orders,6.2
2026-07-17,Juillet,2026,ZEP08,Active,Web orders,2.96
2026-07-17,Juillet,2026,COR08,Active,Waste/rework,1.25
2026-07-17,Juillet,2026,COC12,Active,Web orders,25.4
2026-07-20,Juillet,2026,LUM08,Active,Web orders,6.2
2026-07-20,Juillet,2026,SOL14,Discontinued,Web orders,2.96
2026-07-20,Juillet,2026,ALI08,Active,Web orders,59.0
2026-07-20,Juillet,2026,KHE28,Active,Web orders,28.0
2026-07-20,Juillet,2026,SAN08,Active,Web orders,16.56
2026-07-20,Juillet,2026,AYE29,Active,Web orders,20.3
2026-07-20,Juillet,2026,COR08,Active,Web orders,12.0
2026-07-20,Juillet,2026,ZHY08,hold,Web orders,10.5
2026-07-20,Juillet,2026,ZHY12,Active,Web orders,10.0
2026-07-20,Juillet,2026,ROC08,Active,Web orders,19.5
2026-07-20,Juillet,2026,CHI08,Active,Web orders,10.53
2026-07-20,Juillet,2026,RAK08,Active,Web orders,3.7
2026-07-20,Juillet,2026,SEN08,Active,Web orders,8.88
2026-07-20,Juillet,2026,AUR08,discontinued,Web orders,2.8
2026-07-20,Juillet,2026,AUR08,Active,Web orders,3.1
2026-07-20,Juillet,2026,ZEE24,Active,Web orders,3.1
2026-07-20,Juillet,2026,AVE08,Active,Web orders,4.6
2026-07-20,Juillet,2026,ROC12,Active,Web orders,2.7
2026-07-20,Juillet,2026,AUR12,Active,Web orders,2.7
2026-07-20,Juillet,2026,LUM12,Active,Web orders,2.7
2026-07-20,Juillet,2026,SKY08,Active,Web orders,18.06
2026-07-20,Juillet,2026,ULA08,Active,Web orders,24.5
2026-07-20,Juillet,2026,SIR08,Active,Web orders,2.5
2026-07-20,Juillet,2026,ULA08,Active,Web orders,25.0
2026-07-20,Juillet,2026,ALI08,Active,Web orders,1.95
2026-07-20,Juillet,2026,ULA08,Active,Web orders,3.0
2026-07-20,Juillet,2026,DOR08,Active,Web orders,2.96
2026-07-20,Juillet,2026,SIV28,Active,Web orders,2.2
2026-07-21,Juillet,2026,AUR08,Active,Web orders,2.8
2026-07-21,Juillet,2026,AYE29,Active,Web orders,14.8
2026-07-21,Juillet,2026,ALI08,Active,Web orders,9.1
2026-07-21,Juillet,2026,SAN08,Active,Web orders,15.0
2026-07-21,Juillet,2026,ROC08,Active,Web orders,19.9
2026-07-21,Juillet,2026,ULA08,Active,Web orders,6.0
2026-07-21,Juillet,2026,TOY08,Hold,Web orders,3.06
2026-07-21,Juillet,2026,ZEP08,Active,Web orders,2.96
2026-07-21,Juillet,2026,COC08,hold,Web orders,2.6
2026-07-21,Juillet,2026,ZEE24,Active,Web orders,6.2
2026-07-21,Juillet,2026,LIN09,,Web orders,7.0
2026-07-21,Juillet,2026,COR08,Active,Web orders,4.8
2026-07-21,Juillet,2026,SIV28,Active,Web orders,4.4
2026-07-21,Juillet,2026,ZEE24,Active,Web orders,3.06
2026-07-21,Juillet,2026,SEN08,Active,Web orders,2.96
2026-07-21,Juillet,2026,ZHY08,hold,Web orders,1.7
2026-07-21,Juillet,2026,ALI08,Discontinued,Web orders,3.06
2026-07-21,Juillet,2026,ULA08,Active,Web orders,6.0
2026-07-21,Juillet,2026,SKY08,Active,Web orders,3.1
2026-07-21,Juillet,2026,ZHY08,hold,Web orders,1.7
2026-07-22,Juillet,2026,AUR12,Active,Web orders,9.0
2026-07-22,Juillet,2026,ROC12,Active,Web orders,12.0
2026-07-22,Juillet,2026,SKY08,Active,Web orders,3.91
2026-07-22,Juillet,2026,ALI08,Active,Web orders,14.5
2026-07-22,Juillet,2026,ALI08,Active,Web orders,5.92
2026-07-22,Juillet,2026,ALI08,Active,Waste/rework,2.96
2026-07-22,Juillet,2026,SEN08,Active,Web orders,5.92
2026-07-22,Juillet,2026,ZEE24,Active,Web orders,3.1
2026-07-22,Juillet,2026,AYE29,On Hold,Web orders,7.51
2026-07-22,Juillet,2026,AYE29,Active,Web orders,4.15
2026-07-22,Juillet,2026,FAM08,Active,Web orders,2.7
2026-07-22,Juillet,2026,ZHY08,hold,Web orders,6.4
2026-07-22,Juillet,2026,AUR08,Active,Web orders,8.7
2026-07-22,Juillet,2026,ROC08,Active,Web orders,9.3
2026-07-22,Juillet,2026,SKY12,Active,Web orders,9.0
2026-07-22,Juillet,2026,AYE29,Active,Web orders,5.0
2026-07-22,Juillet,2026,AUR08,discontinued,Web orders,4.0
2026-07-22,Juillet,2026,COR08,Active,Web orders,3.0
2026-07-23,Juillet,2026,ROC12,Active,Web orders,12.0
2026-07-23,Juillet,2026,ROC08,Active,Web orders,14.0
2026-07-23,Juillet,2026,SEN08,Active,Web orders,5.92
2026-07-23,Juillet,2026,SKY08,Active,Web orders,5.0
2026-07-23,Juillet,2026,SKY12,Active,Web orders,2.7
2026-07-23,Juillet,2026,ZHY08,hold,Web orders,12.0
2026-07-23,Juillet,2026,TOY08,Hold,Web orders,3.06
2026-07-23,Juillet,2026,AUR08,discontinued,Web orders,2.8
2026-07-23,Juillet,2026,ZEE24,Active,Web orders,8.4
2026-07-23,Juillet,2026,ULA08,Active,Web orders,6.0
2026-07-23,Juillet,2026,AVE08,Active,Web orders,4.0
2026-07-23,Juillet,2026,SOL14,Discontinued,Web orders,2.96
2026-07-23,Juillet,2026,AYE29,Active,Web orders,2.96
2026-07-23,Juillet,2026,FAM08,Active,Web orders,2.7
2026-07-23,Juillet,2026,LUM08,Active,Web orders,2.8
2026-07-23,Juillet,2026,LUM12,Active,Web orders,5.4
2026-07-24,Juillet,2026,ROC08,Active,Web orders,13.0
2026-07-24,Juillet,2026,LOA08,Active,Web orders,5.96
2026-07-24,Juillet,2026,SAN08,Active,Web orders,9.62
2026-07-24,Juillet,2026,ALI08,Active,Web orders,3.1
2026-07-24,Juillet,2026,TIK41,Discontinued,Web orders,2.0
2026-07-24,Juillet,2026,VIN12,Active,Web orders,4.3
2026-07-24,Juillet,2026,DOR08,Active,Web orders,2.96
2026-07-24,Juillet,2026,SOL14,Discontinued,Web orders,2.96
2026-07-24,Juillet,2026,ZHY12,Active,Web orders,4.3
2026-07-24,Juillet,2026,COC08,hold,Web orders,2.85
2026-07-27,Juillet,2026,RAZ08,Discontinued,Wholesales Orders,15.0
2026-07-27,Juillet,2026,ULA08,Active,Wholesales Orders,27.6
2026-07-27,Juillet,2026,ZEE24,Active,Wholesales Orders,6.2
2026-07-27,Juillet,2026,ALI08,Active,Wholesales Orders,63.1
2026-07-27,Juillet,2026,AYE29,On Hold,Wholesales Orders,7.51
2026-07-27,Juillet,2026,LOA08,Active,Wholesales Orders,3.7
2026-07-27,Juillet,2026,FAM08,Active,Wholesales Orders,1.5
2026-07-27,Juillet,2026,AVE08,Active,Wholesales Orders,8.6
2026-07-27,Juillet,2026,SEN08,Active,Wholesales Orders,24.0
2026-07-27,Juillet,2026,ROC08,Active,Wholesales Orders,42.0
2026-07-27,Juillet,2026,ROC12,Active,Wholesales Orders,15.0
2026-07-27,Juillet,2026,AUR08,discontinued,Wholesales Orders,6.8
2026-07-27,Juillet,2026,SIE08,Active,Wholesales Orders,22.5
2026-07-27,Juillet,2026,SAN08,Active,Wholesales Orders,11.0
2026-07-27,Juillet,2026,LUZ08,Active,Wholesales Orders,1.95
2026-07-27,Juillet,2026,ULA08,Active,Wholesales Orders,9.0
2026-07-27,Juillet,2026,ZHY08,hold,Wholesales Orders,6.2
2026-07-27,Juillet,2026,SOL14,Discontinued,Wholesales Orders,2.96
2026-07-27,Juillet,2026,LIN09,,Wholesales Orders,3.6
2026-07-27,Juillet,2026,LUM08,Active,Wholesales Orders,6.2
2026-07-27,Juillet,2026,LUM12,Active,Wholesales Orders,5.4
2026-07-27,Juillet,2026,COR08,Active,Wholesales Orders,4.8
2026-07-27,Juillet,2026,SCR12,Discontinued,Wholesales Orders,2.96
2026-07-27,Juillet,2026,ALI08,Discontinued,Wholesales Orders,3.06
2026-07-27,Juillet,2026,AYE29,Active,Wholesales Orders,9.0
2026-07-27,Juillet,2026,ULA08,Active,Wholesales Orders,6.0
2026-07-27,Juillet,2026,ZES08,Active,Wholesales Orders,4.1
2026-07-27,Juillet,2026,CHI08,Active,Wholesales Orders,3.1
2026-07-28,Juillet,2026,ULA08,Active,Wholesales Orders,7.0
2026-07-28,Juillet,2026,AIR08,Discontinued,Wholesales Orders,2.3
2026-07-28,Juillet,2026,ZHY12,Active,Wholesales Orders,4.3
2026-07-28,Juillet,2026,LOA08,Active,Wholesales Orders,6.8
2026-07-28,Juillet,2026,ROC08,Active,Wholesales Orders,17.0
2026-07-28,Juillet,2026,ROC12,Active,Wholesales Orders,12.0
2026-07-28,Juillet,2026,ALI08,Active,Wholesales Orders,55.8
2026-07-28,Juillet,2026,SAN08,Active,Wholesales Orders,7.0
2026-07-28,Juillet,2026,SEN08,Active,Wholesales Orders,5.96
2026-07-28,Juillet,2026,AYE29,Active,Wholesales Orders,4.2
2026-07-28,Juillet,2026,SIE08,Active,Wholesales Orders,2.3
2026-07-28,Juillet,2026,ULA08,Active,Wholesales Orders,6.0
2026-07-28,Juillet,2026,ULA08,Active,Wholesales Orders,6.0
2026-07-28,Juillet,2026,AYE29,On Hold,Wholesales Orders,3.15
2026-07-28,Juillet,2026,CHI08,Active,Wholesales Orders,2.1
2026-07-28,Juillet,2026,ROC08,Active,Waste/rework,2.8
2026-07-28,Juillet,2026,RAZ08,Discontinued,Web orders,1.1
2026-07-28,Juillet,2026,AYE29,Active,Web orders,6.0
2026-07-28,Juillet,2026,LOA12,Active,Web orders,4.3
2026-07-28,Juillet,2026,LOA12,Active,Waste/rework,2.0
2026-07-29,Juillet,2026,SAN08,Active,Web orders,3.7
2026-07-29,Juillet,2026,ULA12,Active,Web orders,6.0
2026-07-29,Juillet,2026,AYE29,Active,Web orders,4.2
2026-07-29,Juillet,2026,ZES08,Active,Web orders,4.4
2026-07-29,Juillet,2026,TIK41,Discontinued,Web orders,2.5
2026-07-29,Juillet,2026,CHI08,Active,Web orders,5.92
2026-07-29,Juillet,2026,ROC08,Active,Web orders,4.2
2026-07-29,Juillet,2026,SIR08,Active,Web orders,2.5
2026-07-29,Juillet,2026,AYE29,Active,Web orders,2.96
2026-07-29,Juillet,2026,AIR08,Discontinued,Web orders,2.6
2026-07-29,Juillet,2026,SIE08,Active,Web orders,2.2
2026-07-29,Juillet,2026,ROC12,Active,Web orders,2.7
2026-07-29,Juillet,2026,AVE08,Active,Web orders,3.06
2026-07-29,Juillet,2026,AYE29,On Hold,Web orders,12.0
2026-07-29,Juillet,2026,ALI08,Active,Web orders,40.7
2026-07-29,Juillet,2026,KHE28,Active,Wholesales Orders,126.7
2026-07-29,Juillet,2026,KHE28,Active,Waste/rework,1.4
2026-07-29,Juillet,2026,KHE28,Active,Sample,7.3
2026-07-29,Juillet,2026,SIE08,Active,Waste/rework,1.7
2026-07-29,Juillet,2026,CHI08,Active,Waste/rework,2.96
2026-07-30,Juillet,2026,ULA08,Active,Web orders,1.0
2026-07-30,Juillet,2026,LAV08,Discontinued,Web orders,2.96
2026-07-30,Juillet,2026,TOY08,Hold,Web orders,2.7
2026-07-30,Juillet,2026,TOY08,Hold,Web orders,3.0
2026-07-30,Juillet,2026,DHA20,Active,Web orders,4.48
2026-07-30,Juillet,2026,LUM08,Active,Web orders,2.96
2026-07-30,Juillet,2026,LUM08,Active,Web orders,9.0
2026-07-30,Juillet,2026,KHE28,Active,Wholesales Orders,166.6
2026-07-30,Juillet,2026,SIE08,Active,Web orders,21.5
2026-07-30,Juillet,2026,ALI08,Active,Web orders,34.1
2026-07-30,Juillet,2026,SAN08,Active,Web orders,12.8
2026-07-30,Juillet,2026,ALI08,Discontinued,Web orders,3.06
2026-07-30,Juillet,2026,FAM08,Active,Web orders,3.7
2026-07-30,Juillet,2026,ALI08,Active,Web orders,2.96
2026-07-30,Juillet,2026,AYE29,Active,Web orders,2.96
2026-07-30,Juillet,2026,DOR08,Active,Web orders,5.92
2026-07-30,Juillet,2026,ULA08,Active,Web orders,6.0
2026-07-30,Juillet,2026,SEN08,Active,Web orders,2.96
2026-07-30,Juillet,2026,ULA08,Active,Web orders,6.0
2026-07-30,Juillet,2026,CAS08,Active,Web orders,3.2
2026-07-30,Juillet,2026,ROC08,Active,Web orders,4.2
2026-07-30,Juillet,2026,ALI08,Discontinued,Waste/rework,3.06
2026-07-30,Juillet,2026,AUR08,discontinued,Web orders,2.8
2026-07-30,Juillet,2026,ZEP08,Active,Web orders,2.96
2026-07-30,Juillet,2026,ROC12,Active,Web orders,2.7
2026-07-30,Juillet,2026,AUR12,Active,Web orders,2.7
2026-07-31,Juillet,2026,AYE29,Active,Web orders,3.48
2026-07-31,Juillet,2026,ZEE24,Active,Web orders,5.6
2026-07-31,Juillet,2026,RAZ08,Discontinued,Web orders,1.45
2026-07-31,Juillet,2026,ALI08,Active,Web orders,27.0
2026-07-31,Juillet,2026,ALI08,Active,Waste/rework,1.4
2026-07-31,Juillet,2026,SIE08,Active,Web orders,18.2
2026-07-31,Juillet,2026,ROC08,Active,Web orders,9.7
2026-07-31,Juillet,2026,RAK08,Active,Web orders,5.3
2026-07-31,Juillet,2026,SEN08,Active,Web orders,5.92
2026-07-31,Juillet,2026,KHE28,Active,Web orders,4.9
2026-07-31,Juillet,2026,ULA08,Active,Web orders,6.0
2026-07-31,Juillet,2026,CHI08,Active,Web orders,3.1
2026-07-31,Juillet,2026,AUR08,Active,Web orders,2.8
2026-07-31,Juillet,2026,ROC12,Active,Web orders,10.8
2026-07-31,Juillet,2026,TEX08,Discontinued,Web orders,5.5
2026-08-06,Août,2026,ZHY08,hold,Web orders,16.5
2026-08-06,Août,2026,ZES08,Active,Web orders,4.4
2026-08-06,Août,2026,ZEE24,Active,Web orders,32.97
2026-08-06,Août,2026,ZEP08,Active,Web orders,3.65
2026-08-06,Août,2026,ULA12,Active,Web orders,5.5
2026-08-06,Août,2026,ULA08,Active,Web orders,15.5
2026-08-06,Août,2026,ULA08,Active,Web orders,12.0
2026-08-06,Août,2026,ULA08,Active,Web orders,45.0
2026-08-06,Août,2026,TOY08,Hold,Web orders,3.06
2026-08-06,Août,2026,SOL14,Discontinued,Web orders,3.06
2026-08-06,Août,2026,SOL14,Discontinued,Web orders,2.96
2026-08-06,Août,2026,SIR08,Active,Web orders,2.5
2026-08-06,Août,2026,SIE08,Active,Web orders,16.4
2026-08-06,Août,2026,SEN08,Active,Web orders,21.72
2026-08-06,Août,2026,SAN08,Active,Web orders,33.54
2026-08-06,Août,2026,ROC08,Active,Web orders,50.62
2026-08-06,Août,2026,RAK08,Active,Web orders,8.8
2026-08-06,Août,2026,LUZ08,Active,Web orders,3.1
2026-08-06,Août,2026,OND27,Active,Web orders,4.3
2026-08-06,Août,2026,LUZ08,Active,Web orders,6.12
2026-08-06,Août,2026,LUM08,Active,Web orders,18.7
2026-08-06,Août,2026,KHE28,Active,Web orders,30.5
2026-08-06,Août,2026,FAM08,Active,Web orders,6.4
2026-08-06,Août,2026,DOR08,Active,Web orders,16.8
2026-08-06,Août,2026,COR08,Active,Web orders,5.0
2026-08-06,Août,2026,COC08,hold,Web orders,13.0
2026-08-06,Août,2026,CAS08,Active,Web orders,15.0
2026-08-06,Août,2026,CAR08,Active,Web orders,5.0
2026-08-06,Août,2026,AYE29,Active,Web orders,2.7
2026-08-06,Août,2026,AYE29,On Hold,Web orders,12.0
2026-08-06,Août,2026,AVE08,Active,Web orders,15.0
2026-08-06,Août,2026,AUR08,Active,Web orders,13.0
2026-08-06,Août,2026,AUR08,discontinued,Web orders,18.96
2026-08-06,Août,2026,ALI08,Discontinued,Web orders,3.06
2026-08-06,Août,2026,ALI08,Active,Web orders,130.7
2026-08-06,Août,2026,ROC12,Active,Web orders,18.9
2026-08-06,Août,2026,AUR12,Active,Web orders,8.1
2026-08-06,Août,2026,AUR12,Active,Web orders,8.1
2026-08-06,Août,2026,LUM12,Active,Web orders,8.1
2026-08-06,Août,2026,COC12,Active,Web orders,8.1
2026-08-07,Août,2026,SEN08,Active,Web orders,9.0
2026-08-07,Août,2026,SAN08,Active,Web orders,5.7
2026-08-07,Août,2026,COC08,hold,Web orders,11.1
2026-08-07,Août,2026,CHI08,Active,Web orders,3.2
2026-08-07,Août,2026,ALI08,Active,Web orders,12.4
2026-08-07,Août,2026,CAS08,Active,Web orders,4.2
2026-08-07,Août,2026,KHE28,Active,Web orders,2.0
2026-08-07,Août,2026,LAV08,Discontinued,Web orders,2.7
2026-08-07,Août,2026,LUM08,Active,Web orders,3.2
2026-08-07,Août,2026,LUZ08,Active,Web orders,6.06
2026-08-07,Août,2026,ROC08,Active,Web orders,2.5
2026-08-07,Août,2026,SOL14,Discontinued,Web orders,3.06
2026-08-07,Août,2026,ULA08,Active,Web orders,3.06
2026-08-07,Août,2026,ZEE24,Active,Web orders,2.8
2026-08-07,Août,2026,ZEP08,Active,Web orders,2.96
2026-08-07,Août,2026,ZHY08,hold,Web orders,2.7
2026-08-07,Août,2026,AUR12,Active,Web orders,10.8
2026-08-07,Août,2026,SAN08,Active,Waste/rework,4.0
2026-08-10,Août,2026,DOR08,Active,Web orders,15.0
2026-08-10,Août,2026,FAM08,Active,Web orders,16.0
2026-08-10,Août,2026,KHE28,Active,Web orders,4.0
2026-08-10,Août,2026,LAV08,Discontinued,Web orders,2.96
2026-08-10,Août,2026,LUZ08,Active,Web orders,4.2
2026-08-10,Août,2026,NAL08,Active,Web orders,1.0
2026-08-10,Août,2026,ROC08,Active,Web orders,23.08
2026-08-10,Août,2026,SAN08,Active,Web orders,10.0
2026-08-10,Août,2026,SAN12,Discontinued,Web orders,4.3
2026-08-10,Août,2026,SOL14,Discontinued,Web orders,2.96
2026-08-10,Août,2026,TEX08,Discontinued,Web orders,7.51
2026-08-10,Août,2026,ZHY08,hold,Web orders,13.7
2026-08-10,Août,2026,ZES08,Active,Web orders,8.5
2026-08-10,Août,2026,ZEP08,Active,Web orders,2.96
2026-08-10,Août,2026,ZEE24,Active,Web orders,5.9
2026-08-10,Août,2026,ULA12,Active,Web orders,5.0
2026-08-10,Août,2026,ULA08,Active,Web orders,20.0
2026-08-10,Août,2026,ULA08,Active,Web orders,32.0
2026-08-10,Août,2026,LUZ08,Active,Web orders,3.7
2026-08-10,Août,2026,DHA20,Active,Web orders,4.48
2026-08-10,Août,2026,COR08,Active,Web orders,2.15
2026-08-10,Août,2026,COC08,hold,Web orders,2.5
2026-08-10,Août,2026,CHI08,Active,Web orders,5.5
2026-08-10,Août,2026,CAS08,Active,Web orders,8.9
2026-08-10,Août,2026,AYE29,Active,Web orders,5.92
2026-08-10,Août,2026,AYE29,On Hold,Web orders,14.0
2026-08-10,Août,2026,AUR08,Active,Web orders,8.0
2026-08-10,Août,2026,AUR08,discontinued,Web orders,6.0
2026-08-10,Août,2026,AUR12,Active,Web orders,8.1
2026-08-10,Août,2026,ROC08,Active,Web orders,3.4
2026-08-11,Août,2026,CAS08,Active,Web orders,2.7
2026-08-11,Août,2026,COC08,hold,Web orders,7.5
2026-08-11,Août,2026,COS08,Discontinued,Web orders,3.65
2026-08-11,Août,2026,FAM08,Active,Web orders,2.7
2026-08-11,Août,2026,RAK08,Active,Web orders,4.1
2026-08-11,Août,2026,ROC08,Active,Web orders,2.6
2026-08-11,Août,2026,SAN08,Active,Web orders,9.0
2026-08-11,Août,2026,ROC12,Active,Web orders,5.4
2026-08-12,Août,2026,AUR08,Active,Web orders,3.4
2026-08-12,Août,2026,AYE29,Active,Web orders,11.0
2026-08-12,Août,2026,AUR08,Active,Web orders,3.4
2026-08-12,Août,2026,DOR08,Active,Web orders,2.96
2026-08-12,Août,2026,KHE28,Active,Web orders,2.7
2026-08-12,Août,2026,LIN09,,Web orders,3.5
2026-08-12,Août,2026,LUM08,Active,Web orders,3.2
2026-08-12,Août,2026,LUZ08,Active,Web orders,3.06
2026-08-12,Août,2026,ROC08,Active,Web orders,3.06
2026-08-12,Août,2026,SAN08,Active,Web orders,13.1
2026-08-12,Août,2026,SEN08,Active,Web orders,2.96
2026-08-12,Août,2026,SOL14,Discontinued,Web orders,2.86
2026-08-12,Août,2026,SOL14,Discontinued,Web orders,2.96
2026-08-12,Août,2026,ULA08,Active,Web orders,6.0
2026-08-12,Août,2026,ULA08,Active,Web orders,1.0
2026-08-12,Août,2026,COC12,Active,Web orders,2.7
2026-08-12,Août,2026,COC12,Active,Waste/rework,2.7
2026-08-13,Août,2026,AUR08,Active,Web orders,2.8
2026-08-13,Août,2026,CAR08,Active,Web orders,2.35
2026-08-13,Août,2026,AUR12,Active,Web orders,2.7
2026-08-14,Août,2026,LUZ08,Active,Web orders,3.06
2026-08-14,Août,2026,AVE08,Active,Web orders,3.06
2026-08-14,Août,2026,TOI12,Active,Web orders,4.3
2026-08-14,Août,2026,ULA12,Active,Web orders,4.3
2026-08-14,Août,2026,SAN12,Discontinued,Web orders,5.0
2026-08-14,Août,2026,SEN08,Active,Web orders,2.96
2026-08-14,Août,2026,SEN08,Active,Waste/rework,2.96
2026-08-14,Août,2026,COC08,hold,Web orders,5.6
2026-08-14,Août,2026,ROC08,Active,Web orders,4.8
2026-08-17,Août,2026,ZEP08,Active,Web orders,2.96
2026-08-17,Août,2026,ZEE24,Active,Web orders,22.0
2026-08-17,Août,2026,ULA12,Active,Web orders,5.5
2026-08-17,Août,2026,ULA08,Active,Web orders,12.0
2026-08-17,Août,2026,SOR08,Active,Web orders,8.0
2026-08-17,Août,2026,TEX08,Discontinued,Web orders,5.0
2026-08-17,Août,2026,SOL14,Discontinued,Web orders,2.96
2026-08-17,Août,2026,SOL14,Discontinued,Web orders,2.96
2026-08-17,Août,2026,SAN08,Active,Web orders,6.0
2026-08-17,Août,2026,SAN12,Discontinued,Web orders,4.3
2026-08-17,Août,2026,RAK08,Active,Web orders,4.2
2026-08-17,Août,2026,COS08,Discontinued,Web orders,3.65
2026-08-17,Août,2026,FAM08,Active,Web orders,1.95
2026-08-17,Août,2026,KHE28,Active,Web orders,2.7
2026-08-17,Août,2026,OMB08,Discontinued,Web orders,4.0
2026-08-17,Août,2026,COR08,Active,Web orders,2.96
2026-08-17,Août,2026,AYE29,Active,Web orders,9.0
2026-08-17,Août,2026,AUR08,Active,Web orders,3.1
2026-08-17,Août,2026,AUR12,Active,Web orders,2.7
2026-08-18,Août,2026,ZEE24,Active,Web orders,9.0
2026-08-18,Août,2026,SAN08,Active,Web orders,2.7
2026-08-18,Août,2026,DOR08,Active,Web orders,2.96
2026-08-18,Août,2026,KHE28,Active,Web orders,3.1
2026-08-18,Août,2026,LUM08,Active,Web orders,3.1
2026-08-18,Août,2026,BEL12,Discontinued,Web orders,3.8
2026-08-18,Août,2026,ALI08,Active,Web orders,2.96
2026-08-18,Août,2026,SOR08,Active,Web orders,3.2
2026-08-18,Août,2026,AUR08,discontinued,Web orders,2.8
2026-08-18,Août,2026,AUR12,Active,Web orders,2.7
2026-08-18,Août,2026,LUM08,Active,Web orders,1.4
2026-08-18,Août,2026,AUR08,Active,Web orders,2.8
2026-08-18,Août,2026,CHI08,Active,Web orders,3.0
2026-08-18,Août,2026,IMB08,Discontinued,Sample,7.0
2026-08-19,Août,2026,DOR08,Active,Web orders,2.96
2026-08-19,Août,2026,AYE29,Active,Web orders,4.3
2026-08-19,Août,2026,COR08,Active,Web orders,2.96
2026-08-19,Août,2026,TOI41,Discontinued,Sample,2.0
2026-08-19,Août,2026,ELI41,Active,Sample,1.5
2026-08-20,Août,2026,AYE29,Active,Web orders,4.15
2026-08-20,Août,2026,ULA08,Active,Web orders,7.0
2026-08-20,Août,2026,DOR08,Active,Web orders,5.92
2026-08-20,Août,2026,ULA12,Active,Web orders,5.0
2026-08-20,Août,2026,ULA08,Active,Web orders,12.0
2026-08-20,Août,2026,ZEE24,Active,Web orders,2.8
2026-08-20,Août,2026,SOL14,Discontinued,Web orders,2.76
2026-08-20,Août,2026,CHI08,Active,Web orders,3.7
2026-08-20,Août,2026,AUR08,discontinued,Web orders,3.1
2026-08-21,Août,2026,AYE29,Active,Web orders,2.6
2026-08-21,Août,2026,CHI08,Active,Web orders,3.1
2026-08-21,Août,2026,DHA20,Active,Web orders,6.4
2026-08-21,Août,2026,ZEE24,Active,Web orders,3.2
2026-08-21,Août,2026,AVE08,Active,Web orders,4.2
2026-08-21,Août,2026,LUZ08,Active,Web orders,3.1
2026-08-21,Août,2026,ZES08,Active,Web orders,4.2
2026-08-21,Août,2026,DOR08,Active,Web orders,2.96
2026-08-21,Août,2026,KHE28,Active,Web orders,7.0
2026-08-21,Août,2026,ALI08,Active,Web orders,2.8
2026-08-27,Août,2026,AUR08,Active,Web orders,8.5
2026-08-27,Août,2026,AIR08,Discontinued,Web orders,11.0
2026-08-27,Août,2026,ARB08,Discontinued,Web orders,1.36
2026-08-27,Août,2026,ATO08,Discontinued,Web orders,2.9
2026-08-27,Août,2026,AVE36,Active,Web orders,8.0
2026-08-27,Août,2026,AYE29,Active,Web orders,3.7
2026-08-27,Août,2026,AYE29,Active,Web orders,8.66
2026-08-27,Août,2026,AYE29,Active,Web orders,8.8
2026-08-27,Août,2026,BAN27,Discontinued,Web orders,6.4
2026-08-27,Août,2026,BEL12,Discontinued,Web orders,3.7
2026-08-27,Août,2026,CAR08,Active,Web orders,4.55
2026-08-27,Août,2026,CHI08,Active,Web orders,22.64
2026-08-27,Août,2026,COC08,hold,Web orders,2.6
2026-08-27,Août,2026,DOR08,Active,Web orders,8.92
2026-08-27,Août,2026,FAM08,Active,Web orders,4.8
2026-08-27,Août,2026,FIO08,Discontinued,Web orders,3.86
2026-08-27,Août,2026,GYR08,Discontinued,Web orders,3.8
2026-08-27,Août,2026,IMA08,Discontinued,Web orders,1.36
2026-08-27,Août,2026,ISL12,Discontinued,Web orders,4.3
2026-08-27,Août,2026,JOA08,Discontinued,Web orders,3.1
2026-08-27,Août,2026,KHE28,Active,Web orders,7.9
2026-08-27,Août,2026,LAV08,Discontinued,Web orders,7.26
2026-08-27,Août,2026,LAV12,Discontinued,Web orders,4.0
2026-08-27,Août,2026,LOA08,Active,Web orders,1.0
2026-08-27,Août,2026,LUM08,Active,Web orders,20.8
2026-08-27,Août,2026,LUZ08,Active,Web orders,4.9
2026-08-27,Août,2026,OND27,Active,Web orders,4.3
2026-08-27,Août,2026,PET08,discontinued,Web orders,8.9
2026-08-27,Août,2026,PLA08,Discontinued,Web orders,4.5
2026-08-27,Août,2026,PLA08,Discontinued,Web orders,2.5
2026-08-27,Août,2026,ROC08,Active,Web orders,4.2
2026-08-27,Août,2026,SAN08,Active,Web orders,12.16
2026-08-27,Août,2026,SCR12,Discontinued,Web orders,8.8
2026-08-27,Août,2026,SIR08,Active,Web orders,2.5
2026-08-27,Août,2026,SOL14,Discontinued,Web orders,6.3
2026-08-27,Août,2026,SOL14,Discontinued,Web orders,2.0
2026-08-27,Août,2026,SOL14,Discontinued,Web orders,2.5
2026-08-27,Août,2026,SOL14,Discontinued,Web orders,4.3
2026-08-27,Août,2026,SOL14,Discontinued,Web orders,1.5
2026-08-27,Août,2026,SOL14,Active,Web orders,17.1
2026-08-27,Août,2026,SOL18,Discontinued,Web orders,3.55
2026-08-27,Août,2026,SOR08,Active,Web orders,3.1
2026-08-27,Août,2026,ULA08,Active,Web orders,6.0
2026-08-27,Août,2026,ULA08,Active,Web orders,1.0
2026-08-27,Août,2026,ULA12,Active,Web orders,10.0
2026-08-27,Août,2026,ZEE24,Active,Web orders,17.76
2026-08-27,Août,2026,ZEE24,Discontinued,Web orders,2.96
2026-08-27,Août,2026,ZEE24,Active,Web orders,7.51
2026-08-27,Août,2026,ZEP08,Active,Web orders,13.96
2026-08-27,Août,2026,ZHY08,hold,Web orders,3.7
2026-08-27,Août,2026,ZHY12,Active,Web orders,8.6
2026-08-28,Août,2026,ANA08,Discontinued,Web orders,6.0
2026-08-28,Août,2026,AIR08,Discontinued,Web orders,8.4
2026-08-28,Août,2026,SCR12,Discontinued,Web orders,3.8
2026-08-28,Août,2026,ROC08,Active,Web orders,4.1
2026-08-28,Août,2026,SWI08,Discontinued,Web orders,2.96
2026-08-28,Août,2026,SAN08,Active,Web orders,6.2
2026-08-28,Août,2026,SOL14,Discontinued,Web orders,3.0
2026-08-28,Août,2026,SOL14,Discontinued,Web orders,2.96
2026-08-28,Août,2026,TUK08,Discontinued,Web orders,2.96
2026-08-28,Août,2026,ZEE24,Active,Web orders,2.8
2026-08-28,Août,2026,ZEE24,Active,Web orders,9.0
2026-08-28,Août,2026,ZEP08,Active,Web orders,6.0
2026-08-28,Août,2026,AYE29,Active,Web orders,2.86
2026-08-28,Août,2026,CHI08,Active,Web orders,7.4
2026-08-28,Août,2026,SOL14,Active,Web orders,6.0
2026-08-28,Août,2026,ZHY08,hold,Web orders,5.5
2026-08-28,Août,2026,ZHY12,Active,Web orders,9.0
2026-08-28,Août,2026,LUM08,Active,Web orders,13.0
2026-08-28,Août,2026,LUZ08,Active,Web orders,4.0
2026-08-28,Août,2026,OND27,Active,Web orders,4.3
2026-08-28,Août,2026,ART12,Discontinued,Web orders,4.3
2026-08-28,Août,2026,AUR08,discontinued,Web orders,8.0
2026-08-28,Août,2026,AVE36,Active,Web orders,3.5
2026-08-28,Août,2026,PAL08,Discontinued,Web orders,5.5
2026-08-28,Août,2026,LAV08,Discontinued,Web orders,3.2
2026-08-28,Août,2026,LAV08,Discontinued,Web orders,1.75
2026-08-28,Août,2026,ISL08,Discontinued,Web orders,5.1
2026-08-28,Août,2026,DHA20,Discontinued,Web orders,1.0
2026-08-28,Août,2026,COC08,hold,Web orders,2.5
2026-08-28,Août,2026,COS08,Discontinued,Web orders,2.7
2026-08-28,Août,2026,CAR08,Active,Web orders,4.7
2026-08-28,Août,2026,AYE29,Active,Web orders,2.96
2026-08-28,Août,2026,AYE29,Active,Web orders,2.6
2026-08-31,Août,2026,ZEE24,Active,Web orders,27.8
2026-08-31,Août,2026,ZEE24,Active,Web orders,13.0
2026-08-31,Août,2026,WAL08,Discontinued,Web orders,3.2
2026-08-31,Août,2026,SOL17,Discontinued,Web orders,2.8
2026-08-31,Août,2026,SOL17,Discontinued,Web orders,2.6
2026-08-31,Août,2026,SOL14,Active,Web orders,6.0
2026-08-31,Août,2026,PLA08,Discontinued,Web orders,3.4
2026-08-31,Août,2026,PLA08,Discontinued,Web orders,2.5
2026-08-31,Août,2026,ROC08,Active,Web orders,2.5
2026-08-31,Août,2026,SAN08,Active,Web orders,13.2
2026-08-31,Août,2026,SCR12,Discontinued,Web orders,9.2
2026-08-31,Août,2026,SOL14,Discontinued,Web orders,4.85
2026-08-31,Août,2026,SOL14,Discontinued,Web orders,13.51
2026-08-31,Août,2026,LAV08,Discontinued,Web orders,2.96
2026-08-31,Août,2026,LIN09,,Web orders,3.8
2026-08-31,Août,2026,LOA08,Active,Web orders,2.7
2026-08-31,Août,2026,LUM08,Active,Web orders,3.7
2026-08-31,Août,2026,KHE28,Active,Web orders,5.0
2026-08-31,Août,2026,ISL08,Discontinued,Web orders,3.1
2026-08-31,Août,2026,JOA08,Discontinued,Web orders,2.96
2026-08-31,Août,2026,IMA08,Discontinued,Web orders,6.0
2026-08-31,Août,2026,COS08,Discontinued,Web orders,1.7
2026-08-31,Août,2026,COR08,Active,Web orders,20.5
2026-08-31,Août,2026,CHI08,Active,Web orders,13.3
2026-08-31,Août,2026,AYE29,Active,Web orders,2.0
2026-08-31,Août,2026,BAN27,Discontinued,Web orders,2.8
2026-08-31,Août,2026,AYE29,Active,Web orders,7.4
2026-08-31,Août,2026,AVE36,Active,Web orders,4.0
2026-08-31,Août,2026,AUR08,Active,Web orders,2.8
2026-08-31,Août,2026,ALI08,Discontinued,Web orders,3.06
2026-08-31,Août,2026,ANA08,Discontinued,Web orders,2.9
2026-08-31,Août,2026,ARB08,Discontinued,Web orders,1.36
2026-08-31,Août,2026,ART12,Discontinued,Web orders,3.5
2026-08-31,Août,2026,AUR08,discontinued,Web orders,13.7
2026-08-31,Août,2026,BAT08,Discontinued,Web orders,5.07
2026-08-31,Août,2026,AIR08,Discontinued,Web orders,9.16
2026-08-31,Août,2026,PET08,discontinued,Web orders,2.96
2026-08-31,Août,2026,SOL14,Discontinued,Web orders,11.4
2026-08-31,Août,2026,SOL18,Discontinued,Web orders,19.8
2026-08-31,Août,2026,SWI08,Discontinued,Web orders,2.96
2026-08-31,Août,2026,TEX08,Discontinued,Web orders,1.85
2026-08-31,Août,2026,TOY08,Hold,Web orders,3.06
2026-08-31,Août,2026,TUK08,Discontinued,Web orders,5.7
2026-08-31,Août,2026,ZEE24,Discontinued,Web orders,2.86
2026-08-31,Août,2026,ZHY12,Active,Web orders,18.2
2026-08-31,Août,2026,ZHY08,hold,Web orders,5.4
2026-08-31,Août,2026,ZEP08,Active,Web orders,2.86
2026-08-31,Août,2026,PET08,discontinued,Web orders,3.3
2026-08-31,Août,2026,TOY08,Hold,Web orders,3.3
2026-08-31,Août,2026,LAV08,Discontinued,Web orders,3.6
2026-08-31,Août,2026,ZAH23,Discontinued,Web orders,3.6
2026-08-31,Août,2026,LUM08,Active,Web orders,3.7
2026-08-31,Août,2026,SAN08,Active,Web orders,4.0
2026-08-31,Août,2026,PLA12,Discontinued,Web orders,4.3
2026-08-31,Août,2026,ZHY12,Active,Web orders,4.3
2026-08-31,Août,2026,TEX08,Discontinued,Web orders,6.0
2026-08-31,Août,2026,ZIM08,Active,Sample,8.0
2026-08-31,Août,2026,ZEE24,Active,Sample,4.6
2026-08-31,Août,2026,SAN08,Active,Sample,9.0
2026-08-31,Août,2026,SOL14,Discontinued,Web orders,2.96
2026-08-31,Août,2026,PET08,discontinued,Web orders,3.06
2026-08-31,Août,2026,TOY08,Hold,Web orders,3.06
2026-08-31,Août,2026,CHI08,Active,Web orders,5.0
2026-08-31,Août,2026,ISL08,Discontinued,Web orders,3.1
2026-08-31,Août,2026,ZHY08,hold,Web orders,3.1
2026-08-31,Août,2026,AUR08,discontinued,Web orders,3.2
2026-08-31,Août,2026,LUZ08,Active,Web orders,5.0
2026-08-31,Août,2026,LAV08,Discontinued,Web orders,9.0
2026-08-31,Août,2026,ZEE24,Active,Web orders,21.0
2026-08-31,Août,2026,DOR08,Active,Web orders,6.0
2026-08-31,Août,2026,LAV08,Discontinued,Web orders,2.5
2026-08-31,Août,2026,ROC08,Active,Web orders,2.5
2026-08-31,Août,2026,SAN08,Active,Web orders,9.24
2026-08-31,Août,2026,COR08,Active,Web orders,2.7
2026-08-31,Août,2026,ARI08,Discontinued,Web orders,2.0
2026-08-31,Août,2026,SOL14,Discontinued,Web orders,1.8
2026-08-31,Août,2026,ZEE24,Active,Web orders,1.8
2026-08-31,Août,2026,ARI08,Discontinued,Web orders,2.94
2026-08-31,Août,2026,SOL14,Discontinued,Web orders,2.7
2026-09-02,Septembre,2026,ZHY12,Active,Web orders,8.6
2026-09-02,Septembre,2026,AUR12,Active,Web orders,2.7
2026-09-02,Septembre,2026,ROC12,Active,Web orders,5.4
2026-09-02,Septembre,2026,AUR12,Active,Web orders,2.7
2026-09-02,Septembre,2026,ULA08,Active,Web orders,7.0
2026-09-02,Septembre,2026,DHA20,Active,Web orders,1.52
2026-09-02,Septembre,2026,ZES08,Active,Web orders,4.4
2026-09-02,Septembre,2026,CHI08,Active,Web orders,2.96
2026-09-02,Septembre,2026,ZEP08,Active,Web orders,2.96
2026-09-02,Septembre,2026,ZHY12,Active,Web orders,4.3
2026-09-02,Septembre,2026,AUR08,discontinued,Web orders,3.1
2026-09-02,Septembre,2026,AYE29,Active,Web orders,2.96
2026-09-02,Septembre,2026,AUR08,discontinued,Web orders,3.1
2026-09-02,Septembre,2026,GYR08,Discontinued,Web orders,2.5
2026-09-03,Septembre,2026,LUM08,Active,Web orders,2.6
2026-09-03,Septembre,2026,AUR08,Active,Web orders,2.8
2026-09-03,Septembre,2026,ULA08,Active,Web orders,6.0
2026-09-03,Septembre,2026,DOR08,Active,Web orders,2.96
2026-09-03,Septembre,2026,ART12,Discontinued,Waste/rework,1.25
2026-09-03,Septembre,2026,ISL12,Discontinued,Waste/rework,1.5
2026-09-04,Septembre,2026,ULA08,Active,Web orders,1.0
2026-09-04,Septembre,2026,ZEE24,Active,Web orders,2.7
2026-09-04,Septembre,2026,LUM08,Active,Web orders,2.8
2026-09-04,Septembre,2026,KHE28,Active,Web orders,3.7
2026-09-07,Septembre,2026,ZEE24,Active,Web orders,25.0
2026-09-07,Septembre,2026,ZHY08,hold,Web orders,2.7
2026-09-07,Septembre,2026,SOL09,Discontinued,Web orders,5.31
2026-09-07,Septembre,2026,PET08,Discontinued,Web orders,4.35
2026-09-07,Septembre,2026,LOA08,Active,Web orders,1.0
2026-09-07,Septembre,2026,DOR08,Active,Web orders,6.0
2026-09-07,Septembre,2026,AUR08,discontinued,Web orders,3.1
2026-09-07,Septembre,2026,AYE29,Active,Web orders,6.12
2026-09-07,Septembre,2026,CHI08,Active,Web orders,3.0
2026-09-07,Septembre,2026,COR08,Active,Web orders,4.4
2026-09-07,Septembre,2026,ALI08,Active,Web orders,2.0
2026-09-08,Septembre,2026,ZEE24,Active,Web orders,11.45
2026-09-08,Septembre,2026,DHA20,Active,Web orders,1.52
2026-09-08,Septembre,2026,PET08,discontinued,Web orders,1.7
2026-09-08,Septembre,2026,SEN08,Active,Web orders,2.34
2026-09-08,Septembre,2026,KHE28,Active,Web orders,2.5
2026-09-08,Septembre,2026,DOR08,Active,Web orders,7.0
2026-09-09,Septembre,2026,ULA08,Active,Web orders,1.0
2026-09-09,Septembre,2026,ZEE24,Active,Web orders,6.2
2026-09-09,Septembre,2026,ULA08,Active,Web orders,6.0
2026-09-09,Septembre,2026,SAN08,Active,Web orders,1.0
2026-09-09,Septembre,2026,SOR08,Active,Web orders,1.8
2026-09-09,Septembre,2026,FAM08,Active,Web orders,2.96
2026-09-09,Septembre,2026,AUR12,Active,Web orders,2.7
2026-09-09,Septembre,2026,DOR08,Active,Web orders,4.06
2026-09-09,Septembre,2026,ELI08,Active,Web orders,7.0
2026-09-09,Septembre,2026,KHE28,Active,Web orders,6.0
2026-09-09,Septembre,2026,ULA08,Active,Web orders,3.0
2026-09-09,Septembre,2026,ZIM08,Active,Web orders,7.6
2026-09-10,Septembre,2026,ZEE24,Active,Web orders,3.1
2026-09-10,Septembre,2026,SOL14,Active,Web orders,3.1
2026-09-10,Septembre,2026,LUZ08,Active,Web orders,3.6
2026-09-10,Septembre,2026,ZIM08,Active,Sample,2.8
2026-09-10,Septembre,2026,ART12,Discontinued,Sample,6.8
2026-09-11,Septembre,2026,ZIM08,Active,Web orders,3.1
2026-09-11,Septembre,2026,AYE29,Active,Web orders,5.9
2026-09-11,Septembre,2026,SIE08,Active,Web orders,4.0
2026-09-11,Septembre,2026,GYR08,Discontinued,Web orders,7.0
2026-09-14,Septembre,2026,ARI08,Discontinued,Web orders,2.7
2026-09-14,Septembre,2026,AYE29,Active,Web orders,2.96
2026-09-14,Septembre,2026,CHI08,Active,Web orders,3.0
2026-09-14,Septembre,2026,DHA20,Active,Web orders,2.76
2026-09-14,Septembre,2026,KHE28,Active,Web orders,17.0
2026-09-14,Septembre,2026,SIE08,Active,Web orders,18.0
2026-09-14,Septembre,2026,ULA08,Active,Web orders,1.0
2026-09-14,Septembre,2026,VIN12,Active,Web orders,4.3
2026-09-14,Septembre,2026,ZEE24,Active,Web orders,6.0
2026-09-14,Septembre,2026,ZHY08,hold,Web orders,1.75
2026-09-14,Septembre,2026,ZHY12,Active,Web orders,4.3
2026-09-15,Septembre,2026,ZEE24,Active,Web orders,9.0
2026-09-15,Septembre,2026,ZEP08,Active,Web orders,2.96
2026-09-16,Septembre,2026,ZIM08,Active,Web orders,2.8
2026-09-16,Septembre,2026,ULA08,Active,Web orders,7.0
2026-09-16,Septembre,2026,ULA12,Active,Web orders,5.5
2026-09-16,Septembre,2026,RAZ08,Discontinued,Web orders,1.4
2026-09-16,Septembre,2026,COR08,Active,Web orders,4.2
2026-09-16,Septembre,2026,ROC08,Active,Web orders,2.9
2026-09-16,Septembre,2026,LOA08,Active,Web orders,3.7
2026-09-16,Septembre,2026,ZEE24,Active,Web orders,2.8
2026-09-17,Septembre,2026,KHE28,Active,Wholesales Orders,89.3
2026-09-17,Septembre,2026,ZEE24,Active,Web orders,12.7
2026-09-17,Septembre,2026,SIE08,Active,Web orders,4.0
2026-09-18,Septembre,2026,CHI08,Active,Web orders,2.7
2026-09-18,Septembre,2026,DHA20,Active,Web orders,2.96
2026-09-18,Septembre,2026,KHE28,Active,Web orders,4.0
2026-09-18,Septembre,2026,TEX08,Discontinued,Web orders,2.96
2026-09-18,Septembre,2026,ULA08,Active,Web orders,6.0
2026-09-18,Septembre,2026,ZEE24,Active,Web orders,6.2
2026-09-18,Septembre,2026,ZHY08,hold,Web orders,2.6
2026-09-18,Septembre,2026,ZHY12,Active,Web orders,9.6
2026-09-18,Septembre,2026,SOL14,Discontinued,Sample,7.0
