date,product_name,height(cm),product_sku,stock_type,quality_type,storage_ref,action_type,qty,product_model,fabric_sku
2026-01-22,Dress - Teal,173.0,DMAY0-2XL,Finished product,Second,APT02-CHB01-2ND-BOX-3,Storage,1.0,DMAY01,SOL14
2026-01-22,Dress - Noir,173.0,DMAY0-2XL,Finished product,Second,APT02-CHB01-2ND-BOX-3,Storage,1.0,DMAY01,SOL14
2026-01-22,Dress - Noir,173.0,DMAY0-2XL,Finished product,Second,APT02-CHB01-2ND-BOX-3,Storage,1.0,DMAY01,SOL14
2026-01-22,Dress - Noir,173.0,DMAY0-2XL,Finished product,Second,APT02-CHB01-2ND-BOX-3,Storage,1.0,DMAY01,SOL14
2026-01-22,Dress - Noir,173.0,DMAY0-2XL,Finished product,Second,APT02-CHB01-2ND-BOX-3,Storage,1.0,DMAY01,SOL14
2026-01-22,Dress - Noir,173.0,DMAY0-2XL,Finished product,Second,APT02-CHB01-2ND-BOX-3,Storage,1.0,DMAY01,SOL14
2026-01-22,Dress - Noir,173.0,DMAY0-3XL,Finished product,Second,APT02-CHB01-2ND-BOX-3,Storage,1.0,DMAY01,SOL14
2026-01-22,Dress - Noir,173.0,DMAY0-3XL,Finished product,Second,APT02-CHB01-2ND-BOX-3,Storage,1.0,DMAY01,SOL14
2026-01-22,Dress - Noir,173.0,DMAY0-2XL,Finished product,Second,APT02-CHB01-2ND-BOX-3,Storage,1.0,DMAY01,SOL14
2026-01-22,Dress - Noir,173.0,DMAY0-2XL,Finished product,Second,APT02-CHB01-2ND-BOX-3,Storage,1.0,DMAY01,SOL14
2026-01-22,Dress - Noir,173.0,DMAY0-XS,Finished product,Second,APT02-CHB01-2ND-BOX-3,Storage,1.0,DMAY01,SOL14
2026-01-22,Dress - Noir,173.0,DMAY0-XS,Finished product,Second,APT02-CHB01-2ND-BOX-3,Storage,1.0,DMAY01,SOL14
2026-01-22,Jumpsuit - vert,173.0,JUMYO-S,Finished product,Second,APT02-CHB01-2ND-BOX-1,Storage,10.0,JUMYO1,SAL08
2026-01-22,Jumpsuit - vert,173.0,JUMYO-XS,Finished product,Second,APT02-CHB01-2ND-BOX-1,Storage,8.0,JUMYO1,SAL08
2026-01-22,Jumpsuit - vert,173.0,JUMYO-2XL,Finished product,Second,APT02-CHB01-2ND-BOX-1,Storage,7.0,JUMYO1,SAL08
2026-01-22,Jumpsuit - vert,173.0,JUMYO-L,Finished product,Second,APT02-CHB01-2ND-BOX-1,Storage,9.0,JUMYO1,SAL08
2026-01-22,Jumpsuit - vert,173.0,JUMYO-3XL,Finished product,Second,APT02-CHB01-2ND-BOX-1,Storage,1.0,JUMYO1,SAL08
2026-01-22,Jumpsuit - vert,173.0,JUMYO-XL,Finished product,Second,APT02-CHB01-2ND-BOX-1,Storage,15.0,JUMYO1,SAL08
2026-01-22,Jumpsuit - Rust,173.0,JUMY0-M,Finished product,Second,APT02-CHB01-2ND-BOX-3,Storage,4.0,JUMY01,SOL14
2026-01-22,Jumpsuit - Rust,173.0,JUMY0-XS,Finished product,Second,APT02-CHB01-2ND-BOX-3,Storage,4.0,JUMY01,SOL14
2026-01-22,Jumpsuit - Rust,173.0,JUMY0-S,Finished product,Second,APT02-CHB01-2ND-BOX-3,Storage,1.0,JUMY01,SOL14
2026-01-22,Jumpsuit - Rust,173.0,JUMY0-L,Finished product,Second,APT02-CHB01-2ND-BOX-3,Storage,7.0,JUMY01,SOL14
2026-01-22,Jumpsuit - Rust,173.0,JUMY0-XL,Finished product,Second,APT02-CHB01-2ND-BOX-3,Storage,3.0,JUMY01,SOL14
2026-01-22,Jumpsuit - Rust,173.0,JUMY0-2XL,Finished product,Second,APT02-CHB01-2ND-BOX-3,Storage,1.0,JUMY01,SOL14
2026-01-22,Jumpsuit - Teal,173.0,JUMY0-XS,Finished product,Second,APT02-CHB01-2ND-BOX-3,Storage,2.0,JUMY01,SOL14
2026-01-22,Jumpsuit - Teal,173.0,JUMY0-XL,Finished product,Second,APT02-CHB01-2ND-BOX-3,Storage,2.0,JUMY01,SOL14
2026-01-22,Jumpsuit - Teal,173.0,JUMY0-2XL,Finished product,Second,APT02-CHB01-2ND-BOX-3,Storage,1.0,JUMY01,SOL14
2026-01-22,Jumpsuit - Teal,173.0,JUMY0-3XL,Finished product,Second,APT02-CHB01-2ND-BOX-3,Storage,1.0,JUMY01,SOL14
2026-01-22,Jumpsuit - Noir,173.0,JUMY0-XS,Finished product,Second,APT02-CHB01-2ND-BOX-1,Storage,4.0,JUMY01,TUK08
2026-01-22,Jumpsuit - Noir,173.0,JUMY0-XL,Finished product,Second,APT02-CHB01-2ND-BOX-1,Storage,4.0,JUMY01,TUK08
2026-01-22,Jumpsuit - Noir,173.0,JUMY0-2XL,Finished product,Second,APT02-CHB01-2ND-BOX-1,Storage,3.0,JUMY01,TUK08
2026-01-22,Jumpsuit - Noir,173.0,JUMY0-3XL,Finished product,Second,APT02-CHB01-2ND-BOX-1,Storage,1.0,JUMY01,TUK08
2026-01-22,Jumpsuit - Noir,173.0,JUMY0-S,Finished product,Second,APT02-CHB01-2ND-BOX-1,Storage,2.0,JUMY01,TUK08
2026-01-22,Jumpsuit - White,173.0,JUMY1-2XL,Finished product,Second,APT02-CHB01-2ND-BOX-53,Storage,1.0,JUMY11,SIN08
2026-01-22,Pants - Noir,173.0,PLEE0-L,Finished product,Second,APT02-CHB01-2ND-BOX-2,Storage,25.0,PLEE01,SOL14
2026-01-22,Pants - Noir,173.0,PLEE0-S,Finished product,Second,APT02-CHB01-2ND-BOX-2,Storage,23.0,PLEE01,SOL14
2026-01-22,Pants - Noir,173.0,PLEE0-M,Finished product,Second,APT02-CHB01-2ND-BOX-2,Storage,27.0,PLEE01,SOL14
2026-01-22,Pants - Noir,173.0,PLEE0-XS,Finished product,Second,APT02-CHB01-2ND-BOX-2,Storage,14.0,PLEE01,SOL14
2026-01-22,Pants - Noir,173.0,PLEE0-3XL,Finished product,Second,APT02-CHB01-2ND-BOX-2,Storage,1.0,PLEE01,SOL14
2026-01-22,Pants - Noir,173.0,PLEE0-2XL,Finished product,Second,APT02-CHB01-2ND-BOX-2,Storage,5.0,PLEE01,SOL14
2026-01-22,Pants - Noir,173.0,PLEE0-XL,Finished product,Second,APT02-CHB01-2ND-BOX-2,Storage,1.0,PLEE01,SOL14
2026-01-23,Pants - Rust,173.0,PLEE0-XS,Finished product,Second,APT02-CHB01-2ND-BOX-4,Storage,5.0,PLEE01,SOL14
2026-01-23,Pants - Rust,173.0,PLEE0-S,Finished product,Second,APT02-CHB01-2ND-BOX-4,Storage,6.0,PLEE01,SOL14
2026-01-23,Pants - Rust,173.0,PLEE0-3XL,Finished product,Second,APT02-CHB01-2ND-BOX-4,Storage,2.0,PLEE01,SOL14
2026-01-23,Pants - Rust,173.0,PLEE0-XL,Finished product,Second,APT02-CHB01-2ND-BOX-4,Storage,3.0,PLEE01,SOL14
2026-01-23,Pants - Rust,173.0,PLEE0-L,Finished product,Second,APT02-CHB01-2ND-BOX-4,Storage,1.0,PLEE01,SOL14
2026-01-23,Pants - Rust,173.0,PLEE0-2XL,Finished product,Second,APT02-CHB01-2ND-BOX-4,Storage,1.0,PLEE01,SOL14
2026-01-23,Pants - White,173.0,PLEE0-L,Finished product,Second,APT02-CHB01-2ND-BOX-4,Storage,3.0,PLEE01,ZEN08
2026-01-23,Pants - White,173.0,PLEE0-M,Finished product,Second,APT02-CHB01-2ND-BOX-4,Storage,3.0,PLEE01,ZEN08
2026-01-23,Pants - White,173.0,PLEE0-XL,Finished product,Second,APT02-CHB01-2ND-BOX-4,Storage,3.0,PLEE01,ZEN08
2026-01-23,Pants - White,173.0,PLEE0-XS,Finished product,Second,APT02-CHB01-2ND-BOX-4,Storage,2.0,PLEE01,ZEN08
2026-01-23,Pants - White,173.0,PLEE0-2XL,Finished product,Second,APT02-CHB01-2ND-BOX-4,Storage,1.0,PLEE01,ZEN08
2026-01-23,Pants - Blu,173.0,PLEE0-XL,Finished product,Second,APT02-CHB01-2ND-BOX-4,Storage,3.0,PLEE01,BAT08
2026-01-23,Pants - Blu,173.0,PLEE0-L,Finished product,Second,APT02-CHB01-2ND-BOX-4,Storage,4.0,PLEE01,BAT08
2026-01-23,Pants - Blu,173.0,PLEE0-XS,Finished product,Second,APT02-CHB01-2ND-BOX-4,Storage,2.0,PLEE01,BAT08
2026-01-23,Pants - Blu,173.0,PLEE0-M,Finished product,Second,APT02-CHB01-2ND-BOX-4,Storage,1.0,PLEE01,BAT08
2026-01-23,Pants - Blu,173.0,PLEE0-2XL,Finished product,Second,APT02-CHB01-2ND-BOX-4,Storage,1.0,PLEE01,BAT08
2026-01-23,Pants - Blu,173.0,PLEE0-S,Finished product,Second,APT02-CHB01-2ND-BOX-4,Storage,1.0,PLEE01,BAT08
2026-01-23,Pants - Blu,173.0,PLEE0-3XL,Finished product,Second,APT02-CHB01-2ND-BOX-4,Storage,1.0,PLEE01,BAT08
2026-01-23,Pants - Navy,173.0,PLEE0-XS,Finished product,Second,APT02-CHB01-2ND-BOX-4,Storage,5.0,PLEE01,COS08
2026-01-23,Pants - Navy,173.0,PLEE0-L,Finished product,Second,APT02-CHB01-2ND-BOX-4,Storage,3.0,PLEE01,COS08
2026-01-23,Pants - Navy,173.0,PLEE0-M,Finished product,Second,APT02-CHB01-2ND-BOX-4,Storage,1.0,PLEE01,COS08
2026-01-23,Pants - Navy,173.0,PLEE0-XL,Finished product,Second,APT02-CHB01-2ND-BOX-4,Storage,1.0,PLEE01,COS08
2026-01-23,Pants - Navy,173.0,PLEE0-2XL,Finished product,Second,APT02-CHB01-2ND-BOX-4,Storage,1.0,PLEE01,COS08
2026-01-23,Pants - Gold,173.0,PLEE0-2XL,Finished product,Second,APT02-CHB01-2ND-BOX-4,Storage,2.0,PLEE01,TEX08
2026-01-23,Pants - Gold,173.0,PLEE0-M,Finished product,Second,APT02-CHB01-2ND-BOX-4,Storage,1.0,PLEE01,TEX08
2026-01-23,Pants - Gold,173.0,PLEE0-L,Finished product,Second,APT02-CHB01-2ND-BOX-4,Storage,1.0,PLEE01,TEX08
2026-01-23,Pants - Rose,173.0,PLEE0-XS,Finished product,Second,APT02-CHB01-2ND-BOX-4,Storage,2.0,PLEE01,BLO08
2026-01-23,Pants - Rust,173.0,PLEE0-L,Finished product,Second,APT02-CHB01-2ND-BOX-4,Storage,1.0,PLEE01,SUT08
2026-01-23,Pants - Rust,173.0,PLEE0-XS,Finished product,Second,APT02-CHB01-2ND-BOX-4,Storage,1.0,PLEE01,SUT08
2026-01-23,Pants - Gold,173.0,PLEE0-XS,Finished product,Second,APT02-CHB01-2ND-BOX-4,Storage,1.0,PLEE01,SUT08
2026-01-23,Pants - Gold,173.0,PLEE0-M,Finished product,Second,APT02-CHB01-2ND-BOX-4,Storage,1.0,PLEE01,SUT08
2026-01-23,Pants - vert,173.0,PLEE0-L,Finished product,Second,APT02-CHB01-2ND-BOX-4,Storage,1.0,PLEE01,SAL08
2026-01-23,Pants - vert,173.0,PLEE0-XS,Finished product,Second,APT02-CHB01-2ND-BOX-4,Storage,1.0,PLEE01,SAL08
2026-01-23,Pants - Cream,173.0,PLEE0-2XL,Finished product,Second,APT02-CHB01-2ND-BOX-4,Storage,1.0,PLEE01,ZEN08
2026-01-23,Pants - Cream,173.0,PLEE0-XL,Finished product,Second,APT02-CHB01-2ND-BOX-4,Storage,1.0,PLEE01,ZEN08
2026-01-23,Pants - Cream,173.0,PLEE0-XL,Finished product,Second,APT02-CHB01-2ND-BOX-5,Storage,11.0,PLEE01,TIL08
2026-01-23,Pants - Cream,173.0,PLEE0-2XL,Finished product,Second,APT02-CHB01-2ND-BOX-5,Storage,8.0,PLEE01,TIL08
2026-01-23,Pants - Cream,173.0,PLEE0-L,Finished product,Second,APT02-CHB01-2ND-BOX-5,Storage,7.0,PLEE01,TIL08
2026-01-23,Pants - Cream,173.0,PLEE0-S,Finished product,Second,APT02-CHB01-2ND-BOX-5,Storage,3.0,PLEE01,TIL08
2026-01-23,Pants - Cream,173.0,PLEE0-3XL,Finished product,Second,APT02-CHB01-2ND-BOX-5,Storage,3.0,PLEE01,TIL08
2026-01-23,Pants - Cream,173.0,PLEE0-M,Finished product,Second,APT02-CHB01-2ND-BOX-5,Storage,8.0,PLEE01,TIL08
2026-01-23,Pants - Cream,173.0,PLEE0-XS,Finished product,Second,APT02-CHB01-2ND-BOX-5,Storage,1.0,PLEE01,TIL08
2026-01-23,Pants - Black,173.0,PLEE1-XS,Finished product,Second,APT02-CHB01-2ND-BOX-5,Storage,17.0,PLEE11,LIN08
2026-01-23,Pants - Black,173.0,PLEE1-M,Finished product,Second,APT02-CHB01-2ND-BOX-5,Storage,2.0,PLEE11,LIN08
2026-01-23,Pants - Black,173.0,PLEE1-S,Finished product,Second,APT02-CHB01-2ND-BOX-5,Storage,2.0,PLEE11,LIN08
2026-01-23,Pants - Black,173.0,PLEE0-M,Finished product,Second,APT02-CHB01-2ND-BOX-5,Storage,6.0,PLEE01,SUT08
2026-01-23,Pants - Black,173.0,PLEE0-L,Finished product,Second,APT02-CHB01-2ND-BOX-5,Storage,2.0,PLEE01,SUT08
2026-01-23,Pants - Black,173.0,PLEE0-3XL,Finished product,Second,APT02-CHB01-2ND-BOX-5,Storage,1.0,PLEE01,SUT08
2026-01-23,Cape - Blue,173.0,OWRA1-OS,Finished product,First,APT02-CHB01-FST-BOX-1,Storage,10.0,OWRA11,SOL17
2026-01-23,Cape - Blue,173.0,OWRA1-OS,Finished product,First,APT02-CHB01-FST-BOX-2,Storage,10.0,OWRA11,SOL17
2026-01-23,Cape - Blue,173.0,OWRA1-OS,Finished product,First,APT02-CHB01-FST-BOX-3,Storage,10.0,OWRA11,SOL17
2026-01-23,Cape - Blue,173.0,OWRA1-OS,Finished product,First,APT02-CHB01-FST-BOX-4,Storage,10.0,OWRA11,SOL17
2026-01-23,Cape - Blue,173.0,OWRA1-OS,Finished product,First,APT02-CHB01-FST-BOX-5,Storage,10.0,OWRA11,SOL17
2026-01-23,Cape - Cream,173.0,OWRA1-OS,Finished product,First,APT02-CHB01-FST-BOX-6,Storage,10.0,OWRA11,SOL17
2026-01-23,Cape - Cream,173.0,OWRA1-OS,Finished product,First,APT02-CHB01-FST-BOX-7,Storage,10.0,OWRA11,SOL17
2026-01-23,Cape - Cream,173.0,OWRA1-OS,Finished product,First,APT02-CHB01-FST-BOX-8,Storage,10.0,OWRA11,SOL17
2026-01-23,Cape - Black,173.0,OWRA1-OS,Finished product,First,APT02-CHB01-FST-BOX-9,Storage,10.0,OWRA11,SOL17
2026-01-23,Pants - Black,,PLEE0-XS,Finished product,Second,APT02-CHB01-2ND-BOX-5,Storage,1.0,PLEE01,SUT08
2026-01-23,Cape - Black,173.0,OWRA1-OS,Finished product,First,APT02-CHB01-FST-BOX-10,Storage,10.0,OWRA11,SOL17
2026-01-23,Poncho - Teal,173.0,OAMY1-OS,Finished product,First,APT02-CHB01-FST-BOX-11,Storage,10.0,OAMY11,BAO08
2026-01-23,Poncho - White,173.0,OAMY1-OS,Finished product,First,APT02-CHB01-FST-BOX-11,Storage,4.0,OAMY11,ZEN08
2026-01-23,Poncho - Teal,173.0,OAMY1-OS,Finished product,First,APT02-CHB01-FST-BOX-12,Storage,13.0,OAMY11,BAO08
2026-01-23,Poncho - Blue,173.0,OAMY1-OS,Finished product,First,APT02-CHB01-FST-BOX-12,Storage,2.0,OAMY11,GYR08
2026-01-23,Cape - Brown,173.0,OWRA1-OS,Finished product,First,APT02-CHB01-FST-BOX-13,Storage,9.0,OWRA11,SOL17
2026-01-23,Poncho - Blue,173.0,OAMY1-OS,Finished product,First,APT02-CHB01-FST-BOX-14,Storage,11.0,OAMY11,GYR08
2026-01-23,Poncho - White,173.0,OAMY1-OS,Finished product,First,APT02-CHB01-FST-BOX-14,Storage,3.0,OAMY11,ZEN08
2026-01-23,Pants - Noir,173.0,PLEE0-XS,Finished product,Second,APT02-CHB01-2ND-BOX-5,Storage,4.0,PLEE01,HER08
2026-01-23,Pants - Noir,173.0,PLEE0-3XL,Finished product,Second,APT02-CHB01-2ND-BOX-5,Storage,2.0,PLEE01,HER08
2026-01-23,Pants - Noir,173.0,PLEE0-2XL,Finished product,Second,APT02-CHB01-2ND-BOX-5,Storage,1.0,PLEE01,HER08
2026-01-23,Pants - Noir,173.0,PLEE0-XL,Finished product,Second,APT02-CHB01-2ND-BOX-5,Storage,1.0,PLEE01,HER08
2026-01-23,Pants - Noir,173.0,PLEE0-3XL,Finished product,Second,APT02-CHB01-2ND-BOX-5,Storage,1.0,PLEE01,TUK08
2026-01-23,Jumpsuit - Noir,173.0,JUMY0-M,Finished product,Second,APT02-CHB01-2ND-BOX-6,Storage,27.0,JUMY01,SOL14
2026-01-23,Jumpsuit - Noir,173.0,JUMY0-S,Finished product,Second,APT02-CHB01-2ND-BOX-6,Storage,20.0,JUMY01,SOL14
2026-01-23,Jumpsuit - Noir,173.0,JUMY0-XS,Finished product,Second,APT02-CHB01-2ND-BOX-6,Storage,1.0,JUMY01,SOL14
2026-01-23,Jumpsuit - Noir,173.0,JUMY0-2XL,Finished product,Second,APT02-CHB01-2ND-BOX-6,Storage,1.0,JUMY01,SOL14
2026-01-26,Poncho - Blue,173.0,OAMY1-OS,Finished product,First,APT02-CHB01-FST-BOX-15,Storage,12.0,OAMY11,GYR08
2026-01-26,Poncho - Teal,173.0,OAMY1-OS,Finished product,First,APT02-CHB01-FST-BOX-16,Storage,5.0,OAMY11,BAO08
2026-01-26,Cape - Black,173.0,OWRA1-OS,Finished product,First,APT02-CHB01-FST-BOX-16,Storage,4.0,OWRA11,SOL17
2026-01-26,Poncho - White,173.0,OAMY1-OS,Finished product,First,APT02-CHB01-FST-BOX-17,Storage,16.0,OAMY11,ZEN08
2026-01-26,Cape - Brown,173.0,OWRA1-OS,Finished product,First,APT02-CHB01-FST-BOX-18,Storage,10.0,OWRA11,SOL17
2026-01-26,Poncho - Teal,173.0,OAMY1-OS,Finished product,First,APT02-CHB01-FST-BOX-19,Storage,5.0,OAMY11,BAO08
2026-01-26,Poncho - White,173.0,OAMY1-OS,Finished product,First,APT02-CHB01-FST-BOX-19,Storage,6.0,OAMY11,ZEN08
2026-01-26,Cape - Brown,173.0,OWRA1-OS,Finished product,First,APT02-CHB01-FST-BOX-20,Storage,1.0,OWRA11,SOL17
2026-01-26,Cape - Blue,173.0,OWRA1-OS,Finished product,First,APT02-CHB01-FST-BOX-20,Storage,9.0,OWRA11,SOL17
2026-01-26,Pants - Black,173.0,PLEE0-2XL,Finished product,Second,APT02-CHB01-2ND-BOX-7,Storage,23.0,PLEE01,SOK08
2026-01-26,Pants - Black,173.0,PLEE0-M,Finished product,Second,APT02-CHB01-2ND-BOX-7,Storage,13.0,PLEE01,SOK08
2026-01-26,Pants - Black,173.0,PLEE0-S,Finished product,Second,APT02-CHB01-2ND-BOX-7,Storage,8.0,PLEE01,SOK08
2026-01-26,Pants - Black,173.0,PLEE0-XS,Finished product,Second,APT02-CHB01-2ND-BOX-7,Storage,5.0,PLEE01,SOK08
2026-01-26,Pants - Black,173.0,PLEE0-XL,Finished product,Second,APT02-CHB01-2ND-BOX-7,Storage,7.0,PLEE01,SOK08
2026-01-26,Pants - Black,173.0,PLEE0-3XL,Finished product,Second,APT02-CHB01-2ND-BOX-7,Storage,6.0,PLEE01,SOK08
2026-01-26,Pants - Black,173.0,PLEE0-L,Finished product,Second,APT02-CHB01-2ND-BOX-7,Storage,14.0,PLEE01,SOK08
2026-01-26,Cape - Cream,173.0,OWRA1-OS,Finished product,First,APT02-CHB01-FST-BOX-21,Storage,10.0,OWRA11,SOL17
2026-01-26,Cape - Brown,173.0,OWRA1-OS,Finished product,First,APT02-CHB01-FST-BOX-22,Storage,10.0,OWRA11,SOL17
2026-01-26,Dress - Navy,173.0,DSAT0-M,Finished product,First,APT02-CHB01-FST-BOX-22,Storage,6.0,DSAT01,SOL14
2026-01-26,Dress - Navy,173.0,DSAT0-L,Finished product,First,APT02-CHB01-FST-BOX-22,Storage,3.0,DSAT01,SOL14
2026-01-26,Dress - Navy,173.0,DSAT0-XL,Finished product,First,APT02-CHB01-FST-BOX-22,Storage,12.0,DSAT01,SOL14
2026-01-26,Dress - Navy,173.0,DSAT0-2XL,Finished product,First,APT02-CHB01-FST-BOX-22,Storage,4.0,DSAT01,SOL14
2026-01-26,Dress - Navy,173.0,DSAT0-3XL,Finished product,First,APT02-CHB01-FST-BOX-22,Storage,3.0,DSAT01,SOL14
2026-01-26,Poncho - Rust,173.0,OAMY1-OS,Finished product,First,APT02-CHB01-FST-BOX-16,Storage,1.0,OAMY11,CHI08
2026-01-26,Jumpsuit - Blue,173.0,JUMY0-2XL,Finished product,Second,APT02-CHB01-2ND-BOX-8,Storage,18.0,JUMY01,YRA08
2026-01-26,Jumpsuit - Blue,173.0,JUMY0-L,Finished product,Second,APT02-CHB01-2ND-BOX-8,Storage,12.0,JUMY01,YRA08
2026-01-26,Jumpsuit - Blue,173.0,JUMY0-XL,Finished product,Second,APT02-CHB01-2ND-BOX-8,Storage,7.0,JUMY01,YRA08
2026-01-26,Jumpsuit - Blue,173.0,JUMY0-XS,Finished product,Second,APT02-CHB01-2ND-BOX-8,Storage,3.0,JUMY01,YRA08
2026-01-26,Jumpsuit - Blue,173.0,JUMY0-S,Finished product,Second,APT02-CHB01-2ND-BOX-8,Storage,1.0,JUMY01,YRA08
2026-01-26,Top - Vert,,TREE0-2XL,Finished product,Second,APT02-CHB01-2ND-BOX-8,Storage,9.0,TREE01,SAL08
2026-01-26,Top - Vert,,TREE0-XL,Finished product,Second,APT02-CHB01-2ND-BOX-8,Storage,2.0,TREE01,SAL08
2026-01-26,Dress - Noir,173.0,DJWA0-S,Finished product,First,APT02-CHB01-FST-BOX-23,Storage,3.0,DJWA01,SIE08
2026-01-26,Dress - Noir,173.0,DJWA0-M,Finished product,First,APT02-CHB01-FST-BOX-23,Storage,3.0,DJWA01,SIE08
2026-01-26,Dress - Noir,173.0,DJWA0-L,Finished product,First,APT02-CHB01-FST-BOX-23,Storage,2.0,DJWA01,SIE08
2026-01-26,Dress - Noir,173.0,DJWA0-2XL,Finished product,First,APT02-CHB01-FST-BOX-23,Storage,2.0,DJWA01,SIE08
2026-01-26,Dress - Noir,173.0,DJWA0-3XL,Finished product,First,APT02-CHB01-FST-BOX-23,Storage,1.0,DJWA01,SIE08
2026-01-26,Dress - Teal,173.0,DNAI0-L,Finished product,First,APT02-CHB01-FST-BOX-23,Storage,1.0,DNAI01,ZEE24
2026-01-26,Dress - Teal,173.0,DNAI0-XL,Finished product,First,APT02-CHB01-FST-BOX-23,Storage,1.0,DNAI01,ZEE24
2026-01-26,Dress - Vert,173.0,DELY0-XS,Finished product,First,APT02-CHB01-FST-BOX-23,Storage,1.0,DELY01,SEN08
2026-01-26,Dress - Vert,173.0,DELY0-L,Finished product,First,APT02-CHB01-FST-BOX-23,Storage,1.0,DELY01,SEN08
2026-01-26,Dress - Vert,173.0,DSAT0-M,Finished product,Second,APT02-CHB01-2ND-BOX-9,Storage,53.0,DSAT01,SAL08
2026-01-26,Dress - Vert,173.0,DSAT0-2XL,Finished product,Second,APT02-CHB01-2ND-BOX-9,Storage,20.0,DSAT01,SAL08
2026-01-26,Dress - Vert,173.0,DSAT0-XL,Finished product,Second,APT02-CHB01-2ND-BOX-9,Storage,4.0,DSAT01,SAL08
2026-01-26,Dress - Vert,173.0,DSAT0-L,Finished product,Second,APT02-CHB01-2ND-BOX-9,Storage,4.0,DSAT01,SAL08
2026-01-26,Dress - Noir,173.0,DSAT0-M,Finished product,First,APT02-CHB01-FST-BOX-23,Storage,0.0,DSAT01,FAM08
2026-01-26,Dress - Noir,173.0,DSAT0-2XL,Finished product,First,APT02-CHB01-FST-BOX-23,Storage,1.0,DSAT01,FAM08
2026-01-26,Pants - Noir,173.0,PJAN0-S,Finished product,First,APT02-CHB01-FST-BOX-23,Storage,1.0,PJAN01,FAM08
2026-01-26,Pants - Noir,173.0,PJAN0-M,Finished product,First,APT02-CHB01-FST-BOX-23,Storage,1.0,PJAN01,FAM08
2026-01-26,Dress - Olive,173.0,DSAT0-M,Finished product,First,APT02-CHB01-FST-BOX-23,Storage,1.0,DSAT01,COR08
2026-01-26,Dress - Brown,173.0,DFAR0-M,Finished product,First,APT02-CHB01-FST-BOX-23,Storage,1.0,DFAR01,ALI08
2026-01-26,Dress - Olive,173.0,DNAI0-XL,Finished product,First,APT02-CHB01-FST-BOX-23,Storage,1.0,DNAI01,ALI08
2026-01-26,Dress - Blu,173.0,DNAI0-XS,Finished product,First,APT02-CHB01-FST-BOX-23,Storage,1.0,DNAI01,AUR08
2026-01-26,Dress - Noir,173.0,DELA0-XL,Finished product,First,APT02-CHB01-FST-BOX-23,Storage,1.0,DELA01,SIE08
2026-01-26,Dress - Terracota,173.0,DTUB0-XS,Finished product,First,APT02-CHB01-FST-BOX-23,Storage,1.0,DTUB01,COC08
2026-01-26,Dress - Navy,183.0,DTUB0-S-C,Finished product,First,APT02-CHB01-FST-BOX-23,Storage,1.0,DTUB01,LUM08
2026-01-26,Dress - Terracota,173.0,DTUB0-XL,Finished product,First,APT02-CHB01-FST-BOX-23,Storage,1.0,DTUB01,COC08
2026-01-26,Dress - Vert,173.0,DSAT0-S,Finished product,Second,APT02-CHB01-2ND-BOX-9,Storage,1.0,DSAT01,SAL08
2026-01-26,Dress - Vert,173.0,DSAT0-XS,Finished product,Second,APT02-CHB01-2ND-BOX-9,Storage,1.0,DSAT01,SAL08
2026-01-26,Dress - Noir,173.0,DSAT0-XL,Finished product,Second,APT02-CHB01-2ND-BOX-10,Storage,13.0,DSAT01,SCR08
2026-01-26,Dress - Noir,173.0,DSAT0-L,Finished product,Second,APT02-CHB01-2ND-BOX-10,Storage,1.0,DSAT01,SCR08
2026-01-26,Dress - Vert,173.0,DSAT0-XL,Finished product,Second,APT02-CHB01-2ND-BOX-10,Storage,14.0,DSAT01,SAL08
2026-01-26,Dress - Vert,173.0,DSAT0-L,Finished product,Second,APT02-CHB01-2ND-BOX-10,Storage,4.0,DSAT01,SAL08
2026-01-26,Dress - Vert,173.0,DSAT0-3XL,Finished product,Second,APT02-CHB01-2ND-BOX-10,Storage,8.0,DSAT01,SAL08
2026-01-26,Dress - Noir,173.0,DSAT0-L,Finished product,Second,APT02-CHB01-2ND-BOX-10,Storage,4.0,DSAT01,HER08
2026-01-26,Dress - Noir,173.0,DSAT0-2XL,Finished product,Second,APT02-CHB01-2ND-BOX-10,Storage,3.0,DSAT01,HER08
2026-01-26,Dress - Noir,173.0,DSAT0-XL,Finished product,Second,APT02-CHB01-2ND-BOX-10,Storage,2.0,DSAT01,HER08
2026-01-26,Dress - Noir,173.0,DSAT0-3XL,Finished product,Second,APT02-CHB01-2ND-BOX-10,Storage,5.0,DSAT01,HER08
2026-01-26,Dress - Blue,173.0,DSAT0-M,Finished product,Second,APT02-CHB01-2ND-BOX-11,Storage,8.0,DSAT01,YRA08
2026-01-26,Dress - Blue,173.0,DSAT0-L,Finished product,Second,APT02-CHB01-2ND-BOX-11,Storage,4.0,DSAT01,YRA08
2026-01-26,Dress - Blue,173.0,DSAT0-2XL,Finished product,Second,APT02-CHB01-2ND-BOX-11,Storage,6.0,DSAT01,YRA08
2026-01-26,Dress - Blue,173.0,DSAT0-XL,Finished product,Second,APT02-CHB01-2ND-BOX-11,Storage,2.0,DSAT01,YRA08
2026-01-26,Dress - Blue,173.0,DSAT0-3XL,Finished product,Second,APT02-CHB01-2ND-BOX-11,Storage,1.0,DSAT01,YRA08
2026-01-26,Dress - Blu,173.0,DSAT0-L,Finished product,Second,APT02-CHB01-2ND-BOX-11,Storage,7.0,DSAT01,BAT08
2026-01-26,Dress - Blu,173.0,DSAT0-2XL,Finished product,Second,APT02-CHB01-2ND-BOX-11,Storage,3.0,DSAT01,BAT08
2026-01-26,Dress - Blu,173.0,DSAT0-XL,Finished product,Second,APT02-CHB01-2ND-BOX-11,Storage,1.0,DSAT01,BAT08
2026-01-26,Dress - Blu,173.0,DSAT0-2XL,Finished product,Second,APT02-CHB01-2ND-BOX-11,Storage,4.0,DSAT01,COS08
2026-01-26,Dress - Blu,173.0,DSAT0-L,Finished product,Second,APT02-CHB01-2ND-BOX-11,Storage,2.0,DSAT01,COS08
2026-01-26,Dress - Blu,173.0,DSAT0-XL,Finished product,Second,APT02-CHB01-2ND-BOX-11,Storage,4.0,DSAT01,COS08
2026-01-26,Dress - Blu,173.0,DSAT0-M,Finished product,Second,APT02-CHB01-2ND-BOX-11,Storage,1.0,DSAT01,COS08
2026-01-26,Dress - Cream,173.0,DSAT0-2XL,Finished product,Second,APT02-CHB01-2ND-BOX-11,Storage,2.0,DSAT01,TIL08
2026-01-26,Dress - Cream,173.0,DSAT0-L,Finished product,Second,APT02-CHB01-2ND-BOX-11,Storage,1.0,DSAT01,TIL08
2026-01-26,Dress - Cream,173.0,DSAT0-XL,Finished product,Second,APT02-CHB01-2ND-BOX-11,Storage,2.0,DSAT01,TIL08
2026-01-26,Dress - Olive,173.0,DMAI0-S,Finished product,First,APT02-CHB01-FST-BOX-23,Storage,1.0,DMAI01,AYE29
2026-01-26,Kimono - Blanc,173.0,KCAB0-XL,Finished product,First,APT02-CHB01-FST-BOX-23,Storage,1.0,KCAB01,KHE28
2026-01-26,Dress - Yellow,173.0,DTUB0-M,Finished product,First,APT02-CHB01-FST-BOX-23,Storage,1.0,DTUB01,ROC08
2026-01-26,Pants - Navy,173.0,PLEE0-M,Finished product,First,APT02-CHB01-FST-BOX-23,Storage,1.0,PLEE01,SOL14
2026-01-26,Kimono - Blanc,173.0,KCAB0-XSS,Finished product,First,APT02-CHB01-FST-BOX-23,Storage,1.0,KCAB01,KHE28
2026-01-26,Dress - Noir,173.0,DSAT0-L,Finished product,First,APT02-CHB01-FST-BOX-23,Storage,1.0,DSAT01,SIE08
2026-01-26,Dress - Blu,173.0,DTUB0-L,Finished product,First,APT02-CHB01-FST-BOX-23,Storage,1.0,DTUB01,AUR08
2026-01-26,Dress - Blu,160.0,DTUB0-XS-C,Finished product,First,APT02-CHB01-FST-BOX-23,Storage,1.0,DTUB01,SKY08
2026-01-26,Dress - Navy,173.0,DTUB0-S,Finished product,First,APT02-CHB01-FST-BOX-23,Storage,1.0,DTUB01,LUM08
2026-01-26,Pants - Olive,190.0,PHAN0-M-C,Finished product,First,APT02-CHB01-FST-BOX-23,Storage,1.0,PHAN01,AYE29
2026-01-26,Pants - Olive,157.0,PHAN0-L-C,Finished product,First,APT02-CHB01-FST-BOX-23,Storage,1.0,PHAN01,AYE29
2026-01-26,Dress - Cream,173.0,DSAT0-3XL,Finished product,Second,APT02-CHB01-2ND-BOX-11,Storage,1.0,DSAT01,TIL08
2026-01-26,Dress - Teal,173.0,DSAT0-L,Finished product,Second,APT02-CHB01-2ND-BOX-11,Storage,2.0,DSAT01,BLO08
2026-01-26,Dress - Teal,173.0,DSAT0-XL,Finished product,Second,APT02-CHB01-2ND-BOX-11,Storage,2.0,DSAT01,BLO08
2026-01-26,Dress - Teal,173.0,DSAT0-3XL,Finished product,Second,APT02-CHB01-2ND-BOX-11,Storage,1.0,DSAT01,BLO08
2026-01-26,Dress - Blu,173.0,DSAT0-2XL,Finished product,Second,APT02-CHB01-2ND-BOX-11,Storage,2.0,DSAT01,SUT08
2026-01-26,Dress - Blu,173.0,DSAT0-3XL,Finished product,Second,APT02-CHB01-2ND-BOX-11,Storage,1.0,DSAT01,SUT08
2026-01-26,Dress - Rose,173.0,DSAT0-XL,Finished product,Second,APT02-CHB01-2ND-BOX-11,Storage,2.0,DSAT01,ATO08
2026-01-26,Dress - Gold,173.0,DSAT0-L,Finished product,Second,APT02-CHB01-2ND-BOX-11,Storage,2.0,DSAT01,SUT08
2026-01-26,Dress - Gold,173.0,DSAT0-2XL,Finished product,Second,APT02-CHB01-2ND-BOX-11,Storage,1.0,DSAT01,SUT08
2026-01-26,Dress - Gold,173.0,DSAT0-XL,Finished product,Second,APT02-CHB01-2ND-BOX-11,Storage,1.0,DSAT01,SUT08
2026-01-26,Dress - Rust,173.0,DSAT0-2XL,Finished product,Second,APT02-CHB01-2ND-BOX-11,Storage,2.0,DSAT01,SUT08
2026-01-26,Dress - Cream,173.0,DSAT0-XL,Finished product,Second,APT02-CHB01-2ND-BOX-11,Storage,1.0,DSAT01,ZEN08
2026-01-26,Dress - Cream,173.0,DSAT0-S,Finished product,Second,APT02-CHB01-2ND-BOX-11,Storage,6.0,DSAT01,TIL08
2026-01-26,Dress - Olive,168.0,DSAT0-XL-C,Finished product,First,APT02-CHB01-FST-BOX-23,Storage,1.0,DSAT01,COR08
2026-01-26,Pants - Mustard,173.0,PJAN0-L,Finished product,First,APT02-CHB01-FST-BOX-23,Storage,1.0,PJAN01,AVE08
2026-01-26,Pants - Mustard,173.0,PJAN0-XL,Finished product,First,APT02-CHB01-FST-BOX-23,Storage,1.0,PJAN01,AVE08
2026-01-26,Pants - Mustard,173.0,PJAN0-2XL,Finished product,First,APT02-CHB01-FST-BOX-23,Storage,1.0,PJAN01,AVE08
2026-01-26,Pants - Terracota,153.0,PHAN0-S-C,Finished product,First,APT02-CHB01-FST-BOX-23,Storage,1.0,PHAN01,COC08
2026-01-26,Dress - Yellow,173.0,DELA0-2XL,Finished product,First,APT02-CHB01-FST-BOX-23,Storage,1.0,DELA01,ROC08
2026-01-26,Dress - Noir,173.0,DTUB0-S,Finished product,First,APT02-CHB01-FST-BOX-23,Storage,1.0,DTUB01,ZEE24
2026-01-26,Dress - Blu,173.0,DSAT0-M,Finished product,Second,APT02-CHB01-2ND-BOX-11,Storage,3.0,DSAT01,SUT08
2026-01-26,Dress - Blu,173.0,DSAT0-S,Finished product,Second,APT02-CHB01-2ND-BOX-11,Storage,2.0,DSAT01,SUT08
2026-01-26,Dress - Blu,173.0,DSAT0-XS,Finished product,Second,APT02-CHB01-2ND-BOX-11,Storage,1.0,DSAT01,SUT08
2026-01-26,Dress - Blu,173.0,DSAT0-S,Finished product,Second,APT02-CHB01-2ND-BOX-11,Storage,4.0,DSAT01,COS08
2026-01-26,Dress - Blue,173.0,DSAT0-S,Finished product,Second,APT02-CHB01-2ND-BOX-11,Storage,4.0,DSAT01,YRA08
2026-01-26,Dress - Rust,173.0,DSAT0-M,Finished product,Second,APT02-CHB01-2ND-BOX-11,Storage,1.0,DSAT01,SUT08
2026-01-26,Dress - Blu,173.0,DSAT0-M,Finished product,Second,APT02-CHB01-2ND-BOX-11,Storage,1.0,DSAT01,ATO08
2026-01-26,Dress - Blue,173.0,DSAT0-XS,Finished product,Second,APT02-CHB01-2ND-BOX-10,Storage,3.0,DSAT01,YRA08
2026-01-26,Dress - Cream,173.0,DSAT0-XS,Finished product,Second,APT02-CHB01-2ND-BOX-10,Storage,1.0,DSAT01,TIL08
2026-01-26,Dress - Cream,173.0,DSAT0-M,Finished product,Second,APT02-CHB01-2ND-BOX-10,Storage,2.0,DSAT01,TIL08
2026-01-26,Dress - Rust,165.0,DLAL0-M-C,Finished product,First,APT02-CHB01-FST-BOX-23,Storage,1.0,DLAL01,CHI08
2026-01-26,Dress - Noir,173.0,DSAT0-2XL,Finished product,First,APT02-CHB01-FST-BOX-23,Storage,1.0,DSAT01,SIE08
2026-01-26,Dress - Noir,160.0,DSAT0-M-C,Finished product,First,APT02-CHB01-FST-BOX-23,Storage,1.0,DSAT01,LAV08
2026-01-26,Dress - Vert,160.0,DNAI0-2XL-C,Finished product,First,APT02-CHB01-FST-BOX-23,Storage,1.0,DNAI01,BEL08
2026-01-26,Dress - Ivory,165.0,DSAT0-XS-C,Finished product,First,APT02-CHB01-FST-BOX-23,Storage,1.0,DSAT01,LUZ08
2026-01-26,Top - Olive,,TJAI0-M,Finished product,First,APT02-CHB01-FST-BOX-23,Storage,1.0,TJAI01,COR08
2026-01-26,Top - Terracota,,TMIIA0-S,Finished product,First,APT02-CHB01-FST-BOX-23,Storage,1.0,TMIIA01,COC08
2026-01-27,Dress - Vert,173.0,DFAN0-2XL,Finished product,Second,APT02-CHB01-2ND-BOX-14,Storage,10.0,DFAN01,SAL08
2026-01-27,Dress - Vert,173.0,DFAN0-L,Finished product,Second,APT02-CHB01-2ND-BOX-14,Storage,3.0,DFAN01,SAL08
2026-01-27,Dress - Vert,173.0,DFAN0-XL,Finished product,Second,APT02-CHB01-2ND-BOX-14,Storage,0.0,DFAN01,SAL08
2026-01-27,Dress - Vert,173.0,DFAN0-M,Finished product,Second,APT02-CHB01-2ND-BOX-14,Storage,3.0,DFAN01,SAL08
2026-01-27,Dress - Vert,173.0,DFAN0-3XL,Finished product,Second,APT02-CHB01-2ND-BOX-14,Storage,1.0,DFAN01,SAL08
2026-01-27,Dress - Vert,173.0,DFAN0-2XL,Finished product,Second,APT02-CHB01-2ND-BOX-14,Storage,1.0,DFAN01,SAL08
2026-01-27,Dress - Vert,173.0,DFAN0-S,Finished product,Second,APT02-CHB01-2ND-BOX-14,Storage,1.0,DFAN01,SAL08
2026-01-26,Dress - Blu,173.0,DSAT0-S,Finished product,Second,APT02-CHB01-2ND-BOX-11,Storage,1.0,DSAT01,BAT08
2026-01-26,Dress - Blu,173.0,DSAT0-M,Finished product,Second,APT02-CHB01-2ND-BOX-11,Storage,1.0,DSAT01,ATO08
2026-01-26,Dress - Vert,173.0,DSAT0-S,Finished product,Second,APT02-CHB01-2ND-BOX-12,Storage,32.0,DSAT01,SAL08
2026-01-26,Dress - Vert,173.0,DSAT0-XS,Finished product,Second,APT02-CHB01-2ND-BOX-12,Storage,7.0,DSAT01,SAL08
2026-01-26,Dress - Gold,173.0,DMAY0-2XL,Finished product,Second,APT02-CHB01-2ND-BOX-54,Storage,6.0,DMAY01,FIO08
2026-01-26,Dress - Gold,173.0,DMAY0-L,Finished product,Second,APT02-CHB01-2ND-BOX-13,Storage,20.0,DMAY01,FIO08
2026-01-26,Dress - Gold,173.0,DMAY0-M,Finished product,Second,APT02-CHB01-2ND-BOX-13,Storage,10.0,DMAY01,FIO08
2026-01-26,Dress - Gold,173.0,DMAY0-XL,Finished product,Second,APT02-CHB01-2ND-BOX-13,Storage,23.0,DMAY01,FIO08
2026-01-26,Dress - Gold,173.0,DMAY0-XS,Finished product,Second,APT02-CHB01-2ND-BOX-8,Storage,6.0,DMAY01,FIO08
2026-01-27,Dress - Gold,173.0,DMAY0-3XL,Finished product,Second,APT02-CHB01-2ND-BOX-8,Storage,8.0,DMAY01,FIO08
2026-01-27,Dress - Cream,173.0,DFAN0-L,Finished product,Second,APT02-CHB01-2ND-BOX-14,Storage,8.0,DFAN01,TIL08
2026-01-27,Dress - Cream,173.0,DFAN0-S,Finished product,Second,APT02-CHB01-2ND-BOX-14,Storage,7.0,DFAN01,TIL08
2026-01-27,Dress - Cream,173.0,DFAN0-M,Finished product,Second,APT02-CHB01-2ND-BOX-14,Storage,5.0,DFAN01,TIL08
2026-01-27,Dress - Vert,173.0,DFAN0-XS,Finished product,Second,APT02-CHB01-2ND-BOX-14,Storage,1.0,DFAN01,SAL08
2026-01-27,Dress - Vert,173.0,DFAN0-2XL,Finished product,Second,APT02-CHB01-2ND-BOX-14,Storage,1.0,DFAN01,SAL08
2026-01-27,Dress - Cream,173.0,DFAN0-2XL,Finished product,Second,APT02-CHB01-2ND-BOX-14,Storage,2.0,DFAN01,TIL08
2026-01-27,Dress - Cream,173.0,DFAN0-XL,Finished product,Second,APT02-CHB01-2ND-BOX-14,Storage,2.0,DFAN01,TIL08
2026-01-29,Skirt - Cream,173.0,YLYS0-M,Finished product,Second,APT02-CHB01-2ND-BOX-15,Storage,28.0,YLYS01,TIL08
2026-01-29,Skirt - Cream,173.0,YLYS0-L,Finished product,Second,APT02-CHB01-2ND-BOX-15,Storage,7.0,YLYS01,TIL08
2026-01-29,Skirt - Cream,173.0,YLYS0-3XL,Finished product,Second,APT02-CHB01-2ND-BOX-15,Storage,3.0,YLYS01,TIL08
2026-01-29,Skirt - Cream,173.0,YLYS0-XS,Finished product,Second,APT02-CHB01-2ND-BOX-15,Storage,3.0,YLYS01,TIL08
2026-01-29,Skirt - Cream,173.0,YLYS0-S,Finished product,Second,APT02-CHB01-2ND-BOX-15,Storage,2.0,YLYS01,TIL08
2026-01-29,Skirt - Cream,173.0,YLYS0-XL,Finished product,Second,APT02-CHB01-2ND-BOX-15,Storage,1.0,YLYS01,TIL08
2026-01-29,Skirt - Cream,173.0,YLYS0-2XL,Finished product,Second,APT02-CHB01-2ND-BOX-15,Storage,1.0,YLYS01,TIL08
2026-01-29,Dress - Vert,173.0,DSAT0-M,Finished product,Second,APT02-CHB01-2ND-BOX-15,Storage,12.0,DSAT01,SAL08
2026-01-29,Dress - Vert,173.0,DSAT0-L,Finished product,Second,APT02-CHB01-2ND-BOX-15,Storage,7.0,DSAT01,SAL08
2026-01-29,Dress - Vert,173.0,DSAT0-S,Finished product,Second,APT02-CHB01-2ND-BOX-15,Storage,8.0,DSAT01,SAL08
2026-01-29,Dress - Vert,173.0,DSAT0-2XL,Finished product,Second,APT02-CHB01-2ND-BOX-15,Storage,5.0,DSAT01,SAL08
2026-01-29,Dress - Vert,173.0,DSAT0-3XL,Finished product,Second,APT02-CHB01-2ND-BOX-15,Storage,3.0,DSAT01,SAL08
2026-01-29,Dress - Vert,173.0,DSAT0-XL,Finished product,Second,APT02-CHB01-2ND-BOX-15,Storage,4.0,DSAT01,SAL08
2026-01-29,Dress - Vert,173.0,DSAT0-XS,Finished product,Second,APT02-CHB01-2ND-BOX-15,Storage,4.0,DSAT01,SAL08
2026-01-29,Pants - Vert,173.0,PLEE0-XS,Finished product,Second,APT02-CHB01-2ND-BOX-16,Storage,8.0,PLEE01,SAL08
2026-01-29,Pants - Vert,173.0,PLEE0-S,Finished product,Second,APT02-CHB01-2ND-BOX-16,Storage,8.0,PLEE01,SAL08
2026-01-29,Pants - Vert,173.0,PLEE0-M,Finished product,Second,APT02-CHB01-2ND-BOX-16,Storage,1.0,PLEE01,SAL08
2026-01-29,Pants - Vert,173.0,PLEE0-2XL,Finished product,Second,APT02-CHB01-2ND-BOX-16,Storage,11.0,PLEE01,SAL08
2026-01-29,Pants - Vert,173.0,PLEE0-XL,Finished product,Second,APT02-CHB01-2ND-BOX-16,Storage,9.0,PLEE01,SAL08
2026-01-29,Pants - Vert,173.0,PLEE0-3XL,Finished product,Second,APT02-CHB01-2ND-BOX-16,Storage,1.0,PLEE01,SAL08
2026-01-29,Pants - Cream,173.0,PLEE0-XL,Finished product,Second,APT02-CHB01-2ND-BOX-16,Storage,8.0,PLEE01,TIL08
2026-01-29,Pants - Cream,173.0,PLEE0-M,Finished product,Second,APT02-CHB01-2ND-BOX-16,Storage,7.0,PLEE01,TIL08
2026-01-29,Pants - Cream,173.0,PLEE0-3XL,Finished product,Second,APT02-CHB01-2ND-BOX-16,Storage,2.0,PLEE01,TIL08
2026-01-29,Pants - Cream,173.0,PLEE0-2XL,Finished product,Second,APT02-CHB01-2ND-BOX-16,Storage,4.0,PLEE01,TIL08
2026-01-29,Pants - Cream,173.0,PLEE0-L,Finished product,Second,APT02-CHB01-2ND-BOX-16,Storage,4.0,PLEE01,TIL08
2026-01-29,Pants - Cream,173.0,PLEE0-S,Finished product,Second,APT02-CHB01-2ND-BOX-16,Storage,2.0,PLEE01,TIL08
2026-01-29,Pants - Cream,173.0,PLEE0-XS,Finished product,Second,APT02-CHB01-2ND-BOX-16,Storage,2.0,PLEE01,TIL08
2026-01-29,Pants - Black,173.0,PLEE1-L,Finished product,Second,APT02-CHB01-2ND-BOX-16,Storage,5.0,PLEE11,LIN08
2026-01-29,Pants - Black,173.0,PLEE1-XS,Finished product,Second,APT02-CHB01-2ND-BOX-16,Storage,3.0,PLEE11,LIN08
2026-01-29,Pants - Black,173.0,PLEE1-S,Finished product,Second,APT02-CHB01-2ND-BOX-16,Storage,3.0,PLEE11,LIN08
2026-01-29,Pants - Black,173.0,PLEE1-XL,Finished product,Second,APT02-CHB01-2ND-BOX-16,Storage,1.0,PLEE11,LIN08
2026-01-29,Pants - White,173.0,PLEE0-XS,Finished product,Second,APT02-CHB01-2ND-BOX-17,Storage,3.0,PLEE01,ZEN08
2026-01-29,Pants - White,173.0,PLEE0-S,Finished product,Second,APT02-CHB01-2ND-BOX-17,Storage,2.0,PLEE01,ZEN08
2026-01-29,Pants - White,173.0,PLEE0-M,Finished product,Second,APT02-CHB01-2ND-BOX-17,Storage,6.0,PLEE01,ZEN08
2026-01-29,Pants - White,173.0,PLEE0-XL,Finished product,Second,APT02-CHB01-2ND-BOX-17,Storage,1.0,PLEE01,ZEN08
2026-01-29,Pants - Noir,173.0,PLEE0-2XL,Finished product,Second,APT02-CHB01-2ND-BOX-17,Storage,3.0,PLEE01,HER08
2026-01-29,Pants - Noir,173.0,PLEE0-3XL,Finished product,Second,APT02-CHB01-2ND-BOX-17,Storage,1.0,PLEE01,HER08
2026-01-29,Pants - Noir,173.0,PLEE0-XS,Finished product,Second,APT02-CHB01-2ND-BOX-17,Storage,1.0,PLEE01,HER08
2026-01-29,Pants - Navy,173.0,PLEE0-L,Finished product,Second,APT02-CHB01-2ND-BOX-17,Storage,3.0,PLEE01,COS08
2026-01-29,Pants - Navy,173.0,PLEE0-XL,Finished product,Second,APT02-CHB01-2ND-BOX-17,Storage,2.0,PLEE01,COS08
2026-01-29,Pants - Navy,173.0,PLEE0-S,Finished product,Second,APT02-CHB01-2ND-BOX-17,Storage,1.0,PLEE01,COS08
2026-01-29,Pants - Rust,173.0,PLEE0-L,Finished product,Second,APT02-CHB01-2ND-BOX-17,Storage,8.0,PLEE01,SOL14
2026-01-29,Pants - Rust,173.0,PLEE0-S,Finished product,Second,APT02-CHB01-2ND-BOX-17,Storage,3.0,PLEE01,SOL14
2026-01-29,Pants - Rust,173.0,PLEE0-XS,Finished product,Second,APT02-CHB01-2ND-BOX-17,Storage,2.0,PLEE01,SOL14
2026-01-29,Pants - Gold,173.0,PLEE0-S,Finished product,Second,APT02-CHB01-2ND-BOX-17,Storage,4.0,PLEE01,TEX08
2026-01-29,Pants - Gold,173.0,PLEE0-XS,Finished product,Second,APT02-CHB01-2ND-BOX-17,Storage,2.0,PLEE01,TEX08
2026-01-29,Pants - Gold,173.0,PLEE0-3XL,Finished product,Second,APT02-CHB01-2ND-BOX-17,Storage,4.0,PLEE01,TEX08
2026-01-29,Pants - Gold,173.0,PLEE0-2XL,Finished product,Second,APT02-CHB01-2ND-BOX-17,Storage,1.0,PLEE01,TEX08
2026-01-29,Pants - Noir,173.0,PLEE0-M,Finished product,Second,APT02-CHB01-2ND-BOX-17,Storage,1.0,PLEE01,SOL14
2026-01-29,Pants - Noir,173.0,PLEE0-XS,Finished product,Second,APT02-CHB01-2ND-BOX-17,Storage,1.0,PLEE01,SOL14
2026-01-29,Pants - Noir,173.0,PLEE0-S,Finished product,Second,APT02-CHB01-2ND-BOX-17,Storage,2.0,PLEE01,SOL14
2026-01-29,Pants - Navy,173.0,PLEE0-XS,Finished product,Second,APT02-CHB01-2ND-BOX-17,Storage,1.0,PLEE01,SOL14
2026-01-29,Pants - Black,173.0,PLEE0-S,Finished product,Second,APT02-CHB01-2ND-BOX-17,Storage,5.0,PLEE01,SOK08
2026-01-29,Pants - Black,173.0,PLEE0-XS,Finished product,Second,APT02-CHB01-2ND-BOX-17,Storage,1.0,PLEE01,SOK08
2026-01-29,Pants - Black,173.0,PLEE0-L,Finished product,Second,APT02-CHB01-2ND-BOX-17,Storage,1.0,PLEE01,SOK08
2026-01-29,Pants - Black,173.0,PLEE0-M,Finished product,Second,APT02-CHB01-2ND-BOX-17,Storage,1.0,PLEE01,SOK08
2026-01-29,Pants - Black,173.0,PLEE0-XL,Finished product,Second,APT02-CHB01-2ND-BOX-17,Storage,1.0,PLEE01,SOK08
2026-01-29,Pants - Navy,173.0,PLEE0-2XL,Finished product,Second,APT02-CHB01-2ND-BOX-17,Storage,2.0,PLEE01,COS08
2026-01-29,Pants - Vert,173.0,PLEE0-3XL,Finished product,Second,APT02-CHB01-2ND-BOX-17,Storage,1.0,PLEE01,ZEE24
2026-01-29,Pants - Olive,173.0,PLEE0-XS,Finished product,Second,APT02-CHB01-2ND-BOX-17,Storage,1.0,PLEE01,AYE29
2026-01-29,Pants - Vert,173.0,PLEE0-S,Finished product,Second,APT02-CHB01-2ND-BOX-17,Storage,1.0,PLEE01,ZEE24
2026-01-29,Pants - Vert,163.0,PLEE0-M-C,Finished product,Second,APT02-CHB01-2ND-BOX-17,Storage,1.0,PLEE01,ZEE24
2026-01-29,Pants - Black,173.0,PLEE0-XS,Finished product,Second,APT02-CHB01-2ND-BOX-17,Storage,5.0,PLEE01,SUT08
2026-01-29,Pants - Black,173.0,PLEE0-S,Finished product,Second,APT02-CHB01-2ND-BOX-17,Storage,1.0,PLEE01,SUT08
2026-01-29,Pants - Black,173.0,PLEE0-L,Finished product,Second,APT02-CHB01-2ND-BOX-17,Storage,1.0,PLEE01,SUT08
2026-01-29,Pants - Rust,173.0,PLEE0-XS,Finished product,Second,APT02-CHB01-2ND-BOX-17,Storage,2.0,PLEE01,SUT08
2026-01-29,Pants - Rust,173.0,PLEE0-S,Finished product,Second,APT02-CHB01-2ND-BOX-17,Storage,1.0,PLEE01,SUT08
2026-01-29,Pants - Rust,173.0,PLEE0-L,Finished product,Second,APT02-CHB01-2ND-BOX-17,Storage,1.0,PLEE01,SUT08
2026-01-29,Pants - Gold,173.0,PLEE0-S,Finished product,Second,APT02-CHB01-2ND-BOX-17,Storage,1.0,PLEE01,SUT08
2026-01-29,Pants - Gold,173.0,PLEE0-M,Finished product,Second,APT02-CHB01-2ND-BOX-17,Storage,1.0,PLEE01,SUT08
2026-01-29,Dress - Gold,173.0,DMAY0-2XL,Finished product,Second,APT02-CHB01-2ND-BOX-18,Storage,11.0,DMAY01,TEX08
2026-01-29,Dress - Gold,173.0,DMAY0-S,Finished product,Second,APT02-CHB01-2ND-BOX-18,Storage,5.0,DMAY01,TEX08
2026-01-29,Dress - Gold,173.0,DMAY0-XS,Finished product,Second,APT02-CHB01-2ND-BOX-18,Storage,8.0,DMAY01,TEX08
2026-01-29,Dress - Gold,173.0,DMAY0-3XL,Finished product,Second,APT02-CHB01-2ND-BOX-18,Storage,2.0,DMAY01,TEX08
2026-01-29,Dress - Gold,173.0,DMAY0-XL,Finished product,Second,APT02-CHB01-2ND-BOX-18,Storage,3.0,DMAY01,TEX08
2026-01-29,Dress - Gold,173.0,DMAY0-M,Finished product,Second,APT02-CHB01-2ND-BOX-18,Storage,1.0,DMAY01,TEX08
2026-01-29,Pants - Rose,173.0,PLEE0-2XL,Finished product,Second,APT02-CHB01-2ND-BOX-49,Storage,1.0,PLEE01,ATO08
2026-01-29,Pants - Rose,173.0,PLEE0-S,Finished product,Second,APT02-CHB01-2ND-BOX-18,Storage,1.0,PLEE01,ATO08
2026-01-29,Pants - Rose,173.0,PLEE0-L,Finished product,Second,APT02-CHB01-2ND-BOX-49,Storage,1.0,PLEE01,BLO08
2026-01-29,Pants - Rose,173.0,PLEE0-XS,Finished product,Second,APT02-CHB01-2ND-BOX-49,Storage,1.0,PLEE01,BLO08
2026-01-29,Pants - Teal,173.0,PLEE0-L,Finished product,Second,APT02-CHB01-2ND-BOX-18,Storage,1.0,PLEE01,BLO08
2026-01-29,Pants - Teal,173.0,PLEE0-S,Finished product,Second,APT02-CHB01-2ND-BOX-49,Storage,1.0,PLEE01,BLO08
2026-01-29,Pants - Cream,173.0,PLEE0-XS,Finished product,Second,APT02-CHB01-2ND-BOX-49,Storage,2.0,PLEE01,ZEN08
2026-01-29,Pants - Cream,173.0,PLEE0-S,Finished product,Second,APT02-CHB01-2ND-BOX-49,Storage,1.0,PLEE01,ZEN08
2026-01-29,Pants - Cream,183.0,PLEE0-2XL-C,Finished product,Second,APT02-CHB01-2ND-BOX-49,Storage,1.0,PLEE01,ZEN08
2026-01-29,Pants - Blu,173.0,PLEE0-S,Finished product,Second,APT02-CHB01-2ND-BOX-49,Storage,2.0,PLEE01,SUT08
2026-01-29,Skirt - Cream,173.0,YSEU0-XSS,Finished product,Second,APT02-CHB01-2ND-BOX-19,Storage,26.0,YSEU01,TIL08
2026-01-29,Skirt - Cream,173.0,YSEU0-ML,Finished product,Second,APT02-CHB01-2ND-BOX-19,Storage,1.0,YSEU01,TIL08
2026-01-29,Skirt - Cream,173.0,YSEU0-XL,Finished product,Second,APT02-CHB01-2ND-BOX-19,Storage,5.0,YSEU01,TIL08
2026-01-29,Skirt - Teal,173.0,YSEU0-ML,Finished product,Second,APT02-CHB01-2ND-BOX-19,Storage,4.0,YSEU01,BLO08
2026-01-29,Skirt - Rose,173.0,YSEU0-2XL,Finished product,Second,APT02-CHB01-2ND-BOX-19,Storage,1.0,YSEU01,BLO08
2026-01-29,Skirt - Aqua,173.0,YSEU0-XSS,Finished product,Second,APT02-CHB01-2ND-BOX-19,Storage,2.0,YSEU01,PLA08
2026-01-29,Skirt - Aqua,173.0,YSEU0-ML,Finished product,Second,APT02-CHB01-2ND-BOX-19,Storage,1.0,YSEU01,PLA08
2026-01-29,Skirt - Aqua,173.0,YSEU0-2XL,Finished product,Second,APT02-CHB01-2ND-BOX-19,Storage,1.0,YSEU01,PLA08
2026-01-29,Skirt - Aqua,173.0,YSEU0-3XL,Finished product,Second,APT02-CHB01-2ND-BOX-19,Storage,1.0,YSEU01,PLA08
2026-01-29,Skirt - Noir,173.0,YSEU0-XSS,Finished product,Second,APT02-CHB01-2ND-BOX-19,Storage,0.0,YSEU01,HER08
2026-01-29,Skirt - Noir,173.0,YSEU0-XL,Finished product,Second,APT02-CHB01-2ND-BOX-19,Storage,1.0,YSEU01,HER08
2026-01-29,Skirt - Noir,173.0,YSEU0-2XL,Finished product,Second,APT02-CHB01-2ND-BOX-19,Storage,1.0,YSEU01,HER08
2026-01-29,Skirt - Navy,173.0,YSEU0-ML,Finished product,Second,APT02-CHB01-2ND-BOX-19,Storage,4.0,YSEU01,COS08
2026-01-29,Skirt - Navy,173.0,YSEU0-XL,Finished product,Second,APT02-CHB01-2ND-BOX-19,Storage,3.0,YSEU01,COS08
2026-01-29,Skirt - Navy,173.0,YSEU0-2XL,Finished product,Second,APT02-CHB01-2ND-BOX-19,Storage,3.0,YSEU01,COS08
2026-01-29,Skirt - Gold,173.0,YSEU0-XSS,Finished product,Second,APT02-CHB01-2ND-BOX-19,Storage,5.0,YSEU01,FIO08
2026-01-29,Skirt - Gold,173.0,YSEU0-ML,Finished product,Second,APT02-CHB01-2ND-BOX-19,Storage,1.0,YSEU01,FIO08
2026-01-29,Skirt - Gold,173.0,YSEU0-2XL,Finished product,Second,APT02-CHB01-2ND-BOX-19,Storage,3.0,YSEU01,FIO08
2026-01-29,Skirt - Noir,173.0,YSEU0-XL,Finished product,Second,APT02-CHB01-2ND-BOX-19,Storage,2.0,YSEU01,ABS08
2026-01-29,Skirt - Rose,173.0,YSEU0-XSS,Finished product,Second,APT02-CHB01-2ND-BOX-19,Storage,0.0,YSEU01,ATO08
2026-01-29,Kimono - Rust,173.0,KMIN0-2XL,Finished product,Second,APT02-CHB01-2ND-BOX-22,Storage,1.0,KMIN01,SUT08
2026-01-29,Kimono - Rust,173.0,KMIN0-3XL,Finished product,Second,APT02-CHB01-2ND-BOX-22,Storage,1.0,KMIN01,SUT08
2026-01-29,Kimono - Gold,173.0,KMIN0-XL,Finished product,Second,APT02-CHB01-2ND-BOX-22,Storage,1.0,KMIN01,SUT08
2026-01-29,Kimono - Gold,173.0,KMIN0-ML,Finished product,Second,APT02-CHB01-2ND-BOX-22,Storage,1.0,KMIN01,SUT08
2026-01-29,Kimono - Gold,173.0,KMIN0-3XL,Finished product,Second,APT02-CHB01-2ND-BOX-22,Storage,1.0,KMIN01,SUT08
2026-01-29,Kimono - Vert,173.0,KMIN0-XSS,Finished product,Second,APT02-CHB01-2ND-BOX-22,Storage,1.0,KMIN01,ZEE24
2026-01-29,Kimono - Blu,173.0,KMIN0-3XL,Finished product,Second,APT02-CHB01-2ND-BOX-22,Storage,1.0,KMIN01,LAV08
2026-01-29,Dress - blue,173.0,DSAT0-XL,Finished product,Second,APT02-CHB01-2ND-BOX-20,Storage,1.0,DSAT01,YRA08
2026-01-29,Dress - blue,173.0,DSAT0-3XL,Finished product,Second,APT02-CHB01-2ND-BOX-20,Storage,1.0,DSAT01,YRA08
2026-01-29,Dress - blue,173.0,DSAT0-M,Finished product,Second,APT02-CHB01-2ND-BOX-20,Storage,1.0,DSAT01,YRA08
2026-01-29,Dress - blue,173.0,DSAT0-XS,Finished product,Second,APT02-CHB01-2ND-BOX-20,Storage,1.0,DSAT01,YRA08
2026-01-29,Dress - Rose,173.0,DSAT0-L,Finished product,Second,APT02-CHB01-2ND-BOX-20,Storage,1.0,DSAT01,ATO08
2026-01-29,Dress - Rose,173.0,DSAT0-XL,Finished product,Second,APT02-CHB01-2ND-BOX-20,Storage,1.0,DSAT01,ATO08
2026-01-29,Dress - Rose,173.0,DSAT0-3XL,Finished product,Second,APT02-CHB01-2ND-BOX-20,Storage,1.0,DSAT01,ATO08
2026-01-29,Dress - Blu,173.0,DSAT0-S,Finished product,Second,APT02-CHB01-2ND-BOX-20,Storage,2.0,DSAT01,COS08
2026-01-29,Dress - Blu,173.0,DSAT0-M,Finished product,Second,APT02-CHB01-2ND-BOX-20,Storage,2.0,DSAT01,COS08
2026-01-29,Dress - Blu,173.0,DSAT0-L,Finished product,Second,APT02-CHB01-2ND-BOX-20,Storage,2.0,DSAT01,COS08
2026-01-29,Dress - Blu,173.0,DSAT0-2XL,Finished product,Second,APT02-CHB01-2ND-BOX-20,Storage,1.0,DSAT01,COS08
2026-01-29,Dress - Blu,173.0,DSAT0-XS,Finished product,Second,APT02-CHB01-2ND-BOX-20,Storage,1.0,DSAT01,COS08
2026-01-29,Dress - Rust,173.0,DSAT0-L,Finished product,Second,APT02-CHB01-2ND-BOX-20,Storage,1.0,DSAT01,SUT08
2026-01-29,Dress - Rust,173.0,DSAT0-XL,Finished product,Second,APT02-CHB01-2ND-BOX-20,Storage,1.0,DSAT01,SUT08
2026-01-29,Dress - Rust,173.0,DSAT0-S,Finished product,Second,APT02-CHB01-2ND-BOX-20,Storage,1.0,DSAT01,SUT08
2026-01-29,Dress - Rust,173.0,DSAT0-XS,Finished product,Second,APT02-CHB01-2ND-BOX-20,Storage,1.0,DSAT01,SUT08
2026-01-29,Dress - Noir,173.0,DSAT0-M,Finished product,Second,APT02-CHB01-2ND-BOX-20,Storage,2.0,DSAT01,SCR08
2026-01-29,Dress - Noir,173.0,DSAT0-XS,Finished product,Second,APT02-CHB01-2ND-BOX-20,Storage,2.0,DSAT01,SCR08
2026-01-29,Dress - Noir,173.0,DSAT0-3XL,Finished product,Second,APT02-CHB01-2ND-BOX-20,Storage,1.0,DSAT01,SCR08
2026-01-29,Dress - Noir,173.0,DSAT0-XL,Finished product,Second,APT02-CHB01-2ND-BOX-20,Storage,1.0,DSAT01,SCR08
2026-01-29,Dress - Noir,173.0,DSAT0-S,Finished product,Second,APT02-CHB01-2ND-BOX-20,Storage,2.0,DSAT01,SCR08
2026-01-29,Dress - Noir,173.0,DSAT0-M,Finished product,Second,APT02-CHB01-2ND-BOX-20,Storage,3.0,DSAT01,HER08
2026-01-29,Dress - Noir,173.0,DSAT0-XL,Finished product,Second,APT02-CHB01-2ND-BOX-20,Storage,3.0,DSAT01,HER08
2026-01-29,Dress - Noir,173.0,DSAT0-S,Finished product,Second,APT02-CHB01-2ND-BOX-20,Storage,2.0,DSAT01,HER08
2026-01-29,Dress - Noir,173.0,DSAT0-XS,Finished product,Second,APT02-CHB01-2ND-BOX-20,Storage,2.0,DSAT01,HER08
2026-01-29,Dress - Noir,173.0,DSAT0-L,Finished product,Second,APT02-CHB01-2ND-BOX-20,Storage,1.0,DSAT01,HER08
2026-01-29,Dress - Noir,173.0,DSAT0-3XL,Finished product,Second,APT02-CHB01-2ND-BOX-20,Storage,2.0,DSAT01,HER08
2026-01-29,Pants - Cream,173.0,PLEE0-2XL,Finished product,Second,APT02-CHB01-2ND-BOX-20,Storage,1.0,PLEE01,GAR08
2026-01-29,Pants - Cream,173.0,PLEE0-S,Finished product,Second,APT02-CHB01-2ND-BOX-20,Storage,1.0,PLEE01,GAR08
2026-01-29,Pants - Blu,173.0,PLEE0-3XL,Finished product,Second,APT02-CHB01-2ND-BOX-20,Storage,1.0,PLEE01,LAV08
2026-01-29,Pants - Cream,173.0,PLEE0-XS,Finished product,Second,APT02-CHB01-2ND-BOX-20,Storage,1.0,PLEE01,SOL14
2026-01-29,Pants - Orange,173.0,PLEE0-M,Finished product,Second,APT02-CHB01-2ND-BOX-20,Storage,1.0,PLEE01,ARB08
2026-01-29,Pants - Blanc,173.0,PLEE0-XS,Finished product,Second,APT02-CHB01-2ND-BOX-20,Storage,1.0,PLEE01,DHA20
2026-01-29,Pants - Orange,173.0,PLEE0-S,Finished product,Second,APT02-CHB01-2ND-BOX-20,Storage,1.0,PLEE01,BEL12
2026-01-29,Pants - White,173.0,PLEE0-XS,Finished product,Second,APT02-CHB01-2ND-BOX-20,Storage,1.0,PLEE01,NDA08
2026-01-29,Pants - Blue,173.0,PLEE0-XS,Finished product,Second,APT02-CHB01-2ND-BOX-20,Storage,1.0,PLEE01,KAI08
2026-01-29,Pants - Rust,173.0,PLEE0-XS,Finished product,Second,APT02-CHB01-2ND-BOX-20,Storage,1.0,PLEE01,SUT08
2026-01-29,Pants - Rust,173.0,PLEE0-S,Finished product,Second,APT02-CHB01-2ND-BOX-20,Storage,1.0,PLEE01,DHA20
2026-01-29,Dress - Blu,173.0,DSAT0-S,Finished product,Second,APT02-CHB01-2ND-BOX-20,Storage,1.0,DSAT01,SUT08
2026-01-29,Dress - Blu,173.0,DSAT0-XS,Finished product,Second,APT02-CHB01-2ND-BOX-20,Storage,1.0,DSAT01,SUT08
2026-01-29,Dress - Gold,173.0,DSAT0-XL,Finished product,Second,APT02-CHB01-2ND-BOX-20,Storage,1.0,DSAT01,SUT08
2026-01-29,Dress - Teal,173.0,DSAT0-XS,Finished product,Second,APT02-CHB01-2ND-BOX-20,Storage,1.0,DSAT01,BLO08
2026-01-29,Dress - Blu,173.0,DSAT0-2XL,Finished product,Second,APT02-CHB01-2ND-BOX-20,Storage,1.0,DSAT01,ATO08
2026-01-29,Dress - Noir,173.0,DSAT0-3XL,Finished product,Second,APT02-CHB01-2ND-BOX-20,Storage,1.0,DSAT01,ALI08
2026-01-29,Dress - Gold,173.0,DSAT0-XS,Finished product,Second,APT02-CHB01-2ND-BOX-20,Storage,1.0,DSAT01,DHA20
2026-01-29,Dress - Noir,173.0,DSAT0-M,Finished product,Second,APT02-CHB01-2ND-BOX-20,Storage,1.0,DSAT01,LAV08
2026-01-30,Jumpsuit - Noir,173.0,JUMY0-L,Finished product,Second,APT02-CHB01-2ND-BOX-21,Storage,12.0,JUMY01,SOL14
2026-01-30,Jumpsuit - Noir,173.0,JUMY0-XL,Finished product,Second,APT02-CHB01-2ND-BOX-21,Storage,2.0,JUMY01,SOL14
2026-01-30,Jumpsuit - Noir,173.0,JUMY0-XS,Finished product,Second,APT02-CHB01-2ND-BOX-21,Storage,0.0,JUMY01,SOL14
2026-01-30,Jumpsuit - Noir,173.0,JUMY0-2XL,Finished product,Second,APT02-CHB01-2ND-BOX-21,Storage,1.0,JUMY01,SOL14
2026-01-30,Jumpsuit - Noir,173.0,JUMY0-S,Finished product,Second,APT02-CHB01-2ND-BOX-21,Storage,1.0,JUMY01,SOL14
2026-01-30,Jumpsuit - Noir,173.0,JUMY0-XS,Finished product,Second,APT02-CHB01-2ND-BOX-21,Storage,1.0,JUMY01,SOL14
2026-01-30,jumpsuit - blue,173.0,JUMY0-M,Finished product,Second,APT02-CHB01-2ND-BOX-21,Storage,2.0,JUMY01,YRA08
2026-01-30,jumpsuit - blue,173.0,JUMY0-XL,Finished product,Second,APT02-CHB01-2ND-BOX-21,Storage,2.0,JUMY01,YRA08
2026-01-30,jumpsuit - blue,173.0,JUMY0-3XL,Finished product,Second,APT02-CHB01-2ND-BOX-21,Storage,2.0,JUMY01,YRA08
2026-01-30,jumpsuit - blue,173.0,JUMY0-2XL,Finished product,Second,APT02-CHB01-2ND-BOX-21,Storage,1.0,JUMY01,YRA08
2026-01-30,jumpsuit - blue,173.0,JUMY0-L,Finished product,Second,APT02-CHB01-2ND-BOX-21,Storage,1.0,JUMY01,YRA08
2026-01-30,jumpsuit - blue,173.0,JUMY0-S,Finished product,Second,APT02-CHB01-2ND-BOX-21,Storage,1.0,JUMY01,YRA08
2026-01-30,jumpsuit - blue,163.0,JUMY0-S-C,Finished product,Second,APT02-CHB01-2ND-BOX-21,Storage,1.0,JUMY01,YRA08
2026-01-30,jumpsuit - blue,161.0,JUMY0-XS-C,Finished product,Second,APT02-CHB01-2ND-BOX-21,Storage,1.0,JUMY01,YRA08
2026-01-30,jumpsuit - Vert,173.0,JUMYO-L,Finished product,Second,APT02-CHB01-2ND-BOX-21,Storage,2.0,JUMYO1,SAL08
2026-01-30,jumpsuit - Vert,173.0,JUMYO-XL,Finished product,Second,APT02-CHB01-2ND-BOX-21,Storage,1.0,JUMYO1,SAL08
2026-01-30,Jumpsuit - Blanc,173.0,JUMY0-M,Finished product,Second,APT02-CHB01-2ND-BOX-21,Storage,3.0,JUMY01,SOL10
2026-01-30,Jumpsuit - Blanc,173.0,JUMY0-L,Finished product,Second,APT02-CHB01-2ND-BOX-21,Storage,1.0,JUMY01,SOL10
2026-01-30,Jumpsuit - Blanc,173.0,JUMY0-S,Finished product,Second,APT02-CHB01-2ND-BOX-21,Storage,1.0,JUMY01,SOL10
2026-01-30,Jumpsuit - Teal,173.0,JUMY0-M,Finished product,Second,APT02-CHB01-2ND-BOX-21,Storage,1.0,JUMY01,SOL14
2026-01-30,Jumpsuit - Teal,173.0,JUMY0-2XL,Finished product,Second,APT02-CHB01-2ND-BOX-22,Storage,1.0,JUMY01,SOL14
2026-01-30,Kimono - Cream,173.0,KMIN0-2XL,Finished product,Second,APT02-CHB01-2ND-BOX-22,Storage,8.0,KMIN01,TIL08
2026-01-30,Kimono - Cream,173.0,KMIN0-ML,Finished product,Second,APT02-CHB01-2ND-BOX-22,Storage,3.0,KMIN01,TIL08
2026-01-30,Kimono - Cream,173.0,KMIN0-3XL,Finished product,Second,APT02-CHB01-2ND-BOX-22,Storage,2.0,KMIN01,TIL08
2026-01-30,Kimono - Cream,173.0,KMIN0-2XL,Finished product,Second,APT02-CHB01-2ND-BOX-22,Storage,1.0,KMIN01,TIL08
2026-01-30,Kimono - Teal,173.0,KMIN0-ML,Finished product,Second,APT02-CHB01-2ND-BOX-22,Storage,2.0,KMIN01,BLO08
2026-01-30,Kimono - Teal,173.0,KMIN0-XSS,Finished product,Second,APT02-CHB01-2ND-BOX-22,Storage,5.0,KMIN01,BLO08
2026-01-30,Kimono - Teal,173.0,KMIN0-2XL,Finished product,Second,APT02-CHB01-2ND-BOX-22,Storage,1.0,KMIN01,BLO08
2026-01-30,Kimono - yellow,173.0,KMIN1-ML,Finished product,Second,APT02-CHB01-2ND-BOX-22,Storage,4.0,KMIN11,ANA08
2026-01-30,Kimono - yellow,173.0,KMIN1-XSS,Finished product,Second,APT02-CHB01-2ND-BOX-22,Storage,1.0,KMIN11,ANA08
2026-01-30,Kimono - Noir,173.0,KMIN0-XSS,Finished product,Second,APT02-CHB01-2ND-BOX-22,Storage,1.0,KMIN01,HER08
2026-01-30,Kimono - Noir,173.0,KMIN0-2XL,Finished product,Second,APT02-CHB01-2ND-BOX-22,Storage,1.0,KMIN01,HER08
2026-01-30,Kimono - Noir,173.0,KMIN0-XL,Finished product,Second,APT02-CHB01-2ND-BOX-22,Storage,1.0,KMIN01,HER08
2026-01-30,Kimono - Blu,173.0,KMIN0-3XL,Finished product,Second,APT02-CHB01-2ND-BOX-22,Storage,1.0,KMIN01,BAT08
2026-01-30,jumpsuit - Vert,173.0,JUMY0-XS,Finished product,Second,APT02-CHB01-2ND-BOX-22,Storage,1.0,JUMY01,BEL08
2026-01-30,jumpsuit - Blu,173.0,JUMY0-XL,Finished product,Second,APT02-CHB01-2ND-BOX-22,Storage,1.0,JUMY01,RAY08
2026-01-30,jumpsuit - Noir,173.0,JUMY0-XS,Finished product,Second,APT02-CHB01-2ND-BOX-22,Storage,1.0,JUMY01,TUK08
2026-01-30,jumpsuit - Black,173.0,JUMY0-S,Finished product,Second,APT02-CHB01-2ND-BOX-22,Storage,1.0,JUMY01,LIN08
2026-01-30,jumpsuit - White,173.0,JUMY1-XL,Finished product,Second,APT02-CHB01-2ND-BOX-22,Storage,1.0,JUMY11,ZEN08
2026-01-30,jumpsuit - Rose,173.0,JUMY0-XS,Finished product,Second,APT02-CHB01-2ND-BOX-22,Storage,1.0,JUMY01,ABS08
2026-01-30,Jumpsuit - Salmon,173.0,JUMY0-XL,Finished product,Second,APT02-CHB01-2ND-BOX-22,Storage,1.0,JUMY01,SOL10
2026-01-30,Jumpsuit - Rust,173.0,JUMY0-S,Finished product,Second,APT02-CHB01-2ND-BOX-22,Storage,1.0,JUMY01,SOL14
2026-02-02,Skirt - Vert,173.0,YSEU0-ML,Finished product,Second,APT02-CHB01-2ND-BOX-19,Storage,1.0,YSEU01,NAR08
2026-02-02,Skirt - Teal,173.0,YSEU0-XSS,Finished product,Second,APT02-CHB01-2ND-BOX-19,Storage,1.0,YSEU01,SOL14
2026-02-02,Skirt - Vert,173.0,YSEU0-XL,Finished product,Second,APT02-CHB01-2ND-BOX-19,Storage,1.0,YSEU01,ZEE24
2026-02-02,Cape - Blue,173.0,OWRA1-OS,Finished product,First,APT02-CHB01-FST-BOX-5,Destocking,-1.0,OWRA11,SOL17
2026-02-02,Cape - Cream,173.0,OWRA1-OS,Finished product,First,APT02-CHB01-FST-BOX-21,Destocking,-1.0,OWRA11,SOL17
2026-02-02,Dress - Orange,173.0,DLAL0-XL,Finished product,Second,APT02-CHB01-2ND-BOX-19,Storage,3.0,DLAL01,ARB08
2026-02-02,Dress - Orange,173.0,DLAL0-2XL,Finished product,Second,APT02-CHB01-2ND-BOX-19,Storage,1.0,DLAL01,ARB08
2026-02-02,Dress - Orange,173.0,DLAL0-3XL,Finished product,Second,APT02-CHB01-2ND-BOX-19,Storage,1.0,DLAL01,ARB08
2026-02-02,Dress - Blu,173.0,DLAL0-2XL,Finished product,Second,APT02-CHB01-2ND-BOX-19,Storage,1.0,DLAL01,COS08
2026-02-02,Dress - Blu,173.0,DLAL0-S,Finished product,Second,APT02-CHB01-2ND-BOX-19,Storage,1.0,DLAL01,COS08
2026-02-02,Dress - Blu,173.0,DLAL0-XS,Finished product,Second,APT02-CHB01-2ND-BOX-19,Storage,1.0,DLAL01,COS08
2026-02-02,Dress - Noir,173.0,DLAL0-XL,Finished product,Second,APT02-CHB01-2ND-BOX-19,Storage,1.0,DLAL01,ALI08
2026-02-02,Dress - Noir,173.0,DLAL0-3XL,Finished product,Second,APT02-CHB01-2ND-BOX-19,Storage,0.0,DLAL01,ALI08
2026-02-02,Dress - Teal,173.0,DLAL0-L,Finished product,Second,APT02-CHB01-2ND-BOX-19,Storage,1.0,DLAL01,WAL08
2026-02-02,Dress - Teal,173.0,DLAL0-2XL,Finished product,Second,APT02-CHB01-2ND-BOX-19,Storage,2.0,DLAL01,WAL08
2026-02-02,Dress - Rose,173.0,DLAL0-L,Finished product,Second,APT02-CHB01-2ND-BOX-19,Storage,1.0,DLAL01,SAL08
2026-02-02,Dress - Rose,173.0,DLAL0-2XL,Finished product,Second,APT02-CHB01-2ND-BOX-19,Storage,1.0,DLAL01,BAT08
2026-02-02,Dress - Mustard,173.0,DLAL0-3XL,Finished product,Second,APT02-CHB01-2ND-BOX-19,Storage,1.0,DLAL01,ZEE24
2026-02-02,Dress - Noir,173.0,DMAI0-S,Finished product,Second,APT02-CHB01-2ND-BOX-26,Storage,5.0,DMAI01,HER08
2026-02-02,Dress - Noir,173.0,DMAI0-XS,Finished product,Second,APT02-CHB01-2ND-BOX-26,Storage,3.0,DMAI01,HER08
2026-02-02,Dress - Noir,173.0,DMAI0-XL,Finished product,Second,APT02-CHB01-2ND-BOX-26,Storage,3.0,DMAI01,HER08
2026-02-02,Dress - Noir,173.0,DMAI0-M,Finished product,Second,APT02-CHB01-2ND-BOX-26,Storage,2.0,DMAI01,HER08
2026-02-02,Dress - Noir,173.0,DMAI0-2XL,Finished product,Second,APT02-CHB01-2ND-BOX-26,Storage,2.0,DMAI01,HER08
2026-02-02,Dress - Cream,173.0,DMAI0-2XL,Finished product,Second,APT02-CHB01-2ND-BOX-26,Storage,1.0,DMAI01,ZEN08
2026-02-02,Dress - Cream,173.0,DMAI0-3XL,Finished product,Second,APT02-CHB01-2ND-BOX-26,Storage,1.0,DMAI01,ZEN08
2026-02-02,Dress - Cream,173.0,DMAI0-S,Finished product,Second,APT02-CHB01-2ND-BOX-26,Storage,1.0,DMAI01,ZEN08
2026-02-02,Dress - rose,173.0,DMAI0-2XL,Finished product,Second,APT02-CHB01-2ND-BOX-26,Storage,1.0,DMAI01,BLO08
2026-02-02,Dress - rose,173.0,DMAI0-L,Finished product,Second,APT02-CHB01-2ND-BOX-26,Storage,1.0,DMAI01,BLO08
2026-02-02,Dress - rose,173.0,DMAI0-S,Finished product,Second,APT02-CHB01-2ND-BOX-26,Storage,1.0,DMAI01,BLO08
2026-02-02,Dress - rose,173.0,DMAI0-XL,Finished product,Second,APT02-CHB01-2ND-BOX-26,Storage,2.0,DMAI01,BLO08
2026-02-02,Dress - White,173.0,DMAI0-2XL,Finished product,Second,APT02-CHB01-2ND-BOX-26,Storage,4.0,DMAI01,SIN08
2026-02-02,Dress - White,173.0,DMAI0-M,Finished product,Second,APT02-CHB01-2ND-BOX-26,Storage,2.0,DMAI01,SIN08
2026-02-02,Dress - White,173.0,DMAI0-XS,Finished product,Second,APT02-CHB01-2ND-BOX-26,Storage,2.0,DMAI01,SIN08
2026-02-02,Dress - White,173.0,DMAI0-XL,Finished product,Second,APT02-CHB01-2ND-BOX-26,Storage,2.0,DMAI01,SIN08
2026-02-02,Dress - Gold,173.0,DMAI0-S,Finished product,Second,APT02-CHB01-2ND-BOX-26,Storage,2.0,DMAI01,FIO08
2026-02-02,Dress - Blue,173.0,DMAR0-M,Finished product,Second,APT02-CHB01-2ND-BOX-23,Storage,2.0,DMAR01,GYR08
2026-02-02,Dress - Blue,173.0,DMAR0-2XL,Finished product,Second,APT02-CHB01-2ND-BOX-23,Storage,2.0,DMAR01,GYR08
2026-02-02,Dress - Blue,173.0,DMAR0-XS,Finished product,Second,APT02-CHB01-2ND-BOX-23,Storage,2.0,DMAR01,GYR08
2026-02-02,Dress - Blue,180.0,DMAR0-2XL-C,Finished product,Second,APT02-CHB01-2ND-BOX-23,Storage,1.0,DMAR01,GYR08
2026-02-02,Dress - Noir,169.0,DMAR0-3XL-C,Finished product,Second,APT02-CHB01-2ND-BOX-23,Storage,1.0,DMAR01,SOL14
2026-02-02,Dress - Vert,173.0,DMAR0-XS,Finished product,Second,APT02-CHB01-2ND-BOX-23,Storage,1.0,DMAR01,GAR08
2026-02-02,Dress - Salmon,173.0,DMAR0-XS,Finished product,Second,APT02-CHB01-2ND-BOX-23,Storage,1.0,DMAR01,SOL10
2026-02-02,Dress - Blanc,173.0,DMAY0-XL,Finished product,Second,APT02-CHB01-2ND-BOX-23,Storage,1.0,DMAY01,SOL14
2026-02-02,Dress - Gold,173.0,DMAY0-S,Finished product,Second,APT02-CHB01-2ND-BOX-23,Storage,2.0,DMAY01,FIO08
2026-02-02,Dress - Gold,173.0,DMAY0-XL,Finished product,Second,APT02-CHB01-2ND-BOX-23,Storage,1.0,DMAY01,FIO08
2026-02-02,Dress - Noir,173.0,DMAY0-M,Finished product,Second,APT02-CHB01-2ND-BOX-23,Storage,2.0,DMAY01,SCR08
2026-02-02,Dress - Noir,173.0,DMAY0-XS,Finished product,Second,APT02-CHB01-2ND-BOX-23,Storage,1.0,DMAY01,SCR08
2026-02-02,Dress - Mustard,173.0,DMAY0-XL,Finished product,Second,APT02-CHB01-2ND-BOX-23,Storage,3.0,DMAY01,SOL14
2026-02-02,Dress - Mustard,173.0,DMAY0-S,Finished product,Second,APT02-CHB01-2ND-BOX-23,Storage,1.0,DMAY01,SOL14
2026-02-02,Dress - Teal,173.0,DMAY0-XS,Finished product,Second,APT02-CHB01-2ND-BOX-23,Storage,1.0,DMAY01,SOL14
2026-02-02,Kimono - White,173.0,KAWA0-3XL,Finished product,Second,APT02-CHB01-2ND-BOX-23,Storage,2.0,KAWA01,ZEN08
2026-02-02,Kimono - White,173.0,KAWA0-XL,Finished product,Second,APT02-CHB01-2ND-BOX-23,Storage,1.0,KAWA01,ZEN08
2026-02-02,Kimono - White,173.0,KAWA0-2XL,Finished product,Second,APT02-CHB01-2ND-BOX-23,Storage,1.0,KAWA01,ZEN08
2026-02-02,Kimono - White,173.0,KAWA0-M,Finished product,Second,APT02-CHB01-2ND-BOX-23,Storage,2.0,KAWA01,ZEN08
2026-02-02,Kimono - Black,173.0,KAWA0-2XL,Finished product,Second,APT02-CHB01-2ND-BOX-23,Storage,3.0,KAWA01,SUT08
2026-02-02,Kimono - Black,173.0,KAWA0-3XL,Finished product,Second,APT02-CHB01-2ND-BOX-23,Storage,1.0,KAWA01,SUT08
2026-02-02,Top - Vert,,TREE0-3XL,Finished product,Second,APT02-CHB01-2ND-BOX-23,Storage,2.0,TREE01,SAL08
2026-02-02,Top - Vert,,TREE0-2XL,Finished product,Second,APT02-CHB01-2ND-BOX-23,Storage,1.0,TREE01,SAL08
2026-02-02,Top - Vert,,TREE0-XS,Finished product,Second,APT02-CHB01-2ND-BOX-23,Storage,1.0,TREE01,SAL08
2026-02-02,Kimono - Teal,173.0,KBOU0-OS,Finished product,Second,APT02-CHB01-2ND-BOX-23,Storage,4.0,KBOU01,BWA08
2026-02-02,Dress - Noir,173.0,DAMA0-S,Finished product,Second,APT02-CHB01-2ND-BOX-24,Storage,3.0,DAMA01,ISL08
2026-02-02,Dress - Noir,173.0,DAMA0-M,Finished product,Second,APT02-CHB01-2ND-BOX-24,Storage,1.0,DAMA01,ISL08
2026-02-02,Dress - Aqua,173.0,DAMA0-S,Finished product,Second,APT02-CHB01-2ND-BOX-24,Storage,2.0,DAMA01,PLA08
2026-02-02,Dress - Aqua,173.0,DAMA0-M,Finished product,Second,APT02-CHB01-2ND-BOX-22,Storage,1.0,DAMA01,PLA08
2026-02-02,Dress - Rust,173.0,DAMA0-XS,Finished product,Second,APT02-CHB01-2ND-BOX-24,Storage,3.0,DAMA01,SUT08
2026-02-02,Dress - Rust,173.0,DAMA0-S,Finished product,Second,APT02-CHB01-2ND-BOX-22,Storage,1.0,DAMA01,SUT08
2026-02-02,Dress - Noir,173.0,DAMA0-XL,Finished product,Second,APT02-CHB01-2ND-BOX-24,Storage,1.0,DAMA01,ISL08
2026-02-02,Dress - Noir,173.0,DAMA0-XS,Finished product,Second,APT02-CHB01-2ND-BOX-24,Storage,1.0,DAMA01,SOL14
2026-02-02,Dress - Noir,173.0,DAMA0-XL,Finished product,Second,APT02-CHB01-2ND-BOX-22,Storage,1.0,DAMA01,SOL14
2026-02-02,Dress - Blu,173.0,DAMA0-M,Finished product,Second,APT02-CHB01-2ND-BOX-22,Storage,3.0,DAMA01,ATO08
2026-02-02,Dress - Noir,173.0,DAMA0-S,Finished product,Second,APT02-CHB01-2ND-BOX-22,Storage,1.0,DAMA01,TUK08
2026-02-02,Dress - Noir,173.0,DAMA0-M,Finished product,Second,APT02-CHB01-2ND-BOX-22,Storage,2.0,DAMA01,ABS08
2026-02-02,Dress - Cream,173.0,DKON0-3XL,Finished product,Second,APT02-CHB01-2ND-BOX-24,Storage,1.0,DKON01,TIL08
2026-02-02,Dress - Cream,173.0,DKON0-XS,Finished product,Second,APT02-CHB01-2ND-BOX-24,Storage,1.0,DKON01,TIL08
2026-02-02,Dress - Navy,173.0,DKON0-XL,Finished product,Second,APT02-CHB01-2ND-BOX-24,Storage,1.0,DKON01,COS08
2026-02-02,Dress - Rust,173.0,DKUD0-L,Finished product,Second,APT02-CHB01-2ND-BOX-24,Storage,1.0,DKUD01,SOL14
2026-02-02,Dress - Rust,173.0,DKUD0-3XL,Finished product,Second,APT02-CHB01-2ND-BOX-26,Storage,1.0,DKUD01,SOL14
2026-02-02,Dress - Rose,173.0,DKUD0-3XL,Finished product,Second,APT02-CHB01-2ND-BOX-26,Storage,1.0,DKUD01,BAT08
2026-02-02,Dress - Rose,173.0,DKUD0-M,Finished product,Second,APT02-CHB01-2ND-BOX-26,Storage,1.0,DKUD01,BAT08
2026-02-02,Dress - Blanc,173.0,DAMA0-XS,Finished product,Second,APT02-CHB01-2ND-BOX-24,Storage,1.0,DAMA01,SOL14
2026-02-02,Dress - Rose,173.0,DYAL0-S,Finished product,Second,APT02-CHB01-2ND-BOX-39,Storage,1.0,DYAL01,BAT08
2026-02-02,Dress - Rose,173.0,DYAL0-XL,Finished product,Second,APT02-CHB01-2ND-BOX-39,Storage,1.0,DYAL01,BAT08
2026-02-02,Dress - Rose,173.0,DYAL0-3XL,Finished product,Second,APT02-CHB01-2ND-BOX-39,Storage,1.0,DYAL01,BAT08
2026-02-02,Dress - (crepe),173.0,DKUD0-M,Finished product,Second,APT02-CHB01-2ND-BOX-26,Storage,1.0,DKUD01,SOL09
2026-02-02,Dress - (crepe),173.0,DGNO0-S,Finished product,Second,APT02-CHB01-2ND-BOX-26,Storage,2.0,DGNO01,SOL09
2026-02-02,Dress - Rust,173.0,DDIA0-2XL,Finished product,Second,APT02-CHB01-2ND-BOX-24,Storage,2.0,DDIA01,SOL14
2026-02-02,Dress - Rust,173.0,DDIA0-L,Finished product,Second,APT02-CHB01-2ND-BOX-24,Storage,1.0,DDIA01,SOL14
2026-02-02,Dress - Rust,173.0,DDIA0-3XL,Finished product,Second,APT02-CHB01-2ND-BOX-24,Storage,1.0,DDIA01,SOL14
2026-02-02,Dress - Rust,173.0,DDIA0-XS,Finished product,Second,APT02-CHB01-2ND-BOX-24,Storage,2.0,DDIA01,SOL14
2026-02-03,Dress - White,173.0,DTUN0-L,Finished product,Second,APT02-CHB01-2ND-BOX-24,Storage,2.0,DTUN01,SIN08
2026-02-03,Dress - White,173.0,DTUN0-XL,Finished product,Second,APT02-CHB01-2ND-BOX-24,Storage,1.0,DTUN01,SIN08
2026-02-03,Dress - White,173.0,DTUN0-2XL,Finished product,Second,APT02-CHB01-2ND-BOX-24,Storage,1.0,DTUN01,SIN08
2026-02-03,Dress - Rose,173.0,DDIA0-XS,Finished product,Second,APT02-CHB01-2ND-BOX-24,Storage,2.0,DDIA01,SAL08
2026-02-03,Dress - Rose,173.0,DDIA0-S,Finished product,Second,APT02-CHB01-2ND-BOX-24,Storage,1.0,DDIA01,SAL08
2026-02-03,Dress - Vert,173.0,DDIA0-XS,Finished product,Second,APT02-CHB01-2ND-BOX-24,Storage,1.0,DDIA01,BAT08
2026-02-03,Dress - Vert,173.0,DDIA0-3XL,Finished product,Second,APT02-CHB01-2ND-BOX-24,Storage,1.0,DDIA01,BAT08
2026-02-03,Dress - Mustard,173.0,DAMA0-XS,Finished product,Second,APT02-CHB01-2ND-BOX-24,Storage,1.0,DAMA01,ZEE24
2026-02-03,Pants - Noir,173.0,PJAN0-2XL,Finished product,Second,APT02-CHB01-2ND-BOX-49,Storage,6.0,PJAN01,ISL08
2026-02-03,Pants - Noir,173.0,PJAN0-S,Finished product,Second,APT02-CHB01-2ND-BOX-25,Storage,1.0,PJAN01,ISL08
2026-02-03,Pants - Blanc,173.0,PJAN1-XL,Finished product,Second,APT02-CHB01-2ND-BOX-24,Storage,1.0,PJAN11,RAI08
2026-02-03,Jumpsuit - Blanc,173.0,JUMY0-M,Finished product,Second,APT02-CHB01-2ND-BOX-24,Storage,1.0,JUMY01,SOL10
2026-02-03,Jumpsuit - Blanc,173.0,JUMY0-XL,Finished product,Second,APT02-CHB01-2ND-BOX-24,Storage,1.0,JUMY01,SOL10
2026-02-03,Jumpsuit - Salmon,173.0,JUMY0-S,Finished product,Second,APT02-CHB01-2ND-BOX-24,Storage,1.0,JUMY01,SOL10
2026-02-03,Jumpsuit - Salmon,173.0,JUMY0-XS,Finished product,Second,APT02-CHB01-2ND-BOX-24,Storage,2.0,JUMY01,SOL10
2026-02-03,Jumpsuit - Noir,173.0,JUMY0-2XL,Finished product,Second,APT02-CHB01-2ND-BOX-24,Storage,1.0,JUMY01,TUK08
2026-02-03,Jumpsuit - Blue,173.0,JUMY0-L,Finished product,Second,APT02-CHB01-2ND-BOX-24,Storage,1.0,JUMY01,YRA08
2026-02-03,Jumpsuit - Black,173.0,JUMY0-S,Finished product,Second,APT02-CHB01-2ND-BOX-25,Storage,1.0,JUMY01,LIN08
2026-02-03,Jumpsuit - Rose,173.0,JUMY0-XS,Finished product,Second,APT02-CHB01-2ND-BOX-24,Storage,1.0,JUMY01,ABS08
2026-02-03,Jumpsuit - Red,173.0,JUMY0-2XL,Finished product,Second,APT02-CHB01-2ND-BOX-24,Storage,1.0,JUMY01,SOL14
2026-02-03,Shorts - Black,173.0,PFEK0-3XL,Finished product,Second,APT02-CHB01-2ND-BOX-26,Storage,1.0,PFEK01,SUT08
2026-02-03,Jumpsuit - Teal,173.0,JALA0-XS,Finished product,Second,APT02-CHB01-2ND-BOX-26,Storage,2.0,JALA01,WAL08
2026-02-03,Pants - White,173.0,PHAN0-M,Finished product,Second,APT02-CHB01-2ND-BOX-26,Storage,1.0,PHAN01,NDA08
2026-02-03,Pants - Blanc,173.0,PJAN1-S,Finished product,Second,APT02-CHB01-2ND-BOX-24,Storage,1.0,PJAN11,RAI08
2026-02-03,Pants - Blanc,173.0,PJAN1-2XL,Finished product,Second,APT02-CHB01-2ND-BOX-24,Storage,1.0,PJAN11,RAI08
2026-02-03,Jumpsuit - Salmon,173.0,JALA0-S,Finished product,Second,APT02-CHB01-2ND-BOX-26,Storage,1.0,JALA01,SOL10
2026-02-03,Jumpsuit - (crepe),173.0,JLEA0-2XL,Finished product,Second,APT02-CHB01-2ND-BOX-26,Storage,1.0,JLEA01,SOL09
2026-02-03,Jumpsuit - Vert,173.0,JNAF0-XS,Finished product,Second,APT02-CHB01-2ND-BOX-26,Storage,1.0,JNAF01,ZEE24
2026-02-03,Jumpsuit - Blu,173.0,JLEA0-M,Finished product,Second,APT02-CHB01-2ND-BOX-26,Storage,1.0,JLEA01,SOL09
2026-02-03,Skirt - Cream,173.0,YYAS0-XS,Finished product,Second,APT02-CHB01-2ND-BOX-26,Storage,1.0,YYAS01,SOL14
2026-02-03,Dress - Blanc,173.0,DMAI0-S,Finished product,Second,APT02-CHB01-2ND-BOX-26,Storage,1.0,DMAI01,SOL09
2026-02-03,Dress - Gold,173.0,DMAI0-3XL,Finished product,Second,APT02-CHB01-2ND-BOX-25,Storage,1.0,DMAI01,FIO08
2026-02-03,Pants - Camel,173.0,PLEE2-S,Finished product,Second,APT02-CHB01-2ND-BOX-26,Storage,1.0,PLEE21,BIN27
2026-02-03,Dress - Noir,173.0,DAMA0-M,Finished product,Second,APT02-CHB01-2ND-BOX-24,Storage,1.0,DAMA01,ABS08
2026-02-03,Dress - Blu,173.0,DNUR0-S,Finished product,Second,APT02-CHB01-2ND-BOX-20,Storage,1.0,DNUR01,BAT08
2026-02-03,Dress - Blu,173.0,DNUR0-2XL,Finished product,Second,APT02-CHB01-2ND-BOX-20,Storage,1.0,DNUR01,BAT08
2026-02-03,Dress - Rose,173.0,DDAL0-XS,Finished product,Second,APT02-CHB01-2ND-BOX-20,Storage,1.0,DDAL01,ATO08
2026-02-03,Dress - Rose,173.0,DDAL0-L,Finished product,Second,APT02-CHB01-2ND-BOX-20,Storage,1.0,DDAL01,ATO08
2026-02-03,Dress - Vert,164.0,DNAI0-S-C,Finished product,Second,APT02-CHB01-2ND-BOX-20,Storage,1.0,DNAI01,BEL08
2026-02-03,Dress - Gold,173.0,DNAI0-M,Finished product,Second,APT02-CHB01-2ND-BOX-20,Storage,1.0,DNAI01,DHA20
2026-02-03,Dress - Blu,173.0,DNAI0-XS,Finished product,Second,APT02-CHB01-2ND-BOX-20,Storage,1.0,DNAI01,PAL08
2026-02-03,Dress - Gold,173.0,DMAI0-2XL,Finished product,Second,APT02-CHB01-2ND-BOX-26,Storage,1.0,DMAI01,FIO08
2026-02-03,Dress - Gold,173.0,DMAI0-3XL,Finished product,Second,APT02-CHB01-2ND-BOX-26,Storage,2.0,DMAI01,FIO08
2026-02-03,Dress - Gold,173.0,DMAI0-L,Finished product,Second,APT02-CHB01-2ND-BOX-26,Storage,1.0,DMAI01,FIO08
2026-02-03,Dress - White,173.0,DMAI0-3XL,Finished product,Second,APT02-CHB01-2ND-BOX-26,Storage,2.0,DMAI01,ZEN08
2026-02-03,Dress - White,173.0,DMAI0-S,Finished product,Second,APT02-CHB01-2ND-BOX-26,Storage,1.0,DMAI01,ZEN08
2026-02-03,Dress - White,173.0,DMAI0-2XL,Finished product,Second,APT02-CHB01-2ND-BOX-26,Storage,2.0,DMAI01,ZEN08
2026-02-03,Dress - White,173.0,DMAI0-XL,Finished product,Second,APT02-CHB01-2ND-BOX-26,Storage,2.0,DMAI01,ZEN08
2026-02-03,Dress - White,173.0,DMAI0-XS,Finished product,Second,APT02-CHB01-2ND-BOX-26,Storage,1.0,DMAI01,ZEN08
2026-02-03,Dress - Blu,173.0,DMAI0-3XL,Finished product,Second,APT02-CHB01-2ND-BOX-26,Storage,2.0,DMAI01,ARI08
2026-02-03,Dress - Gold,173.0,DMAI0-XS,Finished product,Second,APT02-CHB01-2ND-BOX-26,Storage,1.0,DMAI01,FIO08
2026-02-03,Dress - Blu,173.0,DMAI0-XS,Finished product,Second,APT02-CHB01-2ND-BOX-26,Storage,1.0,DMAI01,ARI08
2026-02-03,Dress - Gold,173.0,DMAI0-2XL,Finished product,Second,APT02-CHB01-2ND-BOX-26,Storage,1.0,DMAI01,SUT08
2026-02-03,Dress - Gold,173.0,DMAI0-S,Finished product,Second,APT02-CHB01-2ND-BOX-26,Storage,2.0,DMAI01,SUT08
2026-02-03,Dress - Mustard,173.0,DMAI0-M,Finished product,Second,APT02-CHB01-2ND-BOX-26,Storage,1.0,DMAI01,SOL14
2026-02-03,Dress - Mustard,173.0,DMAI0-S,Finished product,Second,APT02-CHB01-2ND-BOX-26,Storage,1.0,DMAI01,SOL14
2026-02-03,Dress - Noir,173.0,DMAI0-XS,Finished product,Second,APT02-CHB01-2ND-BOX-26,Storage,0.0,DMAI01,SCR08
2026-02-03,Dress - Mustard,173.0,DMAI0-XS,Finished product,Second,APT02-CHB01-2ND-BOX-26,Storage,1.0,DMAI01,JAR08
2026-02-03,Dress - Coral,173.0,DMAI0-S,Finished product,Second,APT02-CHB01-2ND-BOX-26,Storage,1.0,DMAI01,SOL18
2026-02-03,Dress - Blanc,176.0,DMAY0-XS-C,Finished product,Second,APT02-CHB01-2ND-BOX-25,Storage,1.0,DMAY01,SOL14
2026-02-03,Dress - Noir,173.0,DNAI0-L,Finished product,Second,APT02-CHB01-2ND-BOX-20,Storage,1.0,DNAI01,LUZ08
2026-02-03,Dress - Olive,173.0,DTUB1-S,Finished product,First,APT02-CHB01-FST-BOX-23,Storage,3.0,DTUB11,VIV40
2026-02-03,Dress - Olive,173.0,DTUB1-M,Finished product,First,APT02-CHB01-FST-BOX-23,Storage,3.0,DTUB11,VIV40
2026-02-03,Dress - Olive,173.0,DTUB1-L,Finished product,First,APT02-CHB01-FST-BOX-23,Storage,2.0,DTUB11,VIV40
2026-02-03,Dress - Noir,173.0,DRAY0-S,Finished product,First,APT02-CHB01-FST-BOX-23,Storage,2.0,DRAY01,NAL40
2026-02-03,Dress - Noir,173.0,DRAY0-M,Finished product,First,APT02-CHB01-FST-BOX-23,Storage,2.0,DRAY01,NAL40
2026-02-03,Dress - Olive,173.0,DRAY0-S,Finished product,First,APT02-CHB01-FST-BOX-23,Storage,2.0,DRAY01,OMB40
2026-02-03,Dress - Olive,173.0,DRAY0-M,Finished product,First,APT02-CHB01-FST-BOX-23,Storage,1.0,DRAY01,OMB40
2026-02-03,Dress - Olive,173.0,DNAJ0-M,Finished product,First,APT02-CHB01-FST-BOX-23,Storage,1.0,DNAJ01,TOI32
2026-02-03,Top - Navy,,TULY0-S,Finished product,First,APT02-CHB01-FST-BOX-23,Storage,1.0,TULY01,RAZ32
2026-02-03,Top - Navy,,TULY0-M,Finished product,First,APT02-CHB01-FST-BOX-23,Storage,1.0,TULY01,RAZ32
2026-02-03,Dress - Olive,173.0,DTUB1-S,Finished product,First,APT02-CHB01-FST-BOX-23,Destocking,-2.0,DTUB11,VIV40
2026-02-03,Dress - Olive,173.0,DTUB1-M,Finished product,First,APT02-CHB01-FST-BOX-23,Destocking,-3.0,DTUB11,VIV40
2026-02-03,Dress - Olive,173.0,DTUB1-L,Finished product,First,APT02-CHB01-FST-BOX-23,Destocking,-2.0,DTUB11,VIV40
2026-02-03,Dress - Blu,173.0,DOAN0-M,Finished product,Second,APT02-CHB01-2ND-BOX-24,Storage,1.0,DOAN01,ARI08
2026-02-03,Dress - Blu,173.0,DOAN0-L,Finished product,Second,APT02-CHB01-2ND-BOX-24,Storage,1.0,DOAN01,ARI08
2026-02-03,Dress - Mustard,173.0,DNEN0-XL,Finished product,Second,APT02-CHB01-2ND-BOX-24,Storage,1.0,DNEN01,ZEE24
2026-02-03,Skirt - Blanc,173.0,YLAA0-XS,Finished product,Second,APT02-CHB01-2ND-BOX-26,Storage,1.0,YLAA01,BIJ28
2026-02-03,Jumpsuit - noir,173.0,JKAI0-XS,Finished product,Second,APT02-CHB01-2ND-BOX-25,Storage,1.0,JKAI01,ISL08
2026-02-03,Dress - Gold,160.0,DANJ0-XS-C,Finished product,Second,APT02-CHB01-2ND-BOX-24,Storage,1.0,DANJ01,DHA20
2026-02-03,Dress - Noir,173.0,DNIS0-XS,Finished product,Second,APT02-CHB01-2ND-BOX-25,Storage,1.0,DNIS01,ALI08
2026-02-03,Dress - Gold,173.0,DEDE0-XS,Finished product,Second,APT02-CHB01-2ND-BOX-25,Storage,1.0,DEDE01,DHA20
2026-02-03,Dress - Noir,173.0,DSAN0-2XL,Finished product,Second,APT02-CHB01-2ND-BOX-24,Storage,2.0,DSAN01,ALI08
2026-02-03,Dress - Noir,173.0,DUDA0-XS,Finished product,Second,APT02-CHB01-2ND-BOX-24,Storage,1.0,DUDA01,SOL09
2026-02-03,Dress - Fuchsia,163.0,DNAI0-XS-C,Finished product,Second,APT02-CHB01-2ND-BOX-24,Storage,1.0,DNAI01,ZEE24
2026-02-03,Dress - Fuchsia,173.0,DDAL0-XL,Finished product,Second,APT02-CHB01-2ND-BOX-25,Storage,1.0,DDAL01,ZEE24
2026-02-03,Dress - Blanc,173.0,DKUD0-S,Finished product,Second,APT02-CHB01-2ND-BOX-25,Storage,1.0,DKUD01,SOL16
2026-02-03,Dress - Mustard,173.0,DNEN0-XL,Finished product,Second,APT02-CHB01-2ND-BOX-25,Storage,0.0,DNEN01,ZEE24
2026-02-03,Dress - Blu,173.0,DDAL0-M,Finished product,Second,APT02-CHB01-2ND-BOX-24,Storage,1.0,DDAL01,ZAH23
2026-02-03,Dress - Blu,173.0,DMYR0-L,Finished product,Second,APT02-CHB01-2ND-BOX-25,Storage,1.0,DMYR01,ZAH23
2026-02-03,Dress - Noir,176.0,DDAL0-S-C,Finished product,Second,APT02-CHB01-2ND-BOX-24,Storage,1.0,DDAL01,ZEE24
2026-02-03,Dress - Mustard,173.0,DYAL0-3XL,Finished product,Second,APT02-CHB01-2ND-BOX-24,Storage,1.0,DYAL01,ZEE24
2026-02-03,Dress - Mustard,173.0,DRHE0-S,Finished product,Second,APT02-CHB01-2ND-BOX-25,Storage,1.0,DRHE01,ZEE24
2026-02-03,Dress - Copper,173.0,DFAR0-XS,Finished product,Second,APT02-CHB01-2ND-BOX-24,Storage,1.0,DFAR01,AYE29
2026-02-03,Jumpsuit - Rose,173.0,JKAI0-XL,Finished product,Second,APT02-CHB01-2ND-BOX-25,Storage,1.0,JKAI01,ATO08
2026-02-03,Dress - Vert,173.0,DNIS0-S,Finished product,Second,APT02-CHB01-2ND-BOX-25,Storage,1.0,DNIS01,BAT08
2026-02-03,Dress - Noir,173.0,DNIS0-S,Finished product,Second,APT02-CHB01-2ND-BOX-25,Storage,1.0,DNIS01,ALI08
2026-02-03,Dress - Blanc,173.0,DKUD0-XS,Finished product,Second,APT02-CHB01-2ND-BOX-25,Storage,1.0,DKUD01,SOL16
2026-02-03,Kimono - Orange,173.0,KSIR0-S,Finished product,Second,APT02-CHB01-2ND-BOX-23,Storage,1.0,KSIR01,BEL12
2026-02-03,Kimono - Blu,173.0,KSIR0-M,Finished product,Second,APT02-CHB01-2ND-BOX-23,Storage,1.0,KSIR01,ARI08
2026-02-03,Kimono - Rose,173.0,KSIR0-S,Finished product,Second,APT02-CHB01-2ND-BOX-23,Storage,1.0,KSIR01,ABS12
2026-02-03,Kimono - Blu,173.0,KCAB0-ML,Finished product,Second,APT02-CHB01-2ND-BOX-23,Storage,1.0,KCAB01,SWI12
2026-02-03,Kimono - Cream,173.0,KAWA0-S,Finished product,Second,APT02-CHB01-2ND-BOX-23,Storage,1.0,KAWA01,ZEN08
2026-02-03,Dress - Mustard,150.0,DNEN0-S-C,Finished product,Second,APT02-CHB01-2ND-BOX-24,Storage,1.0,DNEN01,ZEE24
2026-02-04,Top - Black,173.0,TFAT0-M,Finished product,Second,APT02-CHB01-2ND-BOX-27,Storage,2.0,TFAT01,LIN08
2026-02-04,Top - Black,173.0,TFAT0-2XL,Finished product,Second,APT02-CHB01-2ND-BOX-27,Storage,1.0,TFAT01,LIN08
2026-02-04,Top - Black,173.0,TFAT0-3XL,Finished product,Second,APT02-CHB01-2ND-BOX-27,Storage,3.0,TFAT01,LIN08
2026-02-04,Top - Cream,173.0,TZAN0-2XL,Finished product,Second,APT02-CHB01-2ND-BOX-27,Storage,3.0,TZAN01,TIL08
2026-02-04,Top - Cream,173.0,TZAN0-XS,Finished product,Second,APT02-CHB01-2ND-BOX-27,Storage,4.0,TZAN01,TIL08
2026-02-04,Top - Cream,173.0,TZAN0-S,Finished product,Second,APT02-CHB01-2ND-BOX-27,Storage,3.0,TZAN01,TIL08
2026-02-04,Top - Cream,173.0,TZAN0-L,Finished product,Second,APT02-CHB01-2ND-BOX-27,Storage,1.0,TZAN01,TIL08
2026-02-04,Top - Gold,173.0,TAJA0-3XL,Finished product,Second,APT02-CHB01-2ND-BOX-27,Storage,1.0,TAJA01,FIO08
2026-02-04,Top - Gold,173.0,TAJA0-XS,Finished product,Second,APT02-CHB01-2ND-BOX-27,Storage,1.0,TAJA01,FIO08
2026-02-04,Top - Gold,173.0,TAJA0-M,Finished product,Second,APT02-CHB01-2ND-BOX-27,Storage,1.0,TAJA01,FIO08
2026-02-04,Top - Rust,173.0,TAID0-S,Finished product,Second,APT02-CHB01-2ND-BOX-27,Storage,2.0,TAID01,SOL14
2026-02-04,Top - Rust,173.0,TAID0-L,Finished product,Second,APT02-CHB01-2ND-BOX-27,Storage,1.0,TAID01,SOL14
2026-02-04,Top - Rust,173.0,TAID0-2XL,Finished product,Second,APT02-CHB01-2ND-BOX-27,Storage,1.0,TAID01,SOL14
2026-02-04,Top - Rust,173.0,TAID0-3XL,Finished product,Second,APT02-CHB01-2ND-BOX-46,Storage,1.0,TAID01,SOL14
2026-02-04,Top - Teal,173.0,TWAI0-3XL,Finished product,Second,APT02-CHB01-2ND-BOX-27,Storage,1.0,TWAI01,BAO08
2026-02-04,Top - Teal,173.0,TWAI0-2XL,Finished product,Second,APT02-CHB01-2ND-BOX-27,Storage,1.0,TWAI01,BAO08
2026-02-04,Top - Teal,173.0,TWAI0-XS,Finished product,Second,APT02-CHB01-2ND-BOX-27,Storage,0.0,TWAI01,BAO08
2026-02-04,Top - Navy,173.0,TSAR0-XS,Finished product,Second,APT02-CHB01-2ND-BOX-27,Storage,3.0,TSAR01,COS08
2026-02-04,Top - Noir,173.0,TNAK0-S,Finished product,Second,APT02-CHB01-2ND-BOX-27,Storage,1.0,TNAK01,HER08
2026-02-04,Top - Gold,173.0,TEVA0-3XL,Finished product,Second,APT02-CHB01-2ND-BOX-27,Storage,2.0,TEVA01,TEX08
2026-02-04,Top - Aqua,173.0,TNAK0-XS,Finished product,Second,APT02-CHB01-2ND-BOX-27,Storage,1.0,TNAK01,PLA08
2026-02-04,Top - Aqua,173.0,TNAK0-M,Finished product,Second,APT02-CHB01-2ND-BOX-27,Storage,1.0,TNAK01,PLA08
2026-02-04,Top - (crepe),173.0,TMOR0-S,Finished product,Second,APT02-CHB01-2ND-BOX-27,Storage,1.0,TMOR01,SOL09
2026-02-04,Top - (crepe),173.0,TMOR0-XL,Finished product,Second,APT02-CHB01-2ND-BOX-27,Storage,1.0,TMOR01,SOL09
2026-02-04,Top - Rust,173.0,TSAH0-XS,Finished product,Second,APT02-CHB01-2ND-BOX-27,Storage,3.0,TSAH01,SOL14
2026-02-04,Top - Rust,173.0,TSAH0-S,Finished product,Second,APT02-CHB01-2ND-BOX-27,Storage,1.0,TSAH01,SOL14
2026-02-04,Top - Blanc,173.0,TKIN0-M,Finished product,Second,APT02-CHB01-2ND-BOX-27,Storage,1.0,TKIN01,RAI08
2026-02-04,Top - Blanc,173.0,TKIN0-3XL,Finished product,Second,APT02-CHB01-2ND-BOX-27,Storage,1.0,TKIN01,RAI08
2026-02-04,Top - Blanc,173.0,TKIN0-XL,Finished product,Second,APT02-CHB01-2ND-BOX-27,Storage,1.0,TKIN01,RAI08
2026-02-04,Top - Blanc,173.0,TKIN0-M,Finished product,Second,APT02-CHB01-2ND-BOX-27,Storage,1.0,TKIN01,SOL14
2026-02-04,Top - Noir,173.0,TZAN0-S,Finished product,Second,APT02-CHB01-2ND-BOX-27,Storage,1.0,TZAN01,LUZ08
2026-02-04,Top - Teal,173.0,TSAH1-3XL,Finished product,Second,APT02-CHB01-2ND-BOX-27,Storage,1.0,TSAH11,BAO08
2026-02-04,Top - Teal,173.0,TZAN0-S,Finished product,Second,APT02-CHB01-2ND-BOX-27,Storage,1.0,TZAN01,SOL14
2026-02-04,Top - White,173.0,TWAI0-M,Finished product,Second,APT02-CHB01-2ND-BOX-27,Storage,1.0,TWAI01,NDA08
2026-02-04,Top - Blu,173.0,TINA0-L,Finished product,Second,APT02-CHB01-2ND-BOX-27,Storage,1.0,TINA01,ZAH23
2026-02-04,Top - Coral,173.0,TWAI0-S,Finished product,Second,APT02-CHB01-2ND-BOX-27,Storage,1.0,TWAI01,LIN08
2026-02-04,Top - Blanc,173.0,TWAI0-XS,Finished product,Second,APT02-CHB01-2ND-BOX-27,Storage,1.0,TWAI01,SOL16
2026-02-04,Top - Navy,173.0,TWAI0-S,Finished product,Second,APT02-CHB01-2ND-BOX-27,Storage,1.0,TWAI01,TAO25
2026-02-04,Top - Blu,173.0,TINA0-L,Finished product,Second,APT02-CHB01-2ND-BOX-27,Storage,1.0,TINA01,SWI08
2026-02-04,Top - Vert,173.0,TLAM0-XL,Finished product,Second,APT02-CHB01-2ND-BOX-27,Storage,1.0,TLAM01,PAL08
2026-02-04,top - Fuchsia,173.0,TRIT0-S,Finished product,Second,APT02-CHB01-2ND-BOX-27,Storage,1.0,TRIT01,ZEE24
2026-02-04,Dress - Black,173.0,DAST1-S,Finished product,Second,APT02-CHB01-2ND-BOX-27,Storage,1.0,DAST11,SUT08
2026-02-04,Headwrap - Navy,173.0,XMOU0-S,Finished product,Second,APT02-CHB01-2ND-BOX-27,Storage,1.0,XMOU01,TAO25
2026-02-04,Headwrap - Cream,173.0,XMOU0-S,Finished product,Second,APT02-CHB01-2ND-BOX-27,Storage,1.0,XMOU01,GAR08
2026-02-04,Headwrap - Rose,173.0,XMOU0-S,Finished product,Second,APT02-CHB01-2ND-BOX-27,Storage,1.0,XMOU01,SAL08
2026-02-04,Headwrap - noir,173.0,XMOU0-S,Finished product,Second,APT02-CHB01-2ND-BOX-27,Storage,1.0,XMOU01,ISL08
2026-02-04,Headwrap - Rust,173.0,XMOU0-S,Finished product,Second,APT02-CHB01-2ND-BOX-27,Storage,1.0,XMOU01,SCR08
2026-02-04,Headwrap - Vert,173.0,XMOU0-L,Finished product,Second,APT02-CHB01-2ND-BOX-27,Storage,1.0,XMOU01,PAL08
2026-02-04,Dress - Noir,173.0,DMAY0-M,Finished product,Second,APT02-CHB01-2ND-BOX-22,Storage,4.0,DMAY01,SCR08
2026-02-04,Dress - Noir,173.0,DMAY0-2XL,Finished product,Second,APT02-CHB01-2ND-BOX-17,Storage,9.0,DMAY01,SCR08
2026-02-04,Dress - Noir,173.0,DMAY0-S,Finished product,Second,APT02-CHB01-2ND-BOX-26,Storage,4.0,DMAY01,SCR08
2026-02-04,Dress - Noir,173.0,DMAY0-L,Finished product,Second,APT02-CHB01-2ND-BOX-26,Storage,2.0,DMAY01,SCR08
2026-02-04,Dress - Noir,173.0,DMAY0-XS,Finished product,Second,APT02-CHB01-2ND-BOX-26,Storage,2.0,DMAY01,SCR08
2026-02-04,Dress - Noir,173.0,DMAY0-3XL,Finished product,Second,APT02-CHB01-2ND-BOX-26,Storage,1.0,DMAY01,SCR08
2026-02-04,Dress - Noir,173.0,DMAY0-XL,Finished product,Second,APT02-CHB01-2ND-BOX-26,Storage,1.0,DMAY01,SCR08
2026-02-05,Dress - Navy,173.0,DSAT0-M,Finished product,First,APT02-CHB01-FST-BOX-22,Destocking,-1.0,DSAT01,SOL14
2026-03-02,Dress - mustard,173.0,DMAI0-XS,Finished product,First,APT02-CHB01-FST-BOX-25,Storage,1.0,DMAI01,SOL14
2026-03-02,Dress - mustard,173.0,DMAI0-S,Finished product,First,APT02-CHB01-FST-BOX-25,Storage,4.0,DMAI01,SOL14
2026-03-02,Dress - mustard,173.0,DMAI0-M,Finished product,First,APT02-CHB01-FST-BOX-25,Storage,6.0,DMAI01,SOL14
2026-03-02,Dress - mustard,173.0,DMAI0-L,Finished product,First,APT02-CHB01-FST-BOX-25,Storage,2.0,DMAI01,SOL14
2026-03-02,Dress - mustard,173.0,DMAI0-XL,Finished product,First,APT02-CHB01-FST-BOX-25,Storage,1.0,DMAI01,SOL14
2026-03-02,Dress - mustard,173.0,DMAI0-2XL,Finished product,First,APT02-CHB01-FST-BOX-25,Storage,1.0,DMAI01,SOL14
2026-02-05,Top - Cream,173.0,TZAN0-2XL,Finished product,Second,APT02-CHB01-2ND-BOX-48,Storage,2.0,TZAN01,TIL08
2026-02-05,Top - Cream,173.0,TZAN0-3XL,Finished product,Second,APT02-CHB01-2ND-BOX-48,Storage,1.0,TZAN01,TIL08
2026-02-05,Dress - Cream,173.0,DFAN0-M,Finished product,Second,APT02-CHB01-2ND-BOX-53,Storage,1.0,DFAN01,TIL08
2026-02-05,Dress - Cream,173.0,DFAN0-3XL,Finished product,Second,APT02-CHB01-2ND-BOX-53,Storage,1.0,DFAN01,TIL08
2026-02-05,Pants - Black,173.0,PLEE0-XL,Finished product,Second,APT02-CHB01-2ND-BOX-4,Storage,11.0,PLEE01,SOK08
2026-02-05,Pants - Cream,173.0,PLEE0-L,Finished product,Second,APT02-CHB01-2ND-BOX-4,Storage,1.0,PLEE01,TIL08
2026-02-05,Dress - Blu,173.0,DNUR0-XL,Finished product,Second,APT02-CHB01-2ND-BOX-50,Storage,5.0,DNUR01,BAT08
2026-02-05,Dress - Blu,173.0,DNUR0-2XL,Finished product,Second,APT02-CHB01-2ND-BOX-50,Storage,5.0,DNUR01,BAT08
2026-02-05,Dress - Blu,173.0,DNUR0-L,Finished product,Second,APT02-CHB01-2ND-BOX-50,Storage,2.0,DNUR01,BAT08
2026-02-05,Dress - Blu,173.0,DNUR0-XS,Finished product,Second,APT02-CHB01-2ND-BOX-50,Storage,1.0,DNUR01,BAT08
2026-02-06,Dress - Blue,173.0,DMAR0-XL,Finished product,Second,APT02-CHB01-2ND-BOX-34,Storage,14.0,DMAR01,GYR08
2026-02-06,Dress - Blue,173.0,DMAR0-M,Finished product,Second,APT02-CHB01-2ND-BOX-34,Storage,3.0,DMAR01,GYR08
2026-02-06,Dress - Blue,173.0,DMAR0-2XL,Finished product,Second,APT02-CHB01-2ND-BOX-34,Storage,7.0,DMAR01,GYR08
2026-02-06,Dress - Gold,173.0,DMAI0-XS,Finished product,Second,APT02-CHB01-2ND-BOX-33,Storage,20.0,DMAI01,SUT08
2026-02-06,Dress - Gold,173.0,DMAI0-M,Finished product,Second,APT02-CHB01-2ND-BOX-43,Storage,6.0,DMAI01,SUT08
2026-02-06,Dress - Gold,173.0,DMAI0-2XL,Finished product,Second,APT02-CHB01-2ND-BOX-44,Storage,6.0,DMAI01,SUT08
2026-02-06,Dress - Teal,173.0,DLAL0-3XL,Finished product,Second,APT02-CHB01-2ND-BOX-40,Storage,2.0,DLAL01,WAL08
2026-02-06,Dress - Teal,173.0,DLAL0-2XL,Finished product,Second,APT02-CHB01-2ND-BOX-40,Storage,1.0,DLAL01,WAL08
2026-02-06,Dress - Teal,173.0,DLAL0-XS,Finished product,Second,APT02-CHB01-2ND-BOX-40,Storage,1.0,DLAL01,WAL08
2026-02-06,Dress - Teal,173.0,DLAL0-XL,Finished product,Second,APT02-CHB01-2ND-BOX-40,Storage,1.0,DLAL01,WAL08
2026-02-06,Pants - Cream,173.0,PLEE0-3XL,Finished product,Second,APT02-CHB01-2ND-BOX-4,Storage,3.0,PLEE01,TIL08
2026-02-06,Dress - Blue,173.0,DMAR0-3XL,Finished product,Second,APT02-CHB01-2ND-BOX-32,Storage,2.0,DMAR01,GYR08
2026-02-06,Dress - Blue,173.0,DMAR0-L,Finished product,Second,APT02-CHB01-2ND-BOX-32,Storage,6.0,DMAR01,GYR08
2026-02-06,Dress - Gold,173.0,DMAI0-XL,Finished product,Second,APT02-CHB01-2ND-BOX-43,Storage,8.0,DMAI01,SUT08
2026-02-06,Dress - Gold,173.0,DMAI0-3XL,Finished product,Second,APT02-CHB01-2ND-BOX-44,Storage,3.0,DMAI01,SUT08
2026-02-06,Dress - Gold,173.0,DMAI0-L,Finished product,Second,APT02-CHB01-2ND-BOX-33,Storage,20.0,DMAI01,SUT08
2026-02-06,Skirt - Teal,173.0,YSEU0-ML,Finished product,Second,APT02-CHB01-2ND-BOX-38,Storage,17.0,YSEU01,BLO08
2026-02-06,Skirt - Teal,173.0,YSEU0-XSS,Finished product,Second,APT02-CHB01-2ND-BOX-38,Storage,14.0,YSEU01,BLO08
2026-02-06,Skirt - Teal,173.0,YSEU0-XL,Finished product,Second,APT02-CHB01-2ND-BOX-38,Storage,7.0,YSEU01,BLO08
2026-02-06,Skirt - Teal,173.0,YSEU0-3XL,Finished product,Second,APT02-CHB01-2ND-BOX-38,Storage,3.0,YSEU01,BLO08
2026-02-06,Skirt - Teal,173.0,YSEU0-2XL,Finished product,Second,APT02-CHB01-2ND-BOX-38,Storage,3.0,YSEU01,BLO08
2026-02-09,Cape - Blue,173.0,OWRA1-OS,Finished product,First,APT02-CHB01-FST-BOX-20,Destocking,-2.0,OWRA11,SOL17
2026-02-09,Cape - Brown,173.0,OWRA1-OS,Finished product,First,APT02-CHB01-FST-BOX-20,Destocking,-1.0,OWRA11,SOL17
2026-02-09,Dress - Blue,173.0,DMAR0-2XL,Finished product,Second,APT02-CHB01-2ND-BOX-31,Storage,19.0,DMAR01,GYR08
2026-02-09,Dress - Blue,173.0,DMAR0-XL,Finished product,Second,APT02-CHB01-2ND-BOX-31,Storage,6.0,DMAR01,GYR08
2026-02-09,Dress - Blue,173.0,DMAR0-M,Finished product,Second,APT02-CHB01-2ND-BOX-31,Storage,2.0,DMAR01,GYR08
2026-02-09,Kimono - Yellow,173.0,KMIN1-2XL,Finished product,Second,APT02-CHB01-2ND-BOX-30,Storage,20.0,KMIN11,ANA08
2026-02-09,Kimono - Yellow,173.0,KMIN1-XSS,Finished product,Second,APT02-CHB01-2ND-BOX-30,Storage,18.0,KMIN11,ANA08
2026-02-09,Kimono - Yellow,173.0,KMIN1-3XL,Finished product,Second,APT02-CHB01-2ND-BOX-30,Storage,5.0,KMIN11,ANA08
2026-02-09,Kimono - Yellow,173.0,KMIN1-XL,Finished product,Second,APT02-CHB01-2ND-BOX-30,Storage,2.0,KMIN11,ANA08
2026-02-09,Kimono - Noir,173.0,KMIN0-2XL,Finished product,Second,APT02-CHB01-2ND-BOX-30,Storage,6.0,KMIN01,HER08
2026-02-09,Kimono - Noir,173.0,KMIN0-XL,Finished product,Second,APT02-CHB01-2ND-BOX-30,Storage,3.0,KMIN01,HER08
2026-02-09,Kimono - Noir,173.0,KMIN0-3XL,Finished product,Second,APT02-CHB01-2ND-BOX-30,Storage,3.0,KMIN01,HER08
2026-02-09,Dress - Blue,173.0,DMAR0-3XL,Finished product,Second,APT02-CHB01-2ND-BOX-30,Storage,5.0,DMAR01,GYR08
2026-02-09,Dress - Blue,173.0,DMAR0-L,Finished product,Second,APT02-CHB01-2ND-BOX-30,Storage,2.0,DMAR01,GYR08
2026-02-09,Dress - Blue,173.0,DMAR0-S,Finished product,Second,APT02-CHB01-2ND-BOX-32,Storage,5.0,DMAR01,GYR08
2026-03-02,Pants - Blanc,173.0,PJAN1-XS,Finished product,First,APT02-CHB01-FST-BOX-25,Storage,1.0,PJAN11,RAI08
2026-02-09,Dress - Cream,173.0,DMAR0-2XL,Finished product,Second,APT02-CHB01-2ND-BOX-48,Storage,10.0,DMAR01,GAR08
2026-02-09,Dress - Cream,173.0,DMAR0-3XL,Finished product,Second,APT02-CHB01-2ND-BOX-48,Storage,3.0,DMAR01,GAR08
2026-02-09,Dress - White,173.0,DMAI0-2XL,Finished product,Second,APT02-CHB01-2ND-BOX-48,Storage,5.0,DMAI01,SIN08
2026-02-09,Dress - White,173.0,DMAI0-XL,Finished product,Second,APT02-CHB01-2ND-BOX-48,Storage,12.0,DMAI01,SIN08
2026-02-09,Dress - White,173.0,DMAI0-3XL,Finished product,Second,APT02-CHB01-2ND-BOX-48,Storage,7.0,DMAI01,SIN08
2026-02-09,Dress - White,173.0,DMAI0-XS,Finished product,Second,APT02-CHB01-2ND-BOX-48,Storage,4.0,DMAI01,SIN08
2026-02-09,Swimsuit - Noir,,SRAE0-L,Finished product,First,APT01-CHA01-ARM01-NIV00,Storage,6.0,SRAE01,ALI03
2026-02-09,Swimsuit - Noir,,SRAE0-M,Finished product,First,APT01-CHA01-ARM01-NIV00,Storage,1.0,SRAE01,ALI03
2026-02-09,Swimsuit - Rose,,SNAB0-S,Finished product,First,APT01-CHA01-ARM01-NIV01,Storage,7.0,SNAB01,SAL03
2026-02-09,Swimsuit - Rose,,SNAB0-M,Finished product,First,APT01-CHA01-ARM01-NIV01,Storage,4.0,SNAB01,SAL03
2026-02-09,Swimsuit - Rose,,SNAB0-3XL,Finished product,First,APT01-CHA01-ARM01-NIV01,Storage,4.0,SNAB01,SAL03
2026-03-02,Pants - Blanc,173.0,PJAN1-S,Finished product,First,APT02-CHB01-FST-BOX-25,Storage,1.0,PJAN11,RAI08
2026-02-10,Dress - Blue,173.0,DMAR0-S,Finished product,Second,APT02-CHB01-2ND-BOX-33,Storage,0.0,DMAR01,GYR08
2026-02-10,Dress - Blue,173.0,DMAR0-3XL,Finished product,Second,APT02-CHB01-2ND-BOX-30,Storage,7.0,DMAR01,GYR08
2026-02-10,Dress - Blue,173.0,DMAR0-M,Finished product,Second,APT02-CHB01-2ND-BOX-30,Storage,1.0,DMAR01,GYR08
2026-02-10,Dress - Blue,173.0,DMAR0-XS,Finished product,Second,APT02-CHB01-2ND-BOX-30,Storage,1.0,DMAR01,GYR08
2026-02-10,Dress - Blue,173.0,DMAR0-XL,Finished product,Second,APT02-CHB01-2ND-BOX-32,Storage,7.0,DMAR01,GYR08
2026-02-10,Dress - Blue,173.0,DMAR0-2XL,Finished product,Second,APT02-CHB01-2ND-BOX-32,Storage,7.0,DMAR01,GYR08
2026-02-11,Skirt - Cream,173.0,YSEU0-ML,Finished product,Second,APT02-CHB01-2ND-BOX-29,Storage,24.0,YSEU01,TIL08
2026-02-11,Skirt - Cream,173.0,YSEU0-XL,Finished product,Second,APT02-CHB01-2ND-BOX-29,Storage,11.0,YSEU01,TIL08
2026-02-11,Skirt - Rose,173.0,YSEU0-XSS,Finished product,Second,APT02-CHB01-2ND-BOX-29,Storage,1.0,YSEU01,ATO08
2026-02-11,Skirt - Cream,173.0,YSEU0-2XL,Finished product,Second,APT02-CHB01-2ND-BOX-29,Storage,10.0,YSEU01,TIL08
2026-02-11,Skirt - Cream,173.0,YSEU0-3XL,Finished product,Second,APT02-CHB01-2ND-BOX-29,Storage,2.0,YSEU01,TIL08
2026-02-11,Dress - Noir,173.0,DMAI0-M,Finished product,Second,APT02-CHB01-2ND-BOX-44,Storage,16.0,DMAI01,HER08
2026-02-11,Dress - Noir,173.0,DMAI0-L,Finished product,Second,APT02-CHB01-2ND-BOX-44,Storage,6.0,DMAI01,HER08
2026-02-11,Dress - Noir,173.0,DMAI0-XL,Finished product,Second,APT02-CHB01-2ND-BOX-44,Storage,6.0,DMAI01,HER08
2026-02-11,Dress - Noir,173.0,DMAI0-XS,Finished product,Second,APT02-CHB01-2ND-BOX-44,Storage,4.0,DMAI01,HER08
2026-02-11,Dress - Noir,173.0,DMAI0-2XL,Finished product,Second,APT02-CHB01-2ND-BOX-44,Storage,4.0,DMAI01,HER08
2026-02-11,Dress - Noir,173.0,DMAI0-3XL,Finished product,Second,APT02-CHB01-2ND-BOX-44,Storage,3.0,DMAI01,HER08
2026-02-11,Dress - Noir,173.0,DMAI0-S,Finished product,Second,APT02-CHB01-2ND-BOX-44,Storage,1.0,DMAI01,HER08
2026-02-12,Dress - Gold,173.0,DMAI0-S,Finished product,Second,APT02-CHB01-2ND-BOX-41,Storage,8.0,DMAI01,FIO08
2026-02-12,Dress - Gold,173.0,DMAI0-L,Finished product,Second,APT02-CHB01-2ND-BOX-41,Storage,8.0,DMAI01,FIO08
2026-02-12,Dress - Gold,173.0,DMAI0-XS,Finished product,Second,APT02-CHB01-2ND-BOX-41,Storage,8.0,DMAI01,FIO08
2026-02-12,Dress - Gold,173.0,DMAI0-M,Finished product,Second,APT02-CHB01-2ND-BOX-41,Storage,12.0,DMAI01,FIO08
2026-02-12,Dress - Gold,173.0,DMAI0-XL,Finished product,Second,APT02-CHB01-2ND-BOX-41,Storage,3.0,DMAI01,FIO08
2026-02-12,Dress - Gold,173.0,DMAI0-3XL,Finished product,Second,APT02-CHB01-2ND-BOX-41,Storage,3.0,DMAI01,FIO08
2026-02-12,Dress - Gold,173.0,DMAI0-2XL,Finished product,Second,APT02-CHB01-2ND-BOX-41,Storage,2.0,DMAI01,FIO08
2026-02-12,Dress - Teal,173.0,DLAL0-2XL,Finished product,Second,APT02-CHB01-2ND-BOX-27,Storage,6.0,DLAL01,WAL08
2026-02-12,Dress - Teal,173.0,DLAL0-L,Finished product,Second,APT02-CHB01-2ND-BOX-27,Storage,4.0,DLAL01,WAL08
2026-02-12,Dress - Teal,173.0,DLAL0-XL,Finished product,Second,APT02-CHB01-2ND-BOX-27,Storage,9.0,DLAL01,WAL08
2026-02-12,Dress - Teal,173.0,DLAL0-XS,Finished product,Second,APT02-CHB01-2ND-BOX-27,Storage,4.0,DLAL01,WAL08
2026-02-12,Dress - Teal,173.0,DLAL0-3XL,Finished product,Second,APT02-CHB01-2ND-BOX-27,Storage,3.0,DLAL01,WAL08
2026-02-12,Dress - Teal,173.0,DLAL0-S,Finished product,Second,APT02-CHB01-2ND-BOX-27,Storage,4.0,DLAL01,WAL08
2026-02-12,Dress - Teal,173.0,DLAL0-M,Finished product,Second,APT02-CHB01-2ND-BOX-27,Storage,1.0,DLAL01,WAL08
2026-02-12,Kimono - Black,173.0,KAWA0-2XL,Finished product,Second,APT02-CHB01-2ND-BOX-36,Storage,8.0,KAWA01,SUT08
2026-02-12,Kimono - Black,173.0,KAWA0-3XL,Finished product,Second,APT02-CHB01-2ND-BOX-36,Storage,1.0,KAWA01,SUT08
2026-02-12,Skirt - Cream,173.0,YSEU0-XSS,Finished product,Second,APT02-CHB01-2ND-BOX-29,Storage,23.0,YSEU01,TIL08
2026-02-12,Skirt - Gold,173.0,YSEU0-XSS,Finished product,Second,APT02-CHB01-2ND-BOX-27,Storage,15.0,YSEU01,FIO08
2026-02-12,Skirt - Gold,173.0,YSEU0-ML,Finished product,Second,APT02-CHB01-2ND-BOX-27,Storage,10.0,YSEU01,FIO08
2026-02-12,Skirt - Gold,173.0,YSEU0-3XL,Finished product,Second,APT02-CHB01-2ND-BOX-27,Storage,2.0,YSEU01,FIO08
2026-02-12,Skirt - Gold,173.0,YSEU0-2XL,Finished product,Second,APT02-CHB01-2ND-BOX-27,Storage,1.0,YSEU01,FIO08
2026-02-12,Skirt - Noir,173.0,YSEU0-2XL,Finished product,Second,APT02-CHB01-2ND-BOX-27,Storage,6.0,YSEU01,ABS08
2026-02-12,Skirt - Noir,173.0,YSEU0-XSS,Finished product,Second,APT02-CHB01-2ND-BOX-27,Storage,6.0,YSEU01,ABS08
2026-02-12,Skirt - Noir,173.0,YSEU0-XL,Finished product,Second,APT02-CHB01-2ND-BOX-27,Storage,3.0,YSEU01,ABS08
2026-02-12,Skirt - Noir,173.0,YSEU0-ML,Finished product,Second,APT02-CHB01-2ND-BOX-27,Storage,2.0,YSEU01,ABS08
2026-02-12,Dress - Orange,173.0,DLAL0-2XL,Finished product,Second,APT02-CHB01-2ND-BOX-27,Storage,3.0,DLAL01,ARB08
2026-02-12,Dress - Orange,173.0,DLAL0-L,Finished product,Second,APT02-CHB01-2ND-BOX-27,Storage,2.0,DLAL01,ARB08
2026-02-12,Dress - Orange,173.0,DLAL0-XS,Finished product,Second,APT02-CHB01-2ND-BOX-27,Storage,2.0,DLAL01,ARB08
2026-02-12,Dress - Rose,173.0,DLAL0-XS,Finished product,Second,APT02-CHB01-2ND-BOX-27,Storage,1.0,DLAL01,ATO08
2026-02-13,Cape - Brown,173.0,OWRA1-OS,Finished product,First,APT02-CHB01-FST-BOX-13,Destocking,-1.0,OWRA11,SOL17
2026-02-13,Dress - Gold,173.0,DMAI0-XS,Finished product,Second,APT02-CHB01-2ND-BOX-42,Storage,13.0,DMAI01,FIO08
2026-02-13,Dress - Gold,173.0,DMAI0-S,Finished product,Second,APT02-CHB01-2ND-BOX-42,Storage,19.0,DMAI01,FIO08
2026-02-13,Dress - Gold,173.0,DMAI0-M,Finished product,Second,APT02-CHB01-2ND-BOX-42,Storage,15.0,DMAI01,FIO08
2026-02-13,Dress - Gold,173.0,DMAI0-XL,Finished product,Second,APT02-CHB01-2ND-BOX-42,Storage,4.0,DMAI01,FIO08
2026-02-13,Dress - Gold,173.0,DMAI0-L,Finished product,Second,APT02-CHB01-2ND-BOX-41,Storage,12.0,DMAI01,FIO08
2026-02-13,Dress - Gold,173.0,DMAI0-2XL,Finished product,Second,APT02-CHB01-2ND-BOX-41,Storage,5.0,DMAI01,FIO08
2026-02-13,Kimono - Cream,173.0,KMIN0-2XL,Finished product,Second,APT02-CHB01-2ND-BOX-36,Storage,12.0,KMIN01,TIL08
2026-02-13,Kimono - Cream,173.0,KMIN0-XL,Finished product,Second,APT02-CHB01-2ND-BOX-36,Storage,11.0,KMIN01,TIL08
2026-02-13,Dress - Rust,173.0,DLAL0-M,Finished product,First,APT02-CHB01-FST-BOX-24,Storage,1.0,DLAL01,CHI08
2026-02-13,Dress - Wine,173.0,DMAI0-M,Finished product,First,APT02-CHB01-FST-BOX-24,Storage,1.0,DMAI01,AYE29
2026-02-13,Pants - Blanc,173.0,PJAN0-XS,Finished product,First,APT02-CHB01-FST-BOX-24,Storage,1.0,PJAN01,KHE28
2026-02-13,Kimono - Blanc,173.0,KCAB0-XSS,Finished product,First,APT02-CHB01-FST-BOX-24,Storage,1.0,KCAB01,KHE28
2026-02-13,Dress - Rust,173.0,DMED0-S,Finished product,First,APT02-CHB01-FST-BOX-24,Storage,1.0,DMED01,SCR12
2026-02-13,Jumpsuit - Copper,173.0,JUMY0-M,Finished product,First,APT02-CHB01-FST-BOX-24,Storage,1.0,JUMY01,AYE29
2026-02-13,Dress - Blu,173.0,DNAI0-M,Finished product,First,APT02-CHB01-FST-BOX-24,Storage,1.0,DNAI01,SKY08
2026-02-13,Kimono - Noir,173.0,KSIR0-XL,Finished product,First,APT02-CHB01-FST-BOX-24,Storage,2.0,KSIR01,ZHY12
2026-02-13,Dress - Olive,173.0,SAT0--XS,Finished product,First,APT02-CHB01-FST-BOX-24,Storage,1.0,SAT01,AYE29
2026-02-13,Dress - Navy,173.0,DTUB0-3XL,Finished product,First,APT02-CHB01-FST-BOX-24,Storage,1.0,DTUB01,LUM08
2026-02-13,Dress - Blu,175.0,DTUB0-M-C,Finished product,First,APT02-CHB01-FST-BOX-24,Storage,1.0,DTUB01,SKY08
2026-02-16,Dress - White,173.0,DMAI0-L,Finished product,Second,APT02-CHB01-2ND-BOX-45,Storage,5.0,DMAI01,ZEN08
2026-02-16,Dress - White,173.0,DMAI0-2XL,Finished product,Second,APT02-CHB01-2ND-BOX-45,Storage,3.0,DMAI01,ZEN08
2026-02-16,Dress - White,173.0,DMAI0-XS,Finished product,Second,APT02-CHB01-2ND-BOX-45,Storage,2.0,DMAI01,ZEN08
2026-02-13,Dress - White,173.0,DMAI0-M,Finished product,Second,APT02-CHB01-2ND-BOX-45,Storage,2.0,DMAI01,ZEN08
2026-02-13,Dress - White,173.0,DMAI0-S,Finished product,Second,APT02-CHB01-2ND-BOX-45,Storage,5.0,DMAI01,ZEN08
2026-02-13,Top - Rust,173.0,TAID0-2XL,Finished product,Second,APT02-CHB01-2ND-BOX-38,Storage,6.0,TAID01,SOL14
2026-02-13,Top - Rust,173.0,TAID0-3XL,Finished product,Second,APT02-CHB01-2ND-BOX-38,Storage,5.0,TAID01,SOL14
2026-02-13,Top - Rust,173.0,TAID0-XL,Finished product,Second,APT02-CHB01-2ND-BOX-38,Storage,2.0,TAID01,SOL14
2026-02-13,Dress - Cream,173.0,DKON0-3XL,Finished product,Second,APT02-CHB01-2ND-BOX-35,Storage,5.0,DKON01,TIL08
2026-02-13,Dress - Cream,173.0,DKON0-2XL,Finished product,Second,APT02-CHB01-2ND-BOX-35,Storage,2.0,DKON01,TIL08
2026-02-13,Dress - Cream,173.0,DKON0-XL,Finished product,Second,APT02-CHB01-2ND-BOX-35,Storage,3.0,DKON01,TIL08
2026-02-16,Dress - White,173.0,DMAI0-XL,Finished product,Second,APT02-CHB01-2ND-BOX-45,Storage,3.0,DMAI01,ZEN08
2026-02-16,Top - Rust,173.0,TLEN0-S,Finished product,Second,APT02-CHB01-2ND-BOX-36,Storage,4.0,TLEN01,SOL14
2026-02-16,Top - Rust,173.0,TLEN0-L,Finished product,Second,APT02-CHB01-2ND-BOX-36,Storage,5.0,TLEN01,SOL14
2026-02-16,Top - Rust,173.0,TLEN0-3XL,Finished product,Second,APT02-CHB01-2ND-BOX-36,Storage,6.0,TLEN01,SOL14
2026-02-16,Top - Rust,173.0,TLEN0-XS,Finished product,Second,APT02-CHB01-2ND-BOX-36,Storage,3.0,TLEN01,SOL14
2026-02-16,Top - Rust,173.0,TLEN0-XL,Finished product,Second,APT02-CHB01-2ND-BOX-36,Storage,2.0,TLEN01,SOL14
2026-02-16,Top - Rust,173.0,TLEN0-2XL,Finished product,Second,APT02-CHB01-2ND-BOX-36,Storage,4.0,TLEN01,SOL14
2026-02-16,Kimono - White,173.0,KAWA0-L,Finished product,Second,APT02-CHB01-2ND-BOX-40,Storage,6.0,KAWA01,ZEN08
2026-02-16,Kimono - White,173.0,KAWA0-XL,Finished product,Second,APT02-CHB01-2ND-BOX-40,Storage,8.0,KAWA01,ZEN08
2026-02-16,Kimono - White,173.0,KAWA0-2XL,Finished product,Second,APT02-CHB01-2ND-BOX-40,Storage,1.0,KAWA01,ZEN08
2026-02-16,Skirt - Cream,173.0,YLYS0-XS,Finished product,Second,APT02-CHB01-2ND-BOX-40,Storage,9.0,YLYS01,TIL08
2026-02-16,Skirt - Cream,173.0,YLYS0-2XL,Finished product,Second,APT02-CHB01-2ND-BOX-40,Storage,3.0,YLYS01,TIL08
2026-02-16,Skirt - Cream,173.0,YLYS0-3XL,Finished product,Second,APT02-CHB01-2ND-BOX-40,Storage,2.0,YLYS01,TIL08
2026-02-16,Skirt - Cream,173.0,YLYS0-XL,Finished product,Second,APT02-CHB01-2ND-BOX-40,Storage,2.0,YLYS01,TIL08
2026-02-16,Skirt - Cream,173.0,YLYS0-L,Finished product,Second,APT02-CHB01-2ND-BOX-40,Storage,1.0,YLYS01,TIL08
2026-02-16,Skirt - Cream,173.0,YLYS0-M,Finished product,Second,APT02-CHB01-2ND-BOX-40,Storage,2.0,YLYS01,TIL08
2026-02-17,Top - Cream,173.0,TZAN0-L,Finished product,Second,APT02-CHB01-2ND-BOX-39,Storage,3.0,TZAN01,TIL08
2026-02-17,Top - Cream,173.0,TZAN0-XL,Finished product,Second,APT02-CHB01-2ND-BOX-39,Storage,2.0,TZAN01,TIL08
2026-02-17,Top - Cream,173.0,TZAN0-3XL,Finished product,Second,APT02-CHB01-2ND-BOX-39,Storage,5.0,TZAN01,TIL08
2026-02-17,Top - Cream,173.0,TZAN0-XS,Finished product,Second,APT02-CHB01-2ND-BOX-39,Storage,4.0,TZAN01,TIL08
2026-02-17,Top - Cream,173.0,TZAN0-M,Finished product,Second,APT02-CHB01-2ND-BOX-39,Storage,1.0,TZAN01,TIL08
2026-02-17,Dress - Cream,173.0,DKON0-S,Finished product,Second,APT02-CHB01-2ND-BOX-35,Storage,1.0,DKON01,TIL08
2026-02-17,Dress - Gold,173.0,DMAI0-L,Finished product,Second,APT02-CHB01-2ND-BOX-45,Storage,20.0,DMAI01,SUT08
2026-02-17,Dress - White,173.0,DMAI0-S,Finished product,Second,APT02-CHB01-2ND-BOX-45,Storage,1.0,DMAI01,ZEN08
2026-02-17,Skirt - Navy,173.0,YSEU0-XSS,Finished product,Second,APT02-CHB01-2ND-BOX-39,Storage,12.0,YSEU01,COS08
2026-02-17,Skirt - Navy,173.0,YSEU0-ML,Finished product,Second,APT02-CHB01-2ND-BOX-39,Storage,3.0,YSEU01,COS08
2026-02-17,Skirt - Navy,173.0,YSEU0-XL,Finished product,Second,APT02-CHB01-2ND-BOX-39,Storage,5.0,YSEU01,COS08
2026-02-17,Skirt - Navy,173.0,YSEU0-3XL,Finished product,Second,APT02-CHB01-2ND-BOX-39,Storage,1.0,YSEU01,COS08
2026-02-17,Skirt - Noir,173.0,YSEU0-XSS,Finished product,Second,APT02-CHB01-2ND-BOX-39,Storage,6.0,YSEU01,HER08
2026-02-17,Skirt - Noir,173.0,YSEU0-2XL,Finished product,Second,APT02-CHB01-2ND-BOX-39,Storage,3.0,YSEU01,HER08
2026-02-17,Skirt - Noir,173.0,YSEU0-XL,Finished product,Second,APT02-CHB01-2ND-BOX-39,Storage,3.0,YSEU01,HER08
2026-02-17,Skirt - Noir,173.0,YSEU0-3XL,Finished product,Second,APT02-CHB01-2ND-BOX-39,Storage,1.0,YSEU01,HER08
2026-02-17,Dress - Cream,173.0,DKON0-3XL,Finished product,Second,APT02-CHB01-2ND-BOX-35,Storage,5.0,DKON01,TIL08
2026-02-17,Dress - Cream,173.0,DKON0-2XL,Finished product,Second,APT02-CHB01-2ND-BOX-35,Storage,9.0,DKON01,TIL08
2026-02-17,Dress - Orange,171.0,DLAL0-L-C,Finished product,First,APT02-CHB01-FST-BOX-23,Storage,1.0,DLAL01,ARB08
2026-02-17,Top - Navy,173.0,TOLA0-XSS,Finished product,First,APT02-CHB01-FST-BOX-20,Storage,1.0,TOLA01,TAO25
2026-02-17,Dress - olive,173.0,DFAR0-L,Finished product,First,APT02-CHB01-FST-BOX-23,Storage,1.0,DFAR01,ALI08
2026-02-17,Dress - Noir,168.0,DSAT0-XL-C,Finished product,First,APT02-CHB01-FST-BOX-23,Storage,1.0,DSAT01,SIE08
2026-02-17,Dress - Blu,173.0,DTUB0-S,Finished product,First,APT02-CHB01-FST-BOX-20,Storage,1.0,DTUB01,SKY08
2026-02-18,Dress - Cream,173.0,DFAN0-XS,Finished product,Second,APT02-CHB01-2ND-BOX-28,Storage,3.0,DFAN01,TIL08
2026-02-18,Dress - Cream,173.0,DFAN0-L,Finished product,Second,APT02-CHB01-2ND-BOX-14,Storage,11.0,DFAN01,TIL08
2026-02-18,Dress - Cream,173.0,DFAN0-M,Finished product,Second,APT02-CHB01-2ND-BOX-14,Storage,8.0,DFAN01,TIL08
2026-02-18,Dress - Cream,173.0,DFAN0-XL,Finished product,Second,APT02-CHB01-2ND-BOX-28,Storage,8.0,DFAN01,TIL08
2026-02-18,Dress - Cream,173.0,DFAN0-2XL,Finished product,Second,APT02-CHB01-2ND-BOX-14,Storage,13.0,DFAN01,TIL08
2026-02-18,Dress - Cream,173.0,DFAN0-3XL,Finished product,Second,APT02-CHB01-2ND-BOX-53,Storage,4.0,DFAN01,TIL08
2026-02-18,Dress - Vert,173.0,DSAT0-L,Finished product,Second,APT02-CHB01-2ND-BOX-28,Storage,3.0,DSAT01,SAL08
2026-02-18,Dress - Vert,173.0,DSAT0-XS,Finished product,Second,APT02-CHB01-2ND-BOX-28,Storage,1.0,DSAT01,SAL08
2026-02-18,Dress - Vert,173.0,DSAT0-M,Finished product,Second,APT02-CHB01-2ND-BOX-28,Storage,2.0,DSAT01,SAL08
2026-02-18,Dress - Vert,173.0,DSAT0-XL,Finished product,Second,APT02-CHB01-2ND-BOX-28,Storage,1.0,DSAT01,SAL08
2026-02-18,Dress - Noir,173.0,DSAT0-S,Finished product,Second,APT02-CHB01-2ND-BOX-28,Storage,1.0,DSAT01,SCR08
2026-02-18,Dress - Vert,173.0,DFAN0-M,Finished product,Second,APT02-CHB01-2ND-BOX-28,Storage,1.0,DFAN01,SAL08
2026-02-18,Kimono - Cream,173.0,KMIN0-3XL,Finished product,Second,APT02-CHB01-2ND-BOX-23,Storage,1.0,KMIN01,ZEN08
2026-02-18,Pants - Cream,173.0,PLEE0-XS,Finished product,Second,APT02-CHB01-2ND-BOX-37,Storage,2.0,PLEE01,ZEN08
2026-02-18,Pants - Cream,173.0,PLEE0-M,Finished product,Second,APT02-CHB01-2ND-BOX-37,Storage,1.0,PLEE01,ZEN08
2026-02-18,Pants - Rose,173.0,PLEE0-3XL,Finished product,Second,APT02-CHB01-2ND-BOX-37,Storage,1.0,PLEE01,ATO08
2026-02-18,Pants - Rose,173.0,PLEE0-L,Finished product,Second,APT02-CHB01-2ND-BOX-37,Storage,1.0,PLEE01,ATO08
2026-02-18,Top - Teal,173.0,TSAH1-XL,Finished product,Second,APT02-CHB01-2ND-BOX-28,Storage,7.0,TSAH11,BAO08
2026-02-18,Top - Teal,173.0,TSAH1-2XL,Finished product,Second,APT02-CHB01-2ND-BOX-14,Storage,4.0,TSAH11,BAO08
2026-02-18,Top - Teal,173.0,TSAH1-3XL,Finished product,Second,APT02-CHB01-2ND-BOX-14,Storage,3.0,TSAH11,BAO08
2026-02-18,Top - Teal,173.0,TSAH1-L,Finished product,Second,APT02-CHB01-2ND-BOX-14,Storage,1.0,TSAH11,BAO08
2026-02-18,Skirt - Gold,173.0,YSEU0-ML,Finished product,Second,APT02-CHB01-2ND-BOX-39,Storage,1.0,YSEU01,FIO08
2026-02-18,Skirt - Gold,173.0,YSEU0-XL,Finished product,Second,APT02-CHB01-2ND-BOX-39,Storage,1.0,YSEU01,FIO08
2026-02-18,Kimono - Cream,173.0,KMIN0-2XL,Finished product,Second,APT02-CHB01-2ND-BOX-36,Storage,1.0,KMIN01,TIL08
2026-02-18,Dress - Blu,173.0,DOAN0-L,Finished product,Second,APT02-CHB01-2ND-BOX-53,Storage,1.0,DOAN01,ARI08
2026-02-18,Top - Gold,173.0,TEVA0-2XL,Finished product,Second,APT02-CHB01-2ND-BOX-14,Storage,8.0,TEVA01,TEX08
2026-02-18,Top - Gold,173.0,TEVA0-S,Finished product,Second,APT02-CHB01-2ND-BOX-28,Storage,7.0,TEVA01,TEX08
2026-02-18,Cape - Brown,173.0,OWRA1-OS,Finished product,First,APT02-CHB01-FST-BOX-13,Destocking,-1.0,OWRA11,SOL17
2026-02-25,Dress - Noir,173.0,DJWA0-M,Finished product,First,APT02-CHB01-FST-BOX-23,Destocking,-1.0,DJWA01,SIE08
2026-02-26,Pants - Vert,173.0,PLEE0-2XL,Finished product,Second,APT02-CHB01-2ND-BOX-37,Storage,19.0,PLEE01,SAL08
2026-02-26,Pants - Vert,173.0,PLEE0-M,Finished product,Second,APT02-CHB01-2ND-BOX-37,Storage,12.0,PLEE01,SAL08
2026-02-26,Pants - Vert,165.0,PLEE0-M-C,Finished product,Second,APT02-CHB01-2ND-BOX-37,Storage,1.0,PLEE01,SAL08
2026-02-26,Pants - Vert,173.0,PLEE0-XS,Finished product,Second,APT02-CHB01-2ND-BOX-37,Storage,12.0,PLEE01,SAL08
2026-02-26,Pants - Vert,173.0,PLEE0-S,Finished product,Second,APT02-CHB01-2ND-BOX-37,Storage,8.0,PLEE01,SAL08
2026-02-26,Pants - Vert,173.0,PLEE0-L,Finished product,Second,APT02-CHB01-2ND-BOX-37,Storage,1.0,PLEE01,SAL08
2026-02-26,Pants - Vert,173.0,PLEE0-3XL,Finished product,Second,APT02-CHB01-2ND-BOX-38,Storage,7.0,PLEE01,SAL08
2026-02-26,Pants - Vert,173.0,PLEE0-XL,Finished product,Second,APT02-CHB01-2ND-BOX-38,Storage,10.0,PLEE01,SAL08
2026-02-26,Kimono - Gold,173.0,KMIN0-ML,Finished product,Second,APT02-CHB01-2ND-BOX-38,Storage,1.0,KMIN01,SUT08
2026-02-26,Dress - Vert,173.0,DFAN0-XL,Finished product,Second,APT02-CHB01-2ND-BOX-49,Storage,1.0,DFAN01,SAL08
2026-02-26,Dress - Vert,173.0,DFAN0-M,Finished product,Second,APT02-CHB01-2ND-BOX-49,Storage,1.0,DFAN01,SAL08
2026-02-26,Top - Vert,173.0,TREE0-2XL,Finished product,Second,APT02-CHB01-2ND-BOX-39,Storage,7.0,TREE01,SAL08
2026-02-26,Dress - Blu,173.0,DTUB0-S,Finished product,First,APT02-CHB01-FST-BOX-20,Destocking,-1.0,DTUB01,SKY08
2026-03-02,Jumpsuit - Noir,173.0,JUMY0-XS,Finished product,Second,APT02-CHB01-2ND-BOX-35,Storage,8.0,JUMY01,SOL14
2026-03-02,Dress - Noir,173.0,DSAT0-L,Finished product,First,APT02-CHB01-FST-BOX-23,Destocking,-1.0,DSAT01,SIE08
2026-03-02,Pants - Blanc,173.0,PJAN1-M,Finished product,First,APT02-CHB01-FST-BOX-25,Storage,4.0,PJAN11,RAI08
2026-03-02,Pants - Blanc,173.0,PJAN1-L,Finished product,First,APT02-CHB01-FST-BOX-25,Storage,2.0,PJAN11,RAI08
2026-03-02,Pants - Blanc,173.0,PJAN1-XL,Finished product,First,APT02-CHB01-FST-BOX-25,Storage,1.0,PJAN11,RAI08
2026-03-02,Kimono - Noir,173.0,KSIR0-XS,Finished product,First,APT02-CHB01-FST-BOX-25,Storage,1.0,KSIR01,ISL12
2026-03-02,Kimono - Noir,173.0,KSIR0-S,Finished product,First,APT02-CHB01-FST-BOX-25,Storage,0.0,KSIR01,ISL12
2026-03-02,Kimono - Noir,173.0,KSIR0-M,Finished product,First,APT02-CHB01-FST-BOX-25,Storage,3.0,KSIR01,ISL12
2026-03-02,Kimono - Noir,173.0,KSIR0-L,Finished product,First,APT02-CHB01-FST-BOX-25,Storage,2.0,KSIR01,ISL12
2026-03-02,Kimono - Noir,173.0,KSIR0-XL,Finished product,First,APT02-CHB01-FST-BOX-25,Storage,1.0,KSIR01,ISL12
2026-03-02,Kimono - Noir,173.0,KSIR0-2XL,Finished product,First,APT02-CHB01-FST-BOX-25,Storage,1.0,KSIR01,ISL12
2026-03-02,Kimono - Noir,173.0,KSIR0-XS,Finished product,First,APT02-CHB01-FST-BOX-25,Storage,1.0,KSIR01,ZHY12
2026-03-02,Kimono - Noir,173.0,KSIR0-S,Finished product,First,APT02-CHB01-FST-BOX-25,Storage,1.0,KSIR01,ZHY12
2026-03-02,Kimono - Noir,173.0,KSIR0-M,Finished product,First,APT02-CHB01-FST-BOX-25,Storage,3.0,KSIR01,ZHY12
2026-03-02,Kimono - Noir,173.0,KSIR0-L,Finished product,First,APT02-CHB01-FST-BOX-25,Storage,2.0,KSIR01,ZHY12
2026-03-02,Kimono - Noir,173.0,KSIR0-XL,Finished product,First,APT02-CHB01-FST-BOX-25,Storage,1.0,KSIR01,ZHY12
2026-03-02,Kimono - Noir,173.0,KSIR0-2XL,Finished product,First,APT02-CHB01-FST-BOX-25,Storage,1.0,KSIR01,ZHY12
2026-03-02,Kimono - Noir,173.0,KSIR0-L,Finished product,First,APT02-CHB01-FST-BOX-25,Destocking,-1.0,KSIR01,ZHY12
2026-03-02,Pants - Rose,173.0,PLEE0-L,Finished product,Second,APT02-CHB01-2ND-BOX-4,Storage,1.0,PLEE01,ATO08
2026-03-03,Kimono - Noir,173.0,KSIR0-M,Finished product,First,APT02-CHB01-FST-BOX-25,Destocking,-1.0,KSIR01,ZHY12
2026-03-06,Kimono - Noir,173.0,KSIR0-S,Finished product,First,APT02-CHB01-FST-BOX-25,Destocking,-1.0,KSIR01,ZHY12
2026-03-06,Dress - Forest,173.0,DMAR0-XL,Finished product,First,APT02-CHB01-FST-BOX-25,Storage,2.0,DMAR01,AYE29
2026-03-09,Kimono - Noir,173.0,KSIR0-XL,Finished product,First,APT02-CHB01-FST-BOX-25,Destocking,-1.0,KSIR01,ZHY12
2026-03-09,Kimono - Noir,173.0,KSIR0-XL,Finished product,First,APT02-CHB01-FST-BOX-24,Destocking,-1.0,KSIR01,ZHY12
2026-03-09,Dress - Olive,173.0,DMAI0-XS,Finished product,First,APT02-CHB01-FST-BOX-25,Storage,3.0,DMAI01,SOL14
2026-03-09,Dress - Olive,173.0,DMAI0-S,Finished product,First,APT02-CHB01-FST-BOX-25,Storage,11.0,DMAI01,SOL14
2026-03-09,Dress - Olive,173.0,DMAI0-M,Finished product,First,APT02-CHB01-FST-BOX-25,Storage,13.0,DMAI01,SOL14
2026-03-09,Dress - Olive,173.0,DMAI0-L,Finished product,First,APT02-CHB01-FST-BOX-25,Storage,4.0,DMAI01,SOL14
2026-03-09,Dress - Olive,173.0,DMAI0-XL,Finished product,First,APT02-CHB01-FST-BOX-25,Storage,2.0,DMAI01,SOL14
2026-03-09,Dress - Olive,173.0,DMAI0-2XL,Finished product,First,APT02-CHB01-FST-BOX-25,Storage,1.0,DMAI01,SOL14
2026-03-11,Pants - Olive,173.0,PHAN0-XL,Finished product,First,APT02-CHB01-FST-BOX-23,Storage,1.0,PHAN01,AYE29
2026-03-11,Dress - Blu,173.0,DNUR0-3XL,Finished product,Second,APT02-CHB01-2ND-BOX-44,Storage,5.0,DNUR01,BAT08
2026-03-11,Dress - Blu,173.0,DNUR0-2XL,Finished product,Second,APT02-CHB01-2ND-BOX-44,Storage,1.0,DNUR01,BAT08
2026-03-11,Dress - Blu,173.0,DNUR0-M,Finished product,Second,APT02-CHB01-2ND-BOX-44,Storage,2.0,DNUR01,BAT08
2026-03-13,Dress - Gold,173.0,DLAL0-M,Finished product,Second,APT02-CHB01-2ND-BOX-47,Storage,13.0,DLAL01,SUT08
2026-03-13,Dress - Gold,173.0,DLAL0-XS,Finished product,Second,APT02-CHB01-2ND-BOX-47,Storage,3.0,DLAL01,SUT08
2026-03-13,Dress - Gold,173.0,DLAL0-XL,Finished product,Second,APT02-CHB01-2ND-BOX-47,Storage,3.0,DLAL01,SUT08
2026-03-13,Dress - Gold,173.0,DLAL0-2XL,Finished product,Second,APT02-CHB01-2ND-BOX-47,Storage,3.0,DLAL01,SUT08
2026-03-13,Dress - Gold,173.0,DLAL0-3XL,Finished product,Second,APT02-CHB01-2ND-BOX-47,Storage,2.0,DLAL01,SUT08
2026-03-13,Dress - Gold,173.0,DLAL0-L,Finished product,Second,APT02-CHB01-2ND-BOX-47,Storage,0.0,DLAL01,SUT08
2026-03-13,Dress - Gold,173.0,DLAL0-S,Finished product,Second,APT02-CHB01-2ND-BOX-47,Storage,4.0,DLAL01,SUT08
2026-03-13,Top - rust,173.0,TSAH0-2XL,Finished product,Second,APT02-CHB01-2ND-BOX-46,Storage,1.0,TSAH01,SOL14
2026-03-13,Top - rust,173.0,TSAH0-L,Finished product,Second,APT02-CHB01-2ND-BOX-46,Storage,2.0,TSAH01,SOL14
2026-03-13,Dress - Fuchsia,173.0,DDAL0-XS,Finished product,Second,APT02-CHB01-2ND-BOX-46,Storage,1.0,DDAL01,ZEE24
2026-03-13,Dress - Fuchsia,173.0,DDAL0-S,Finished product,Second,APT02-CHB01-2ND-BOX-46,Storage,1.0,DDAL01,ZEE24
2026-03-13,Kimono - Noir,173.0,KSIR0-2XL,Finished product,Second,APT02-CHB01-2ND-BOX-46,Storage,2.0,KSIR01,ISL12
2026-03-13,Jumpsuit - Black,173.0,JALA1-M,Finished product,Second,APT02-CHB01-2ND-BOX-46,Storage,2.0,JALA11,LIN08
2026-03-13,Jumpsuit - Black,173.0,JALA1-2XL,Finished product,Second,APT02-CHB01-2ND-BOX-46,Storage,1.0,JALA11,LIN08
2026-03-13,Dress - Cream,173.0,DDIA0-XSS,Finished product,Second,APT02-CHB01-2ND-BOX-46,Storage,1.0,DDIA01,SOL14
2026-03-13,Dress - Noir,173.0,DDIA0-XL,Finished product,Second,APT02-CHB01-2ND-BOX-46,Storage,2.0,DDIA01,SOL14
2026-03-13,Dress - rust,173.0,DDIA0-XL,Finished product,Second,APT02-CHB01-2ND-BOX-46,Storage,0.0,DDIA01,SOL14
2026-03-13,Top - Blanc,173.0,TWAI0-XL,Finished product,Second,APT02-CHB01-2ND-BOX-46,Storage,2.0,TWAI01,SOL16
2026-03-13,Kimono - Noir,173.0,KSIR0-XL,Finished product,First,APT02-CHB01-FST-BOX-24,Storage,1.0,KSIR01,ZHY12
2026-03-13,Pants - Noir,173.0,PLEE0-XL,Finished product,First,APT02-CHB01-FST-BOX-24,Storage,1.0,PLEE01,ZHY08
2026-03-13,Jumpsuit - Noir,173.0,JUMY0-XS,Finished product,First,APT02-CHB01-FST-BOX-24,Storage,2.0,JUMY01,TUK08
2026-03-13,Jumpsuit - Noir,173.0,JUMY0-S,Finished product,First,APT02-CHB01-FST-BOX-24,Storage,3.0,JUMY01,TUK08
2026-03-13,Jumpsuit - Noir,173.0,JUMY0-M,Finished product,First,APT02-CHB01-FST-BOX-24,Storage,6.0,JUMY01,TUK08
2026-03-13,Jumpsuit - Noir,173.0,JUMY0-L,Finished product,First,APT02-CHB01-FST-BOX-24,Storage,3.0,JUMY01,TUK08
2026-03-13,Jumpsuit - Noir,173.0,JUMY0-XL,Finished product,First,APT02-CHB01-FST-BOX-24,Storage,1.0,JUMY01,TUK08
2026-03-13,Pants - Black,173.0,PLEE0-S,Finished product,Second,APT02-CHB01-2ND-BOX-46,Storage,1.0,PLEE01,SUT08
2026-03-13,Pants - Black,173.0,PLEE1-XS,Finished product,Second,APT02-CHB01-2ND-BOX-46,Storage,1.0,PLEE11,LIN08
2026-03-13,Pants - Navy,173.0,PKEY0-S,Finished product,Second,APT02-CHB01-2ND-BOX-46,Storage,1.0,PKEY01,SOL14
2026-03-13,Pants - Orange,173.0,PHAN0-3XL,Finished product,Second,APT02-CHB01-2ND-BOX-46,Storage,1.0,PHAN01,TAL26
2026-03-13,Dress - Rose,173.0,DKUD0-3XL,Finished product,Second,APT02-CHB01-2ND-BOX-46,Storage,1.0,DKUD01,BAT08
2026-03-13,Jumpsuit - Teal,173.0,JALA0-S,Finished product,Second,APT02-CHB01-2ND-BOX-46,Storage,1.0,JALA01,SOL14
2026-03-13,Dress - Green,173.0,DGNO0-XS,Finished product,Second,APT02-CHB01-2ND-BOX-46,Storage,1.0,DGNO01,FLO08
2026-03-13,Top - Cream,173.0,TLEN0-3XL,Finished product,Second,APT02-CHB01-2ND-BOX-46,Storage,1.0,TLEN01,SOL14
2026-03-13,Pants - Vert,173.0,PHAN0-XS,Finished product,Second,APT02-CHB01-2ND-BOX-46,Storage,1.0,PHAN01,ZEE24
2026-03-13,Dress - Azul,173.0,DGNO0-M,Finished product,Second,APT02-CHB01-2ND-BOX-46,Storage,1.0,DGNO01,LIN08
2026-03-13,Jumpsuit - White,173.0,JUMY1-XS,Finished product,Second,APT02-CHB01-2ND-BOX-46,Storage,1.0,JUMY11,SIN08
2026-03-13,Kimono - Cream,173.0,KMIN0-2XL,Finished product,Second,APT02-CHB01-2ND-BOX-46,Storage,1.0,KMIN01,TIL08
2026-03-13,Dress - Teal,173.0,DLAL0-XS,Finished product,Second,APT02-CHB01-2ND-BOX-46,Storage,1.0,DLAL01,WAL08
2026-03-13,Jumpsuit - Black,173.0,JLEA0-L,Finished product,Second,APT02-CHB01-2ND-BOX-46,Storage,1.0,JLEA01,LIN08
2026-03-13,Dress - Black,173.0,DCOU1-XSS,Finished product,Second,APT02-CHB01-2ND-BOX-46,Storage,1.0,DCOU11,GUD08
2026-03-13,Skirt - Cream,173.0,YSEU0-ML,Finished product,Second,APT02-CHB01-2ND-BOX-45,Storage,11.0,YSEU01,TIL08
2026-03-13,Dress - Blue,173.0,DSAT0-XS,Finished product,First,APT02-CHB01-FST-BOX-24,Storage,6.0,DSAT01,GYR08
2026-03-13,Dress - Blue,173.0,DSAT0-S,Finished product,First,APT02-CHB01-FST-BOX-24,Storage,8.0,DSAT01,GYR08
2026-03-13,Dress - Blue,173.0,DSAT0-M,Finished product,First,APT02-CHB01-FST-BOX-24,Storage,10.0,DSAT01,GYR08
2026-03-13,Dress - Blue,173.0,DSAT0-L,Finished product,First,APT02-CHB01-FST-BOX-24,Storage,12.0,DSAT01,GYR08
2026-03-13,Dress - Blue,173.0,DSAT0-XL,Finished product,First,APT02-CHB01-FST-BOX-24,Storage,10.0,DSAT01,GYR08
2026-03-13,Dress - Blue,173.0,DSAT0-2XL,Finished product,First,APT02-CHB01-FST-BOX-24,Storage,2.0,DSAT01,GYR08
2026-03-13,Dress - Blue,173.0,DSAT0-3XL,Finished product,First,APT02-CHB01-FST-BOX-24,Storage,2.0,DSAT01,GYR08
2026-03-13,Skirt - Cream,173.0,YSEU0-2XL,Finished product,Second,APT02-CHB01-2ND-BOX-45,Storage,5.0,YSEU01,TIL08
2026-03-13,Skirt - Cream,173.0,YSEU0-XL,Finished product,Second,APT02-CHB01-2ND-BOX-45,Storage,4.0,YSEU01,TIL08
2026-03-13,Skirt - Cream,173.0,YSEU0-XSS,Finished product,Second,APT02-CHB01-2ND-BOX-45,Storage,3.0,YSEU01,TIL08
2026-03-13,Skirt - Cream,173.0,YSEU0-2XL,Finished product,Second,APT02-CHB01-2ND-BOX-45,Storage,1.0,YSEU01,TIL08
2026-03-13,Skirt - Cream,173.0,YSEU0-3XL,Finished product,Second,APT02-CHB01-2ND-BOX-45,Storage,1.0,YSEU01,TIL08
2026-03-13,Skirt - Cream,173.0,YSEU0-XSS,Finished product,Second,APT02-CHB01-2ND-BOX-45,Storage,3.0,YSEU01,ZEN08
2026-03-13,Skirt - Aqua,173.0,YSEU0-XL,Finished product,Second,APT02-CHB01-2ND-BOX-20,Storage,1.0,YSEU01,PLA08
2026-03-13,Skirt - Rose,173.0,YSEU0-2XL,Finished product,Second,APT02-CHB01-2ND-BOX-20,Storage,3.0,YSEU01,ATO08
2026-03-13,Skirt - Rose,173.0,YSEU0-XSS,Finished product,Second,APT02-CHB01-2ND-BOX-45,Storage,1.0,YSEU01,BLO08
2026-03-13,Skirt - Rose,173.0,YSEU0-2XL,Finished product,Second,APT02-CHB01-2ND-BOX-45,Storage,2.0,YSEU01,BLO08
2026-03-13,Skirt - Aqua,173.0,YSEU0-XSS,Finished product,Second,APT02-CHB01-2ND-BOX-45,Storage,1.0,YSEU01,PLA08
2026-03-13,Skirt - Gold,173.0,YSEU0-3XL,Finished product,Second,APT02-CHB01-2ND-BOX-20,Storage,2.0,YSEU01,FIO08
2026-03-13,Skirt - Cream,173.0,YSEU0-XL,Finished product,Second,APT02-CHB01-2ND-BOX-45,Storage,1.0,YSEU01,TIL08
2026-03-13,Skirt - Navy,173.0,YSEU0-XL,Finished product,Second,APT02-CHB01-2ND-BOX-20,Storage,2.0,YSEU01,COS08
2026-03-13,Jumpsuit - Teal,173.0,JUMY0-M,Finished product,First,APT02-CHB01-FST-BOX-26,Storage,1.0,JUMY01,ZEE24
2026-03-13,Poncho - Black,173.0,OAMY1-OS,Finished product,First,APT02-CHB01-FST-BOX-26,Storage,1.0,OAMY11,SOK08
2026-03-13,Poncho - Noir,173.0,OAMY1-OS,Finished product,First,APT02-CHB01-FST-BOX-26,Storage,1.0,OAMY11,FAM08
2026-03-13,Dress - Gold,173.0,DDAL0-XS,Finished product,First,APT02-CHB01-FST-BOX-26,Storage,1.0,DDAL01,DHA20
2026-03-13,Pants - Noir,173.0,PLEE0-XL,Finished product,First,APT02-CHB01-FST-BOX-26,Storage,1.0,PLEE01,LUZ08
2026-03-13,Dress - Noir,173.0,DSAT0-S,Finished product,First,APT02-CHB01-FST-BOX-26,Storage,3.0,DSAT01,SIE08
2026-03-13,Dress - Noir,173.0,DSAT0-M,Finished product,First,APT02-CHB01-FST-BOX-26,Storage,4.0,DSAT01,SIE08
2026-03-13,Dress - Noir,173.0,DSAT0-L,Finished product,First,APT02-CHB01-FST-BOX-26,Storage,3.0,DSAT01,SIE08
2026-03-13,Dress - Noir,173.0,DELA0-M,Finished product,First,APT02-CHB01-FST-BOX-26,Storage,2.0,DELA01,SIE08
2026-03-13,Dress - Noir,173.0,DELA0-L,Finished product,First,APT02-CHB01-FST-BOX-26,Storage,2.0,DELA01,SIE08
2026-03-13,Dress - Noir,173.0,DELA0-2XL,Finished product,First,APT02-CHB01-FST-BOX-26,Storage,2.0,DELA01,SIE08
2026-03-13,Dress - Noir,173.0,DELA0-XL,Finished product,First,APT02-CHB01-FST-BOX-26,Storage,4.0,DELA01,SIE08
2026-03-13,Dress - Teal,173.0,DSAT0-L,Finished product,First,APT02-CHB01-FST-BOX-26,Storage,1.0,DSAT01,ZEE24
2026-03-13,Dress - Gold,173.0,DMAI0-M,Finished product,Second,APT02-CHB01-2ND-BOX-46,Storage,1.0,DMAI01,FIO08
2026-03-13,Dress - Blu,173.0,DOAN0-XS,Finished product,Second,APT02-CHB01-2ND-BOX-46,Storage,1.0,DOAN01,ARI08
2026-03-13,Dress - Rose,173.0,DDIA0-S,Finished product,Second,APT02-CHB01-2ND-BOX-46,Storage,1.0,DDIA01,SAL08
2026-03-13,Dress - Blu,173.0,DSAT0-M,Finished product,Second,APT02-CHB01-2ND-BOX-46,Storage,1.0,DSAT01,COS08
2026-03-13,Dress - Mustard,173.0,DMAI0-XS,Finished product,Second,APT02-CHB01-2ND-BOX-46,Storage,1.0,DMAI01,SOL14
2026-03-13,Top - Black,173.0,TFAT0-2XL,Finished product,Second,APT02-CHB01-2ND-BOX-46,Storage,1.0,TFAT01,LIN08
2026-03-13,top - Noir,173.0,TZAN0-XS,Finished product,Second,APT02-CHB01-2ND-BOX-46,Storage,1.0,TZAN01,HER08
2026-03-13,Pants - Vert,173.0,PJAN0-M,Finished product,Second,APT02-CHB01-2ND-BOX-46,Storage,1.0,PJAN01,ZEE24
2026-03-13,Dress - Vert,173.0,DFAR0-XS,Finished product,Second,APT02-CHB01-2ND-BOX-46,Storage,1.0,DFAR01,ZEE24
2026-03-13,Pants - Vert,173.0,PLEE0-XS,Finished product,Second,APT02-CHB01-2ND-BOX-46,Storage,1.0,PLEE01,ZEE24
2026-03-13,Shorts - Black,173.0,PFEK0-S,Finished product,Second,APT02-CHB01-2ND-BOX-46,Storage,1.0,PFEK01,LIN08
2026-03-16,Kimono - Noir,173.0,KSIR0-2XL,Finished product,First,APT02-CHB01-FST-BOX-25,Storage,-1.0,KSIR01,ZHY12
2026-03-17,Dress - Gold,173.0,DMAY0-XS,Finished product,Second,APT02-CHB01-2ND-BOX-8,Destocking,-1.0,DMAY01,FIO08
2026-03-17,Dress - Gold,173.0,DSAT0-XS,Finished product,Second,APT02-CHB01-2ND-BOX-20,Destocking,-1.0,DSAT01,DHA20
2026-03-17,Dress - Blanc,173.0,DAMA0-XS,Finished product,Second,APT02-CHB01-2ND-BOX-24,Destocking,-1.0,DAMA01,SOL14
2026-03-17,Dress - Blanc,176.0,DMAY0-XS-C,Finished product,Second,APT02-CHB01-2ND-BOX-25,Destocking,-1.0,DMAY01,SOL14
2026-03-17,Dress - Blu,175.0,DTUB0-M-C,Finished product,First,APT02-CHB01-FST-BOX-24,Destocking,-1.0,DTUB01,SKY08
2026-03-17,Dress - Navy,173.0,DSAT0-M,Finished product,First,APT02-CHB01-FST-BOX-22,Destocking,-1.0,DSAT01,SOL14
2026-03-17,Dress - Wine,173.0,DMAI0-M,Finished product,First,APT02-CHB01-FST-BOX-24,Destocking,-1.0,DMAI01,AYE29
2026-03-17,Dress - Yellow,173.0,DTUB0-M,Finished product,First,APT02-CHB01-FST-BOX-23,Destocking,-1.0,DTUB01,ROC08
2026-03-23,Dress - Yellow,173.0,DELA0-2XL,Finished product,First,APT02-CHB01-FST-BOX-23,Destocking,-1.0,DELA01,ROC08
2026-03-23,Dress - Noir,173.0,DELA0-XL,Finished product,First,APT02-CHB01-FST-BOX-26,Destocking,-1.0,DELA01,SIE08
2026-03-23,Kimono - Noir,173.0,KSIR0-XL,Finished product,First,APT02-CHB01-FST-BOX-24,Destocking,-1.0,KSIR01,ZHY12
2026-03-23,Pants - Noir,173.0,PLEE0-XL,Finished product,First,APT02-CHB01-FST-BOX-24,Destocking,-1.0,PLEE01,ZHY08
2026-03-23,Dress - Noir,173.0,DJWA0-M,Finished product,First,APT02-CHB01-FST-BOX-23,Destocking,-1.0,DJWA01,SIE08
2026-03-24,Dress - Noir,173.0,DTUB0-XL,Finished product,First,APT02-CHB01-FST-BOX-26,Storage,1.0,DTUB01,ZEE24
2026-03-23,Dress - Noir,173.0,DELA0-XL,Finished product,First,APT02-CHB01-FST-BOX-26,Destocking,-1.0,DELA01,SIE08
2026-03-25,Dress - White,173.0,DTUN0-2XL,Finished product,Second,APT02-CHB01-2ND-BOX-49,Storage,5.0,DTUN01,SIN08
2026-03-25,Dress - Noir,173.0,DAMA0-2XL,Finished product,Second,APT02-CHB01-2ND-BOX-49,Storage,3.0,DAMA01,ISL08
2026-03-25,Dress - Noir,173.0,DAMA0-M,Finished product,Second,APT02-CHB01-2ND-BOX-49,Storage,1.0,DAMA01,ISL08
2026-03-25,Dress - Noir,173.0,DAMA0-3XL,Finished product,Second,APT02-CHB01-2ND-BOX-49,Storage,1.0,DAMA01,ISL08
2026-03-25,Kimono - Gold,173.0,KMIN0-XL,Finished product,Second,APT02-CHB01-2ND-BOX-49,Storage,4.0,KMIN01,SUT08
2026-03-25,Kimono - Gold,173.0,KMIN0-2XL,Finished product,Second,APT02-CHB01-2ND-BOX-49,Storage,3.0,KMIN01,SUT08
2026-03-25,Kimono - Vert,173.0,KMIN0-3XL,Finished product,Second,APT02-CHB01-2ND-BOX-49,Storage,5.0,KMIN01,SAL08
2026-03-25,Dress - Rose,173.0,DMAI0-XS,Finished product,Second,APT02-CHB01-2ND-BOX-49,Storage,3.0,DMAI01,BLO08
2026-03-26,Dress - Rose,173.0,DMAI0-S,Finished product,Second,APT02-CHB01-2ND-BOX-49,Storage,2.0,DMAI01,BLO08
2026-03-27,Dress - Rose,173.0,DMAI0-M,Finished product,Second,APT02-CHB01-2ND-BOX-49,Storage,1.0,DMAI01,BLO08
2026-03-28,Dress - Cream,173.0,DMAI0-2XL,Finished product,Second,APT02-CHB01-2ND-BOX-49,Storage,1.0,DMAI01,ZEN08
2026-03-25,Dress - Cream,173.0,DMAI0-XS,Finished product,Second,APT02-CHB01-2ND-BOX-49,Storage,1.0,DMAI01,ZEN08
2026-03-25,Top - Black,173.0,TFAT0-2XL,Finished product,Second,APT02-CHB01-2ND-BOX-49,Storage,2.0,TFAT01,LIN08
2026-03-25,Top - Blanc,173.0,TWAI0-2XL,Finished product,Second,APT02-CHB01-2ND-BOX-49,Storage,1.0,TWAI01,SOL16
2026-03-25,Top - Blanc,173.0,TWAI0-3XL,Finished product,Second,APT02-CHB01-2ND-BOX-49,Storage,1.0,TWAI01,SOL16
2026-03-25,Kimono - Noir,173.0,KSIR0-3XL,Finished product,Second,APT02-CHB01-2ND-BOX-49,Storage,2.0,KSIR01,ISL12
2026-03-25,Top - rust,173.0,TSAH0-S,Finished product,Second,APT02-CHB01-2ND-BOX-49,Storage,1.0,TSAH01,SOL14
2026-03-25,Dress - Rust,173.0,DAMA0-3XL,Finished product,Second,APT02-CHB01-2ND-BOX-49,Storage,1.0,DAMA01,SUT08
2026-03-25,Kimono - Rust,173.0,KMIN0-XL,Finished product,Second,APT02-CHB01-2ND-BOX-49,Storage,1.0,KMIN01,SUT08
2026-03-25,Top - Navy,173.0,TMOR0-XS,Finished product,Second,APT02-CHB01-2ND-BOX-49,Storage,1.0,TMOR01,SOL14
2026-03-25,Top - Noir,173.0,TNAK0-3XL,Finished product,Second,APT02-CHB01-2ND-BOX-49,Storage,1.0,TNAK01,HER08
2026-03-25,Kimono - Rose,173.0,KMIN0-XSS,Finished product,Second,APT02-CHB01-2ND-BOX-49,Storage,1.0,KMIN01,ATO08
2026-03-25,Pants - Noir,173.0,PJAN0-3XL,Finished product,Second,APT02-CHB01-2ND-BOX-49,Storage,2.0,PJAN01,ISL08
2026-03-25,Pants - Noir,173.0,PJAN0-2XL,Finished product,Second,APT02-CHB01-2ND-BOX-49,Storage,1.0,PJAN01,ISL08
2026-03-25,Top - Gold,173.0,TAJA0-XL,Finished product,Second,APT02-CHB01-2ND-BOX-49,Storage,1.0,TAJA01,FIO08
2026-03-25,Top - Teal,173.0,TZAN0-L,Finished product,Second,APT02-CHB01-2ND-BOX-49,Storage,1.0,TZAN01,SOL14
2026-03-25,Dress - Mustard,173.0,DMAI0-XS,Finished product,Second,APT02-CHB01-2ND-BOX-49,Storage,1.0,DMAI01,SOL14
2026-03-25,Dress - rust,173.0,DKUD0-2XL,Finished product,Second,APT02-CHB01-2ND-BOX-49,Storage,1.0,DKUD01,SOL14
2026-03-25,Kimono - Teal,173.0,KMIN0-2XL,Finished product,Second,APT02-CHB01-2ND-BOX-49,Storage,1.0,KMIN01,BLO08
2026-03-25,Dress - Gold,173.0,DMAY0-2XL,Finished product,Second,APT02-CHB01-2ND-BOX-18,Destocking,-1.0,DMAY01,TEX08
2026-03-25,Swimsuit - Rust,,SIDY0-S,Finished product,Second,APT02-CHB01-2ND-BOX-49,Storage,2.0,SIDY01,SCR03
2026-03-25,Swimsuit - Rust,,SNAB0-3XL,Finished product,Second,APT02-CHB01-2ND-BOX-49,Storage,1.0,SNAB01,SCR03
2026-03-25,Swimsuit - Vert,,SIDY0-S,Finished product,Second,APT02-CHB01-2ND-BOX-49,Storage,2.0,SIDY01,GAR03
2026-03-25,Swimsuit - Vert,,SNAB0-S,Finished product,Second,APT02-CHB01-2ND-BOX-49,Storage,1.0,SNAB01,GAR03
2026-03-25,Swimsuit - Vert,,SNAB0-2XL,Finished product,Second,APT02-CHB01-2ND-BOX-49,Storage,1.0,SNAB01,GAR03
2026-03-25,Dress - Gold,173.0,DSAT0-XS,Finished product,First,APT02-CHB01-FST-BOX-26,Storage,3.0,DSAT01,TEX08
2026-03-25,Dress - Gold,173.0,DSAT0-S,Finished product,First,APT02-CHB01-FST-BOX-26,Storage,4.0,DSAT01,TEX08
2026-03-25,Dress - Gold,173.0,DSAT0-M,Finished product,First,APT02-CHB01-FST-BOX-26,Storage,5.0,DSAT01,TEX08
2026-03-25,Dress - Gold,173.0,DSAT0-L,Finished product,First,APT02-CHB01-FST-BOX-26,Storage,7.0,DSAT01,TEX08
2026-03-25,Dress - Gold,173.0,DSAT0-XL,Finished product,First,APT02-CHB01-FST-BOX-26,Storage,7.0,DSAT01,TEX08
2026-03-25,Dress - Gold,173.0,DSAT0-2XL,Finished product,First,APT02-CHB01-FST-BOX-26,Storage,2.0,DSAT01,TEX08
2026-03-25,Dress - Gold,173.0,DSAT0-3XL,Finished product,First,APT02-CHB01-FST-BOX-26,Storage,2.0,DSAT01,TEX08
2026-03-25,Dress - Blanc,173.0,DRAM0-XS,Finished product,First,APT02-CHB01-FST-BOX-26,Storage,2.0,DRAM01,BAN27
2026-03-25,Dress - Blanc,173.0,DRAM0-S,Finished product,First,APT02-CHB01-FST-BOX-26,Storage,5.0,DRAM01,BAN27
2026-03-25,Dress - Blanc,173.0,DRAM0-M,Finished product,First,APT02-CHB01-FST-BOX-26,Storage,6.0,DRAM01,BAN27
2026-03-25,Dress - Blanc,173.0,DRAM0-L,Finished product,First,APT02-CHB01-FST-BOX-26,Storage,3.0,DRAM01,BAN27
2026-03-25,Dress - Blanc,173.0,DRAM0-XL,Finished product,First,APT02-CHB01-FST-BOX-26,Storage,3.0,DRAM01,BAN27
2026-03-25,Dress - Blanc,173.0,DRAM0-2XL,Finished product,First,APT02-CHB01-FST-BOX-26,Storage,1.0,DRAM01,BAN27
2026-03-25,Dress - Blanc,173.0,DRAM0-3XL,Finished product,First,APT02-CHB01-FST-BOX-26,Storage,1.0,DRAM01,BAN27
2026-03-26,Swimsuit - Noir,,SAYL0-S,Finished product,First,APT01-CHA01-ARM01-NIV02,Storage,5.0,SAYL01,LAV03
2026-03-26,Swimsuit - Noir,,SAYL0-M,Finished product,First,APT01-CHA01-ARM01-NIV02,Storage,6.0,SAYL01,LAV03
2026-03-26,Swimsuit - Noir,,SAYL0-L,Finished product,First,APT01-CHA01-ARM01-NIV02,Storage,5.0,SAYL01,LAV03
2026-03-26,Swimsuit - Blu,,SDIO0-3XL,Finished product,First,APT01-CHA01-ARM01-NIV02,Storage,3.0,SDIO01,BAT03
2026-03-26,Swimsuit - Blu,,SNAB0-S,Finished product,First,APT01-CHA01-ARM01-NIV02,Storage,1.0,SNAB01,BAT03
2026-03-26,Swimsuit - Blu,,SNAB0-2XL,Finished product,First,APT01-CHA01-ARM01-NIV02,Storage,2.0,SNAB01,BAT03
2026-03-26,Swimsuit - Blu,,SNAB0-3XL,Finished product,First,APT01-CHA01-ARM01-NIV02,Storage,2.0,SNAB01,BAT03
2026-03-26,Swimsuit - Noir,,SIDY0-L,Finished product,First,APT01-CHA01-ARM01-NIV03,Storage,2.0,SIDY01,ISL03
2026-03-26,Swimsuit - Blu,,SINF0-S,Finished product,First,APT01-CHA01-ARM01-NIV03,Storage,1.0,SINF01,ATO03
2026-03-26,Swimsuit - Rose,,SNAB0-S,Finished product,First,APT01-CHA01-ARM01-NIV03,Storage,3.0,SNAB01,ATO03
2026-03-26,Swimsuit - Rose,,SNAB0-M,Finished product,First,APT01-CHA01-ARM01-NIV03,Storage,2.0,SNAB01,ATO03
2026-03-26,Swimsuit - Rose,,SNAB0-L,Finished product,First,APT01-CHA01-ARM01-NIV03,Storage,2.0,SNAB01,ATO03
2026-03-26,Swimsuit - Rose,,SDIO0-S,Finished product,First,APT01-CHA01-ARM01-NIV04,Storage,5.0,SDIO01,JAR03
2026-03-26,Swimsuit - Rose,,SDIO0-M,Finished product,First,APT01-CHA01-ARM01-NIV04,Storage,3.0,SDIO01,JAR03
2026-03-26,Swimsuit - Rose,,SDIO0-L,Finished product,First,APT01-CHA01-ARM01-NIV04,Storage,5.0,SDIO01,JAR03
2026-03-26,Swimsuit - Rose,,SDIO0-XL,Finished product,First,APT01-CHA01-ARM01-NIV04,Storage,1.0,SDIO01,JAR03
2026-03-26,Swimsuit - Rose,,SDIO0-2XL,Finished product,First,APT01-CHA01-ARM01-NIV04,Storage,2.0,SDIO01,JAR03
2026-03-26,Swimsuit - Rose,,SDIO0-3XL,Finished product,First,APT01-CHA01-ARM01-NIV04,Storage,3.0,SDIO01,JAR03
2026-03-26,Swimsuit - Rose,,SLEI0-S,Finished product,First,APT01-CHA01-ARM01-NIV04,Storage,6.0,SLEI01,JAR03
2026-03-26,Swimsuit - Rose,,SLEI0-M,Finished product,First,APT01-CHA01-ARM01-NIV04,Storage,2.0,SLEI01,JAR03
2026-03-26,Swimsuit - Rose,,SLEI0-L,Finished product,First,APT01-CHA01-ARM01-NIV04,Storage,1.0,SLEI01,JAR03
2026-03-26,Swimsuit - Rose,,SLEI0-2XL,Finished product,First,APT01-CHA01-ARM01-NIV04,Storage,2.0,SLEI01,JAR03
2026-03-26,Swimsuit - Rose,,SLEI0-3XL,Finished product,First,APT01-CHA01-ARM01-NIV04,Storage,2.0,SLEI01,JAR03
2026-03-26,Swimsuit - Rose,,SNAB0-S,Finished product,First,APT01-CHA01-ARM01-NIV04,Storage,4.0,SNAB01,JAR03
2026-03-26,Swimsuit - Rose,,SNAB0-M,Finished product,First,APT01-CHA01-ARM01-NIV04,Storage,6.0,SNAB01,JAR03
2026-03-26,Swimsuit - Rose,,SNAB0-L,Finished product,First,APT01-CHA01-ARM01-NIV04,Storage,5.0,SNAB01,JAR03
2026-03-26,Dress - Vert,173.0,DSAT0-M,Finished product,Second,APT02-CHB01-2ND-BOX-50,Storage,1.0,DSAT01,SAL08
2026-03-26,Dress - Vert,173.0,DSAT0-XL,Finished product,Second,APT02-CHB01-2ND-BOX-50,Storage,26.0,DSAT01,SAL08
2026-03-26,Dress - Vert,173.0,DSAT0-S,Finished product,Second,APT02-CHB01-2ND-BOX-50,Storage,23.0,DSAT01,SAL08
2026-03-26,Dress - Vert,173.0,DSAT0-L,Finished product,Second,APT02-CHB01-2ND-BOX-50,Storage,4.0,DSAT01,SAL08
2026-03-26,Dress - Vert,173.0,DSAT0-XS,Finished product,Second,APT02-CHB01-2ND-BOX-50,Storage,16.0,DSAT01,SAL08
2026-03-26,Swimsuit - Rose,,SNAB0-2XL,Finished product,First,APT01-CHA01-ARM01-NIV04,Storage,2.0,SNAB01,JAR03
2026-03-26,Swimsuit - Rose,,SNAB0-3XL,Finished product,First,APT01-CHA01-ARM01-NIV04,Storage,3.0,SNAB01,JAR03
2026-03-26,Swimsuit - Noir,,SNAB0-3XL,Finished product,First,APT01-CHA01-ARM02-NIV00,Storage,3.0,SNAB01,HER03
2026-03-26,Swimsuit - Rose,,SNIA0-S,Finished product,First,APT01-CHA01-ARM02-NIV00,Storage,4.0,SNIA01,ABS03
2026-03-26,Swimsuit - Rose,,SNIA0-M,Finished product,First,APT01-CHA01-ARM02-NIV00,Storage,6.0,SNIA01,ABS03
2026-03-26,Swimsuit - Rose,,SNIA0-L,Finished product,First,APT01-CHA01-ARM02-NIV00,Storage,6.0,SNIA01,ABS03
2026-03-26,Swimsuit - Rose,,SNIA0-XL,Finished product,First,APT01-CHA01-ARM02-NIV00,Storage,1.0,SNIA01,ABS03
2026-03-26,Swimsuit - Rose,,SNIA0-2XL,Finished product,First,APT01-CHA01-ARM02-NIV00,Storage,5.0,SNIA01,ABS03
2026-03-26,Swimsuit - Navy,,SNYR0-S,Finished product,First,APT01-CHA01-ARM02-NIV00,Storage,4.0,SNYR01,RAZ03
2026-03-26,Swimsuit - Navy,,SNYR0-M,Finished product,First,APT01-CHA01-ARM02-NIV00,Storage,2.0,SNYR01,RAZ03
2026-03-26,Swimsuit - Navy,,SNYR0-L,Finished product,First,APT01-CHA01-ARM02-NIV00,Storage,1.0,SNYR01,RAZ03
2026-03-26,Dress - Vert,173.0,DSAT0-3XL,Finished product,Second,APT02-CHB01-2ND-BOX-50,Storage,4.0,DSAT01,SAL08
2026-03-26,Dress - Vert,173.0,DSAT0-2XL,Finished product,Second,APT02-CHB01-2ND-BOX-51,Storage,19.0,DSAT01,SAL08
2026-03-27,Dress - Noir,173.0,DSAT0-2XL,Finished product,Second,APT02-CHB01-2ND-BOX-51,Storage,9.0,DSAT01,SCR08
2026-03-27,Dress - Noir,173.0,DSAT0-3XL,Finished product,Second,APT02-CHB01-2ND-BOX-51,Storage,5.0,DSAT01,SCR08
2026-03-27,Dress - Noir,173.0,DSAT0-XL,Finished product,Second,APT02-CHB01-2ND-BOX-51,Storage,3.0,DSAT01,SCR08
2026-03-27,Dress - Gold,173.0,DMAI0-S,Finished product,Second,APT02-CHB01-2ND-BOX-51,Storage,6.0,DMAI01,SUT08
2026-03-26,Dress - Noir,173.0,DJWA0-M,Finished product,First,APT02-CHB01-FST-BOX-25,Storage,1.0,DJWA01,SIE08
2026-03-26,Dress - Gold,173.0,DFAR0-2XL,Finished product,First,APT02-CHB01-FST-BOX-25,Storage,1.0,DFAR01,DHA20
2026-03-26,Dress - Blu,173.0,DDAL0-2XL,Finished product,First,APT02-CHB01-FST-BOX-25,Storage,1.0,DDAL01,ZAH23
2026-03-26,Pants - Blanc,173.0,PJAN1-S,Finished product,First,APT02-CHB01-FST-BOX-25,Storage,1.0,PJAN11,RAI08
2026-03-26,Dress - Noir,173.0,DDIA0-L,Finished product,First,APT02-CHB01-FST-BOX-25,Storage,1.0,DDIA01,SOL14
2026-03-27,Dress - Cream,173.0,DFAN0-S,Finished product,Second,APT02-CHB01-2ND-BOX-51,Storage,1.0,DFAN01,TIL08
2026-03-27,Dress - Cream,173.0,DFAN0-XS,Finished product,Second,APT02-CHB01-2ND-BOX-51,Storage,1.0,DFAN01,TIL08
2026-03-27,Dress - noir,173.0,DMAI0-S,Finished product,Second,APT02-CHB01-2ND-BOX-51,Storage,1.0,DMAI01,SCR08
2026-03-27,Dress - Aqua,173.0,DAMA0-L,Finished product,Second,APT02-CHB01-2ND-BOX-51,Storage,1.0,DAMA01,PLA08
2026-03-27,Dress - Blu,173.0,DAMA0-L,Finished product,Second,APT02-CHB01-2ND-BOX-51,Storage,1.0,DAMA01,ATO08
2026-03-27,Kimono - Vert,173.0,KMIN0-XL,Finished product,Second,APT02-CHB01-2ND-BOX-51,Storage,1.0,KMIN01,SAL08
2026-03-27,Kimono - Teal,173.0,KBOU0-OS,Finished product,Second,APT02-CHB01-2ND-BOX-51,Storage,1.0,KBOU01,BWA08
2026-03-27,Dress - Teal,173.0,DYAL0-S,Finished product,Second,APT02-CHB01-2ND-BOX-51,Storage,1.0,DYAL01,BLO08
2026-03-27,Kimono - Noir,173.0,KMIN0-2XL,Finished product,Second,APT02-CHB01-2ND-BOX-51,Storage,1.0,KMIN01,HER08
2026-03-27,top - Cream,173.0,TZAN0-XS,Finished product,Second,APT02-CHB01-2ND-BOX-51,Storage,1.0,TZAN01,TIL08
2026-03-27,Skirt - Cream,173.0,YSEU0-XSS,Finished product,Second,APT02-CHB01-2ND-BOX-51,Storage,1.0,YSEU01,TIL08
2026-03-27,Dress - White,173.0,DMAI0-XL,Finished product,Second,APT02-CHB01-2ND-BOX-52,Storage,16.0,DMAI01,SIN08
2026-03-27,Dress - Gold,173.0,DLAL0-XL,Finished product,Second,APT02-CHB01-2ND-BOX-52,Storage,1.0,DLAL01,SUT08
2026-03-27,Dress - Gold,173.0,DLAL0-L,Finished product,Second,APT02-CHB01-2ND-BOX-52,Storage,3.0,DLAL01,SUT08
2026-03-27,Dress - Coral,173.0,DMAI0-M,Finished product,First,APT02-CHB01-FST-BOX-27,Storage,20.0,DMAI01,SOL18
2026-03-27,Dress - Coral,173.0,DMAI0-L,Finished product,First,APT02-CHB01-FST-BOX-27,Storage,7.0,DMAI01,SOL18
2026-03-27,Dress - Coral,173.0,DMAI0-XL,Finished product,First,APT02-CHB01-FST-BOX-27,Storage,3.0,DMAI01,SOL18
2026-03-27,Dress - Coral,173.0,DMAI0-S,Finished product,First,APT02-CHB01-FST-BOX-27,Storage,15.0,DMAI01,SOL18
2026-03-27,Dress - Coral,173.0,DMAI0-XS,Finished product,First,APT02-CHB01-FST-BOX-27,Storage,4.0,DMAI01,SOL18
2026-03-27,Dress - Coral,173.0,DMAI0-2XL,Finished product,First,APT02-CHB01-FST-BOX-27,Storage,1.0,DMAI01,SOL18
2026-03-27,Dress - Blu,175.0,DTUB0-M-C,Finished product,First,APT02-CHB01-FST-BOX-23,Storage,1.0,DTUB01,SKY08
2026-03-27,Dress - Navy,173.0,DSAT0-M,Finished product,First,APT02-CHB01-FST-BOX-23,Storage,0.0,DSAT01,SOL14
2026-03-27,Dress - Wine,173.0,DMAI0-S,Finished product,First,APT02-CHB01-FST-BOX-23,Storage,1.0,DMAI01,AYE29
2026-03-27,Dress - Yellow,173.0,DTUB0-M,Finished product,First,APT02-CHB01-FST-BOX-23,Storage,1.0,DTUB01,ROC08
2026-03-27,Dress - Gold,173.0,DSAT0-XS,Finished product,Second,APT02-CHB01-2ND-BOX-20,Storage,1.0,DSAT01,DHA20
2026-03-27,Swimsuit - Rose,,SDIO0-S,Finished product,First,APT01-CHA01-ARM02-NIV01,Storage,4.0,SDIO01,BLO03
2026-03-27,Swimsuit - Rose,,SDIO0-M,Finished product,First,APT01-CHA01-ARM02-NIV01,Storage,4.0,SDIO01,BLO03
2026-03-27,Swimsuit - Rose,,SDIO0-L,Finished product,First,APT01-CHA01-ARM02-NIV01,Storage,9.0,SDIO01,BLO03
2026-03-27,Swimsuit - Rose,,SDIO0-XL,Finished product,First,APT01-CHA01-ARM02-NIV01,Storage,1.0,SDIO01,BLO03
2026-03-27,Swimsuit - Rose,,SDIO0-2XL,Finished product,First,APT01-CHA01-ARM02-NIV01,Storage,1.0,SDIO01,BLO03
2026-03-27,Swimsuit - Rose,,SDIO0-3XL,Finished product,First,APT01-CHA01-ARM02-NIV01,Storage,3.0,SDIO01,BLO03
2026-03-27,Swimsuit - Rose,,SNAB0-S,Finished product,First,APT01-CHA01-ARM02-NIV01,Storage,5.0,SNAB01,BLO03
2026-03-27,Swimsuit - Rose,,SNAB0-L,Finished product,First,APT01-CHA01-ARM02-NIV01,Storage,2.0,SNAB01,BLO03
2026-03-27,Swimsuit - Rose,,SNAB0-2XL,Finished product,First,APT01-CHA01-ARM02-NIV01,Storage,2.0,SNAB01,BLO03
2026-03-27,Swimsuit - Rose,,SNAB0-3XL,Finished product,First,APT01-CHA01-ARM02-NIV01,Storage,3.0,SNAB01,BLO03
2026-03-27,Swimsuit - Rose,,SLEI0-S,Finished product,First,APT01-CHA01-ARM02-NIV01,Storage,5.0,SLEI01,BLO03
2026-03-27,Swimsuit - Rose,,SLEI0-M,Finished product,First,APT01-CHA01-ARM02-NIV01,Storage,6.0,SLEI01,BLO03
2026-03-27,Swimsuit - Rose,,SLEI0-L,Finished product,First,APT01-CHA01-ARM02-NIV01,Storage,1.0,SLEI01,BLO03
2026-03-27,Swimsuit - Rose,,SLEI0-2XL,Finished product,First,APT01-CHA01-ARM02-NIV01,Storage,2.0,SLEI01,BLO03
2026-03-27,Swimsuit - Rose,,SLEI0-3XL,Finished product,First,APT01-CHA01-ARM02-NIV01,Storage,1.0,SLEI01,BLO03
2026-03-27,Swimsuit - Rose,,SIDY0-S,Finished product,First,APT01-CHA01-ARM02-NIV02,Storage,1.0,SIDY01,BAT03
2026-03-27,Swimsuit - Rose,,SIDY0-3XL,Finished product,First,APT01-CHA01-ARM02-NIV02,Storage,3.0,SIDY01,BAT03
2026-03-27,Swimsuit - Blu,,SINF0-S,Finished product,First,APT01-CHA01-ARM02-NIV02,Storage,4.0,SINF01,SWI03
2026-03-27,Swimsuit - Blu,,SINF0-M,Finished product,First,APT01-CHA01-ARM02-NIV02,Storage,5.0,SINF01,SWI03
2026-03-27,Swimsuit - Teal,,SLEI0-L,Finished product,First,APT01-CHA01-ARM02-NIV02,Storage,7.0,SLEI01,BLO03
2026-03-27,Swimsuit - Teal,,SLEI0-2XL,Finished product,First,APT01-CHA01-ARM02-NIV02,Storage,1.0,SLEI01,BLO03
2026-03-27,Swimsuit - Teal,,SLEI0-3XL,Finished product,First,APT01-CHA01-ARM02-NIV02,Storage,2.0,SLEI01,BLO03
2026-03-27,Swimsuit - Mustard,,SNAB0-L,Finished product,First,APT01-CHA01-ARM02-NIV03,Storage,8.0,SNAB01,JAR03
2026-03-27,Swimsuit - Mustard,,SNAB0-M,Finished product,First,APT01-CHA01-ARM02-NIV03,Storage,4.0,SNAB01,JAR03
2026-03-27,Swimsuit - Mustard,,SNAB0-3XL,Finished product,First,APT01-CHA01-ARM02-NIV03,Storage,1.0,SNAB01,JAR03
2026-03-27,Swimsuit - Noir,,SMAA0-L,Finished product,First,APT01-CHA01-ARM02-NIV03,Storage,10.0,SMAA01,HER03
2026-03-27,Dress - Blu,173.0,DMAR0-L,Finished product,Second,APT02-CHB01-2ND-BOX-52,Storage,1.0,DMAR01,GYR08
2026-03-27,Dress - Blu,173.0,DMAR0-M,Finished product,Second,APT02-CHB01-2ND-BOX-52,Storage,1.0,DMAR01,GYR08
2026-03-27,Dress - Blu,173.0,DMAR0-2XL,Finished product,Second,APT02-CHB01-2ND-BOX-52,Storage,1.0,DMAR01,GYR08
2026-03-27,Pants - Gold,173.0,PLEE0-L,Finished product,Second,APT02-CHB01-2ND-BOX-52,Storage,1.0,PLEE01,DHA20
2026-03-27,Pants - Gold,173.0,PLEE0-XL,Finished product,Second,APT02-CHB01-2ND-BOX-52,Storage,1.0,PLEE01,DHA20
2026-03-27,Dress - Gold,173.0,DMAY0-2XL,Finished product,Second,APT02-CHB01-2ND-BOX-52,Storage,1.0,DMAY01,FIO08
2026-03-27,Dress - Gold,173.0,DMAY0-L,Finished product,Second,APT02-CHB01-2ND-BOX-52,Storage,1.0,DMAY01,FIO08
2026-03-27,Swimsuit - Blu,,SINF0-L,Finished product,Second,APT02-CHB01-2ND-BOX-52,Storage,1.0,SINF01,SWI03
2026-03-27,Swimsuit - Blu,,SINF0-M,Finished product,Second,APT02-CHB01-2ND-BOX-52,Storage,1.0,SINF01,SWI03
2026-03-27,Swimsuit - Rose,,SNAB0-S,Finished product,Second,APT02-CHB01-2ND-BOX-52,Storage,1.0,SNAB01,BLO03
2026-03-27,Swimsuit - Rose,,SNAB0-L,Finished product,Second,APT02-CHB01-2ND-BOX-52,Storage,1.0,SNAB01,BLO03
2026-03-27,Swimsuit - Noir,,SAYL0-L,Finished product,Second,APT02-CHB01-2ND-BOX-52,Storage,1.0,SAYL01,LAV03
2026-03-27,Swimsuit - Noir,,SAYL0-M,Finished product,Second,APT02-CHB01-2ND-BOX-52,Storage,1.0,SAYL01,LAV03
2026-03-27,Swimsuit - Mustard,,SIDY0-S,Finished product,Second,APT02-CHB01-2ND-BOX-52,Storage,2.0,SIDY01,JAR03
2026-03-27,Swimsuit - Noir,,SIDY0-S,Finished product,Second,APT02-CHB01-2ND-BOX-52,Storage,1.0,SIDY01,ISL03
2026-03-27,Swimsuit - Noir,,SIDY0-L,Finished product,Second,APT02-CHB01-2ND-BOX-52,Storage,1.0,SIDY01,ISL03
2026-03-27,Swimsuit - Rose,,SIDY0-S,Finished product,Second,APT02-CHB01-2ND-BOX-52,Storage,2.0,SIDY01,BAT03
2026-03-27,Kimono - Blu,,KSIR0-L,Finished product,Second,APT02-CHB01-2ND-BOX-51,Storage,1.0,KSIR01,BAT08
2026-03-27,Kimono - Blu,,KSIR0-S,Finished product,Second,APT02-CHB01-2ND-BOX-51,Storage,1.0,KSIR01,BAT08
2026-03-27,Dress - Gold,,DMAI0-L,Finished product,Second,APT02-CHB01-2ND-BOX-51,Storage,1.0,DMAI01,FIO08
2026-03-27,Dress - Gold,,DMAI0-S,Finished product,Second,APT02-CHB01-2ND-BOX-51,Storage,1.0,DMAI01,FIO08
2026-03-27,Swimsuit - Noir,,SMAA0-M,Finished product,First,APT01-CHA01-ARM02-NIV03,Storage,10.0,SMAA01,HER03
2026-03-27,Swimsuit - Noir,,SMAA0-S,Finished product,First,APT01-CHA01-ARM02-NIV03,Storage,10.0,SMAA01,HER03
2026-03-27,Swimsuit - Noir,,SMAA0-XL,Finished product,First,APT01-CHA01-ARM02-NIV03,Storage,3.0,SMAA01,HER03
2026-03-27,Swimsuit - Orange,,SARA0-M,Finished product,First,APT01-CHA01-ARM02-NIV04,Storage,10.0,SARA01,BEL03
2026-03-27,Swimsuit - Orange,,SARA0-S,Finished product,First,APT01-CHA01-ARM02-NIV04,Storage,10.0,SARA01,BEL03
2026-03-27,Swimsuit - Orange,,SARA0-L,Finished product,First,APT01-CHA01-ARM02-NIV04,Storage,5.0,SARA01,BEL03
2026-03-27,Swimsuit - Orange,,SAYL0-S,Finished product,First,APT01-CHA01-ARM02-NIV04,Storage,6.0,SAYL01,BEL03
2026-03-27,Swimsuit - Orange,,SAYL0-M,Finished product,First,APT01-CHA01-ARM02-NIV04,Storage,7.0,SAYL01,BEL03
2026-03-27,Swimsuit - Orange,,SAYL0-L,Finished product,First,APT01-CHA01-ARM02-NIV04,Storage,2.0,SAYL01,BEL03
2026-03-27,Swimsuit - Orange,,SAYL0-2XL,Finished product,First,APT01-CHA01-ARM02-NIV04,Storage,4.0,SAYL01,BEL03
2026-03-27,Swimsuit - Blue,,SNAB0-L,Finished product,First,APT01-CHA01-ARM02-NIV04,Storage,10.0,SNAB01,KAI03
2026-03-27,Swimsuit - Blue,,SNAB0-M,Finished product,First,APT01-CHA01-ARM02-NIV04,Storage,7.0,SNAB01,KAI03
2026-03-27,Swimsuit - Blue,,SNAB0-S,Finished product,First,APT01-CHA01-ARM02-NIV04,Storage,16.0,SNAB01,KAI03
2026-03-27,Swimsuit - Aqua,,SIDY0-L,Finished product,First,APT01-CHA01-ARM03-NIV00,Storage,9.0,SIDY01,PLA03
2026-03-27,Swimsuit - Aqua,,SIDY0-M,Finished product,First,APT01-CHA01-ARM03-NIV00,Storage,1.0,SIDY01,PLA03
2026-03-27,Swimsuit - Aqua,,SIDY0-S,Finished product,First,APT01-CHA01-ARM03-NIV00,Storage,3.0,SIDY01,PLA03
2026-03-27,Swimsuit - Aqua,,SLEI0-M,Finished product,First,APT01-CHA01-ARM03-NIV00,Storage,4.0,SLEI01,PLA03
2026-03-27,Swimsuit - Aqua,,SLEI0-S,Finished product,First,APT01-CHA01-ARM03-NIV00,Storage,3.0,SLEI01,PLA03
2026-03-27,Swimsuit - Aqua,,SLEI0-L,Finished product,First,APT01-CHA01-ARM03-NIV00,Storage,1.0,SLEI01,PLA03
2026-03-27,Swimsuit - Aqua,,SNAB0-L,Finished product,First,APT01-CHA01-ARM03-NIV00,Storage,6.0,SNAB01,PLA03
2026-03-27,Swimsuit - Aqua,,SNAB0-M,Finished product,First,APT01-CHA01-ARM03-NIV00,Storage,1.0,SNAB01,PLA03
2026-03-27,Swimsuit - Aqua,,SNAB0-S,Finished product,First,APT01-CHA01-ARM03-NIV00,Storage,2.0,SNAB01,PLA03
2026-03-30,Dress - Noir,173.0,DSAT0-XS,Finished product,First,APT02-CHB01-FST-BOX-27,Storage,3.0,DSAT01,SCR08
2026-03-30,Dress - Noir,173.0,DSAT0-S,Finished product,First,APT02-CHB01-FST-BOX-27,Storage,4.0,DSAT01,SCR08
2026-03-30,Dress - Noir,173.0,DSAT0-M,Finished product,First,APT02-CHB01-FST-BOX-27,Storage,5.0,DSAT01,SCR08
2026-03-30,Dress - Noir,173.0,DSAT0-L,Finished product,First,APT02-CHB01-FST-BOX-27,Storage,5.0,DSAT01,SCR08
2026-03-30,Dress - Noir,173.0,DSAT0-XL,Finished product,First,APT02-CHB01-FST-BOX-27,Storage,4.0,DSAT01,SCR08
2026-03-30,Dress - Noir,173.0,DSAT0-2XL,Finished product,First,APT02-CHB01-FST-BOX-27,Storage,1.0,DSAT01,SCR08
2026-03-30,Dress - Noir,173.0,DSAT0-3XL,Finished product,First,APT02-CHB01-FST-BOX-27,Storage,1.0,DSAT01,SCR08
2026-03-30,Dress - Noir,173.0,DSAT0-2XL,Finished product,First,APT02-CHB01-FST-BOX-23,Storage,-1.0,DSAT01,SIE08
2026-03-30,Dress - Cream,173.0,DMAI0-XS,Finished product,First,APT02-CHB01-FST-BOX-28,Storage,3.0,DMAI01,SOL14
2026-03-30,Dress - Cream,173.0,DMAI0-S,Finished product,First,APT02-CHB01-FST-BOX-28,Storage,12.0,DMAI01,SOL14
2026-03-30,Dress - Cream,173.0,DMAI0-M,Finished product,First,APT02-CHB01-FST-BOX-28,Storage,16.0,DMAI01,SOL14
2026-03-30,Dress - Cream,173.0,DMAI0-L,Finished product,First,APT02-CHB01-FST-BOX-28,Storage,5.0,DMAI01,SOL14
2026-03-30,Dress - Cream,173.0,DMAI0-XL,Finished product,First,APT02-CHB01-FST-BOX-28,Storage,2.0,DMAI01,SOL14
2026-03-30,Dress - Cream,173.0,DMAI0-2XL,Finished product,First,APT02-CHB01-FST-BOX-28,Storage,1.0,DMAI01,SOL14
2026-03-30,Dress - Cream,173.0,DMAI0-3XL,Finished product,First,APT02-CHB01-FST-BOX-28,Storage,1.0,DMAI01,SOL14
2026-03-30,Dress - Orange,173.0,DNAI0-XS,Finished product,First,APT02-CHB01-FST-BOX-28,Storage,2.0,DNAI01,BEL08
2026-03-30,Dress - Orange,173.0,DNAI0-S,Finished product,First,APT02-CHB01-FST-BOX-28,Storage,2.0,DNAI01,BEL08
2026-03-30,Dress - Orange,173.0,DNAI0-M,Finished product,First,APT02-CHB01-FST-BOX-28,Storage,3.0,DNAI01,BEL08
2026-03-30,Dress - Orange,173.0,DNAI0-L,Finished product,First,APT02-CHB01-FST-BOX-28,Storage,3.0,DNAI01,BEL08
2026-03-30,Dress - Orange,173.0,DNAI0-XL,Finished product,First,APT02-CHB01-FST-BOX-28,Storage,3.0,DNAI01,BEL08
2026-03-30,Swimsuit - Vert,,SAYL0-M,Finished product,First,APT01-CHA01-ARM03-NIV02,Storage,8.0,SAYL01,BEL03
2026-03-30,Swimsuit - Vert,,SAYL0-L,Finished product,First,APT01-CHA01-ARM03-NIV02,Storage,6.0,SAYL01,BEL03
2026-03-30,Swimsuit - Vert,,SAYL0-S,Finished product,First,APT01-CHA01-ARM03-NIV02,Storage,9.0,SAYL01,BEL03
2026-03-30,Swimsuit - Vert,,SAYL0-2XL,Finished product,First,APT01-CHA01-ARM03-NIV02,Storage,4.0,SAYL01,BEL03
2026-03-30,Swimsuit - Orange,,SDIO0-S,Finished product,First,APT01-CHA01-ARM03-NIV02,Storage,5.0,SDIO01,ARB03
2026-03-30,Swimsuit - Orange,,SDIO0-3XL,Finished product,First,APT01-CHA01-ARM03-NIV02,Storage,2.0,SDIO01,ARB03
2026-03-30,Swimsuit - Blu,,SCAY0-L,Finished product,First,APT01-CHA01-ARM03-NIV03,Storage,5.0,SCAY01,ARI03
2026-03-30,Swimsuit - Blu,,SCAY0-M,Finished product,First,APT01-CHA01-ARM03-NIV03,Storage,3.0,SCAY01,ARI03
2026-03-30,Swimsuit - Blu,,SCAY0-S,Finished product,First,APT01-CHA01-ARM03-NIV03,Storage,3.0,SCAY01,ARI03
2026-03-30,Swimsuit - Blu,,SLEI0-L,Finished product,First,APT01-CHA01-ARM03-NIV03,Storage,7.0,SLEI01,ARI03
2026-03-30,Swimsuit - Blu,,SLEI0-M,Finished product,First,APT01-CHA01-ARM03-NIV03,Storage,3.0,SLEI01,ARI03
2026-03-30,Swimsuit - Blu,,SLEI0-S,Finished product,First,APT01-CHA01-ARM03-NIV03,Storage,4.0,SLEI01,ARI03
2026-03-30,Swimsuit - blue,,SINF0-S,Finished product,First,APT01-CHA01-ARM03-NIV03,Storage,5.0,SINF01,SOL03
2026-03-30,Swimsuit - blue,,SINF0-L,Finished product,First,APT01-CHA01-ARM03-NIV03,Storage,2.0,SINF01,SOL03
2026-03-30,Swimsuit - Vert,,SAYL0-S,Finished product,First,APT01-CHA01-ARM03-NIV04,Storage,5.0,SAYL01,NAR03
2026-03-30,Swimsuit - Vert,,SAYL0-L,Finished product,First,APT01-CHA01-ARM03-NIV04,Storage,9.0,SAYL01,NAR03
2026-03-30,Swimsuit - Vert,,SAYL0-M,Finished product,First,APT01-CHA01-ARM03-NIV04,Storage,7.0,SAYL01,NAR03
2026-03-30,Swimsuit - Vert,,SAYL0-2XL,Finished product,First,APT01-CHA01-ARM03-NIV04,Storage,5.0,SAYL01,NAR03
2026-03-30,Swimsuit - Vert,,SAYL0-XL,Finished product,First,APT01-CHA01-ARM03-NIV04,Storage,4.0,SAYL01,NAR03
2026-03-30,Swimsuit - Vert,,SARA0-M,Finished product,First,APT01-CHA01-ARM03-NIV04,Storage,9.0,SARA01,NAR03
2026-03-30,Swimsuit - Vert,,SARA0-S,Finished product,First,APT01-CHA01-ARM03-NIV04,Storage,9.0,SARA01,NAR03
2026-03-30,Swimsuit - Vert,,SARA0-L,Finished product,First,APT01-CHA01-ARM03-NIV04,Storage,2.0,SARA01,NAR03
2026-03-30,Swimsuit - Vert,,SNIA0-2XL,Finished product,First,APT01-CHA01-ARM03-NIV01,Storage,5.0,SNIA01,NAR03
2026-03-30,Swimsuit - Vert,,SNIA0-XL,Finished product,First,APT01-CHA01-ARM03-NIV01,Storage,3.0,SNIA01,NAR03
2026-03-30,Swimsuit - Vert,,SNIA0-S,Finished product,First,APT01-CHA01-ARM03-NIV01,Storage,5.0,SNIA01,NAR03
2026-03-30,Swimsuit - Vert,,SNIA0-L,Finished product,First,APT01-CHA01-ARM03-NIV01,Storage,8.0,SNIA01,NAR03
2026-03-30,Swimsuit - Vert,,SNIA0-M,Finished product,First,APT01-CHA01-ARM03-NIV01,Storage,2.0,SNIA01,NAR03
2026-03-30,Dress - Rust,173.0,DLAL0-M,Finished product,First,APT02-CHB01-FST-BOX-24,Destocking,-1.0,DLAL01,CHI08
2026-03-31,Kimono - Noir,173.0,KSIR0-L,Finished product,First,APT02-CHB01-FST-BOX-25,Destocking,-1.0,KSIR01,ZHY12
2026-03-30,Dress - Noir,173.0,DELA0-XL,Finished product,First,APT02-CHB01-FST-BOX-26,Destocking,-1.0,DELA01,SIE08
2026-03-30,Top - Gold,173.0,TAJA0-M,Finished product,Second,APT02-CHB01-2ND-BOX-27,Destocking,-1.0,TAJA01,FIO08
2026-03-31,Dress - Noir,173.0,DELA0-2XL,Finished product,First,APT02-CHB01-FST-BOX-26,Destocking,-1.0,DELA01,SIE08
2026-03-31,Swimsuit - Rose,,SNAB0-L,Finished product,Second,APT02-CHB01-2ND-BOX-52,Storage,1.0,SNAB01,BLO03
2026-03-31,Pants - Gold,173.0,PLEE0-S,Finished product,Second,APT02-CHB01-2ND-BOX-53,Storage,5.0,PLEE01,SUT08
2026-03-31,Pants - Gold,173.0,PLEE0-M,Finished product,Second,APT02-CHB01-2ND-BOX-53,Storage,2.0,PLEE01,SUT08
2026-03-31,Pants - Gold,173.0,PLEE0-XS,Finished product,Second,APT02-CHB01-2ND-BOX-53,Storage,2.0,PLEE01,SUT08
2026-03-31,Pants - Gold,173.0,PLEE0-2XL,Finished product,Second,APT02-CHB01-2ND-BOX-53,Storage,2.0,PLEE01,SUT08
2026-03-31,Pants - Teal,173.0,PLEE0-L,Finished product,Second,APT02-CHB01-2ND-BOX-53,Storage,3.0,PLEE01,BLO08
2026-03-31,Pants - Teal,173.0,PLEE0-M,Finished product,Second,APT02-CHB01-2ND-BOX-53,Storage,4.0,PLEE01,BLO08
2026-03-31,Pants - Teal,173.0,PLEE0-3XL,Finished product,Second,APT02-CHB01-2ND-BOX-53,Storage,1.0,PLEE01,BLO08
2026-03-31,Pants - Teal,173.0,PLEE0-S,Finished product,Second,APT02-CHB01-2ND-BOX-53,Storage,1.0,PLEE01,BLO08
2026-03-31,Pants - Teal,173.0,PLEE0-XS,Finished product,Second,APT02-CHB01-2ND-BOX-53,Storage,1.0,PLEE01,BLO08
2026-03-31,Pants - Cream,173.0,PLEE0-M,Finished product,Second,APT02-CHB01-2ND-BOX-53,Storage,4.0,PLEE01,TIL08
2026-03-31,Pants - Cream,173.0,PLEE0-S,Finished product,Second,APT02-CHB01-2ND-BOX-53,Storage,1.0,PLEE01,TIL08
2026-03-31,Pants - Cream,173.0,PLEE0-XS,Finished product,Second,APT02-CHB01-2ND-BOX-53,Storage,1.0,PLEE01,TIL08
2026-03-31,Pants - Noir,173.0,PLEE0-2XL,Finished product,Second,APT02-CHB01-2ND-BOX-53,Storage,2.0,PLEE01,HER08
2026-03-31,Pants - Noir,173.0,PLEE0-M,Finished product,Second,APT02-CHB01-2ND-BOX-53,Storage,1.0,PLEE01,HER08
2026-03-31,Pants - Noir,173.0,PLEE0-XL,Finished product,Second,APT02-CHB01-2ND-BOX-53,Storage,1.0,PLEE01,HER08
2026-03-31,Pants - Black,173.0,PLEE1-M,Finished product,Second,APT02-CHB01-2ND-BOX-53,Storage,2.0,PLEE11,LIN08
2026-03-31,Pants - Black,173.0,PLEE1-L,Finished product,Second,APT02-CHB01-2ND-BOX-53,Storage,1.0,PLEE11,LIN08
2026-03-31,Pants - Vert,173.0,PLEE0-L,Finished product,Second,APT02-CHB01-2ND-BOX-53,Storage,1.0,PLEE01,SAL08
2026-03-31,Pants - Vert,173.0,PLEE0-XS,Finished product,Second,APT02-CHB01-2ND-BOX-53,Storage,1.0,PLEE01,SAL08
2026-03-31,pants - Noir,173.0,PLEE0-3XL,Finished product,Second,APT02-CHB01-2ND-BOX-53,Storage,1.0,PLEE01,SOL14
2026-03-31,pants - Noir,173.0,PLEE0-XL,Finished product,Second,APT02-CHB01-2ND-BOX-53,Storage,1.0,PLEE01,SOL14
2026-03-31,pants - Noir,173.0,PLEE0-2XL,Finished product,Second,APT02-CHB01-2ND-BOX-53,Storage,1.0,PLEE01,SOL14
2026-03-31,pants - Noir,173.0,PLEE0-XS,Finished product,Second,APT02-CHB01-2ND-BOX-53,Storage,1.0,PLEE01,SOL14
2026-03-31,pants - Rust,173.0,PLEE0-S,Finished product,Second,APT02-CHB01-2ND-BOX-53,Storage,1.0,PLEE01,SOL14
2026-03-31,Pants - Noir,173.0,PLEE0-XS,Finished product,Second,APT02-CHB01-2ND-BOX-52,Storage,1.0,PLEE01,TUK08
2026-03-31,top - Cream,173.0,TZAN0-L,Finished product,Second,APT02-CHB01-2ND-BOX-52,Storage,1.0,TZAN01,TIL08
2026-03-31,top - Blu,173.0,TZAN0-S,Finished product,Second,APT02-CHB01-2ND-BOX-52,Storage,1.0,TZAN01,LAV08
2026-03-31,Dress - Noir,173.0,DSAT0-S,Finished product,Second,APT02-CHB01-2ND-BOX-52,Storage,1.0,DSAT01,LAV08
2026-03-31,Pants - Rust,173.0,PLEE0-XS,Finished product,Second,APT02-CHB01-2ND-BOX-53,Storage,1.0,PLEE01,SUT08
2026-03-31,Kimono - Noir,173.0,KMIN0-ML,Finished product,Second,APT02-CHB01-2ND-BOX-52,Storage,1.0,KMIN01,HER08
2026-03-31,Kimono - Noir,173.0,KMIN0-2XL,Finished product,Second,APT02-CHB01-2ND-BOX-52,Storage,1.0,KMIN01,HER08
2026-03-31,Jumpsuit - Noir,173.0,JUMY0-XS,Finished product,Second,APT02-CHB01-2ND-BOX-53,Storage,5.0,JUMY01,TUK08
2026-03-31,Jumpsuit - Noir,173.0,JUMY0-2XL,Finished product,Second,APT02-CHB01-2ND-BOX-53,Storage,1.0,JUMY01,TUK08
2026-03-31,Jumpsuit - Blue,173.0,JUMY0-XS,Finished product,Second,APT02-CHB01-2ND-BOX-53,Storage,1.0,JUMY01,YRA08
2026-03-31,Dress - Blanc,183.0,DMAY0-XS-C,Finished product,Second,APT02-CHB01-2ND-BOX-53,Storage,1.0,DMAY01,SOL14
2026-03-31,Dress - Blanc,173.0,DAMA0-XS,Finished product,Second,APT02-CHB01-2ND-BOX-53,Storage,1.0,DAMA01,SOL14
2026-03-31,Dress - Navy,173.0,DSAT0-2XL,Finished product,Second,APT02-CHB01-2ND-BOX-53,Storage,1.0,DSAT01,SOL14
2026-03-31,Kimono - Mustard,173.0,KAWA0-XS,Finished product,Second,APT02-CHB01-2ND-BOX-53,Storage,1.0,KAWA01,JAR08
2026-03-31,Kimono - White,173.0,KAWA0-L,Finished product,Second,APT02-CHB01-2ND-BOX-53,Storage,1.0,KAWA01,ZEN08
2026-03-31,Dress - Gold,173.0,DMAI0-M,Finished product,Second,APT02-CHB01-2ND-BOX-53,Storage,1.0,DMAI01,FIO08
2026-03-31,Dress - White,173.0,DMAI0-S,Finished product,Second,APT02-CHB01-2ND-BOX-53,Storage,1.0,DMAI01,ZEN08
2026-03-31,Dress - Gold,173.0,DLAL0-XL,Finished product,Second,APT02-CHB01-2ND-BOX-53,Storage,2.0,DLAL01,SUT08
2026-03-31,Dress - Rust,173.0,DMAD0-XL,Finished product,Second,APT02-CHB01-2ND-BOX-53,Storage,1.0,DMAD01,SCR12
2026-03-31,Kimono - Yellow,173.0,KMIN1-XSS,Finished product,Second,APT02-CHB01-2ND-BOX-53,Storage,1.0,KMIN11,ANA08
2026-03-31,Headwrap - Teal,,XMOU0-S,Finished product,Second,APT02-CHB01-2ND-BOX-53,Storage,1.0,XMOU01,BLO08
2026-03-31,Headwrap - Gold,,XMOU0-S,Finished product,Second,APT02-CHB01-2ND-BOX-53,Storage,2.0,XMOU01,SUT08
2026-03-31,Headwrap - Blanc,,XMOU0-S,Finished product,Second,APT02-CHB01-2ND-BOX-53,Storage,3.0,XMOU01,ARP08
2026-03-31,Headwrap - Rose,,XMOU0-S,Finished product,Second,APT02-CHB01-2ND-BOX-53,Storage,1.0,XMOU01,BLO08
2026-03-31,Headwrap - Noir,,XMOU0-S,Finished product,Second,APT02-CHB01-2ND-BOX-53,Storage,1.0,XMOU01,SCR08
2026-03-31,Headwrap - Noir,,XMOU0-S,Finished product,Second,APT02-CHB01-2ND-BOX-53,Storage,1.0,XMOU01,IMA08
2026-03-31,Headwrap - Blu,,XMOU0-S,Finished product,Second,APT02-CHB01-2ND-BOX-53,Storage,1.0,XMOU01,SUT08
2026-03-31,Headwrap - Red,,XMOU0-S,Finished product,Second,APT02-CHB01-2ND-BOX-53,Storage,1.0,XMOU01,ZAR08
2026-03-31,Headwrap - Noir,,XMOU0-S,Finished product,Second,APT02-CHB01-2ND-BOX-53,Storage,2.0,XMOU01,ISL08
2026-03-31,Headwrap - Mustard,,XMOU0-S,Finished product,Second,APT02-CHB01-2ND-BOX-53,Storage,2.0,XMOU01,JAR08
2026-03-31,Headwrap - Blu,,XMOU0-S,Finished product,Second,APT02-CHB01-2ND-BOX-53,Storage,1.0,XMOU01,ARI08
2026-03-31,Headwrap - Vert,,XMOU0-S,Finished product,Second,APT02-CHB01-2ND-BOX-53,Storage,1.0,XMOU01,SAL08
2026-03-31,Headwrap - Noir,,XMOU0-S,Finished product,Second,APT02-CHB01-2ND-BOX-53,Storage,1.0,XMOU01,TUK08
2026-03-31,Headwrap - Orange,,XMOU0-S,Finished product,Second,APT02-CHB01-2ND-BOX-53,Storage,1.0,XMOU01,PAL08
2026-03-31,Headwrap - Olive,,XMOU0-S,Finished product,Second,APT02-CHB01-2ND-BOX-53,Storage,1.0,XMOU01,AYE29
2026-03-31,Headwrap - Rose,,XMOU0-S,Finished product,Second,APT02-CHB01-2ND-BOX-53,Storage,1.0,XMOU01,ABS08
2026-03-31,Headwrap - Rust,,XMOU0-S,Finished product,Second,APT02-CHB01-2ND-BOX-53,Storage,1.0,XMOU01,DHA20
2026-03-31,Dress - Blu,173.0,DSAT0-M,Finished product,Second,APT02-CHB01-2ND-BOX-54,Storage,1.0,DSAT01,SUT08
2026-03-31,Dress - Noir,158.0,DSAT0-S-C,Finished product,Second,APT02-CHB01-2ND-BOX-52,Storage,1.0,DSAT01,LAV08
2026-03-31,Jumpsuit - Rose,173.0,JKAI0-M,Finished product,Second,APT02-CHB01-2ND-BOX-54,Storage,1.0,JKAI01,ATO08
2026-03-31,Jumpsuit - Rose,173.0,JKAI0-S,Finished product,Second,APT02-CHB01-2ND-BOX-54,Storage,1.0,JKAI01,ATO08
2026-03-31,Dress - Rose,176.0,DSAT0-M-C,Finished product,Second,APT02-CHB01-2ND-BOX-54,Storage,1.0,DSAT01,ATO08
2026-03-31,Dress - Blu,173.0,DSAT0-XS,Finished product,Second,APT02-CHB01-2ND-BOX-54,Storage,1.0,DSAT01,COS08
2026-03-31,Dress - Gold,173.0,DSAT0-M,Finished product,Second,APT02-CHB01-2ND-BOX-54,Storage,1.0,DSAT01,DHA20
2026-03-31,Dress - Vert,158.0,DSAT0-M-C,Finished product,Second,APT02-CHB01-2ND-BOX-54,Storage,1.0,DSAT01,SAL08
2026-03-31,Pants - Black,173.0,PLEE1-3XL,Finished product,Second,APT02-CHB01-2ND-BOX-54,Storage,1.0,PLEE11,LIN08
2026-03-31,Dress - Orange,173.0,DSAT0-3XL,Finished product,Second,APT02-CHB01-2ND-BOX-54,Storage,1.0,DSAT01,PAL08
2026-03-31,Dress - Blu,173.0,DSAT0-XS,Finished product,Second,APT02-CHB01-2ND-BOX-54,Storage,1.0,DSAT01,COS08
2026-03-31,Dress - Vert,173.0,DSAT0-S,Finished product,Second,APT02-CHB01-2ND-BOX-54,Storage,1.0,DSAT01,SAL08
2026-03-31,Dress - Gold,173.0,DMAI0-XS,Finished product,Second,APT02-CHB01-2ND-BOX-54,Storage,1.0,DMAI01,FIO08
2026-03-31,Dress - Gold,173.0,DMAI0-XL,Finished product,Second,APT02-CHB01-2ND-BOX-54,Storage,1.0,DMAI01,FIO08
2026-03-31,Dress - Mustard,173.0,DMAI0-2XL,Finished product,Second,APT02-CHB01-2ND-BOX-54,Storage,2.0,DMAI01,JAR08
2026-03-31,Dress - Blu,173.0,DMAI0-L,Finished product,Second,APT02-CHB01-2ND-BOX-54,Storage,1.0,DMAI01,ARI08
2026-03-31,Dress - Noir,173.0,DMAI0-XS,Finished product,Second,APT02-CHB01-2ND-BOX-54,Storage,1.0,DMAI01,SOL14
2026-03-31,Dress - Gold,173.0,DMAI0-2XL,Finished product,Second,APT02-CHB01-2ND-BOX-54,Storage,1.0,DMAI01,SUT08
2026-03-31,Dress - Mustard,173.0,DMAI0-,Finished product,Second,APT02-CHB01-2ND-BOX-54,Storage,1.0,DMAI01,SOL14
2026-03-31,Dress - Olive,173.0,DMAI0-S,Finished product,Second,APT02-CHB01-2ND-BOX-54,Storage,1.0,DMAI01,AYE29
2026-03-31,Dress - Blanc,173.0,DMAI0-XL,Finished product,Second,APT02-CHB01-2ND-BOX-54,Storage,1.0,DMAI01,ART08
2026-03-31,Dress - Rust,173.0,DKUD0-L,Finished product,Second,APT02-CHB01-2ND-BOX-54,Storage,1.0,DKUD01,SOL14
2026-03-31,Dress - Orange,173.0,DDAL0-2XL,Finished product,Second,APT02-CHB01-2ND-BOX-54,Storage,1.0,DDAL01,BAL22
2026-03-31,Dress - Noir,173.0,DNAI0-M,Finished product,Second,APT02-CHB01-2ND-BOX-54,Storage,1.0,DNAI01,LAV08
2026-03-31,Top - Teal,173.0,TSAH1-L,Finished product,Second,APT02-CHB01-2ND-BOX-54,Storage,1.0,TSAH11,BAO08
2026-03-31,Top - Cream,173.0,TNAK0-XS,Finished product,Second,APT02-CHB01-2ND-BOX-54,Storage,1.0,TNAK01,SOL14
2026-03-31,Dress - Gold,173.0,DLAL0-XS,Finished product,Second,APT02-CHB01-2ND-BOX-54,Storage,1.0,DLAL01,SUT08
2026-03-31,Pants - Gold,173.0,PLEE0-3XL,Finished product,Second,APT02-CHB01-2ND-BOX-54,Storage,1.0,PLEE01,SUT08
2026-03-31,Pants - Noir,173.0,PLEE0-XL,Finished product,Second,APT02-CHB01-2ND-BOX-54,Storage,1.0,PLEE01,SOL14
2026-03-31,Dress - Noir,173.0,DDIA0-M,Finished product,Second,APT02-CHB01-2ND-BOX-54,Storage,1.0,DDIA01,SOL14
2026-03-31,Dress - Noir,173.0,DDIA0-2XL,Finished product,Second,APT02-CHB01-2ND-BOX-54,Storage,1.0,DDIA01,SOL14
2026-03-31,Top - Rust,173.0,TLEN0-2XL,Finished product,Second,APT02-CHB01-2ND-BOX-54,Storage,1.0,TLEN01,SOL14
2026-03-31,Pants - Rust,173.0,PLEE0-XL,Finished product,Second,APT02-CHB01-2ND-BOX-54,Storage,1.0,PLEE01,SOL14
2026-03-31,Dress - Rust,173.0,DRUK0-3XL,Finished product,Second,APT02-CHB01-2ND-BOX-54,Storage,1.0,DRUK01,SOL14
2026-03-31,Pants - Cream,173.0,PLEE0-XS,Finished product,Second,APT02-CHB01-2ND-BOX-54,Storage,1.0,PLEE01,SOL14
2026-03-31,Dress - Blanc,173.0,DMBU0-ML,Finished product,Second,APT02-CHB01-2ND-BOX-54,Storage,1.0,DMBU01,ART08
2026-03-31,Pants - Gold,173.0,PLEE0-S,Finished product,Second,APT02-CHB01-2ND-BOX-54,Storage,1.0,PLEE01,DHA20
2026-03-31,Skirt - Noir,173.0,YSEU0-ML,Finished product,Second,APT02-CHB01-2ND-BOX-54,Storage,1.0,YSEU01,IMA08
2026-03-31,Skirt - Blanc,173.0,YLAA0-XL,Finished product,Second,APT02-CHB01-2ND-BOX-54,Storage,1.0,YLAA01,BIJ28
2026-03-31,Top - Blanc,173.0,TWAI0-3XL,Finished product,Second,APT02-CHB01-2ND-BOX-54,Storage,1.0,TWAI01,SOL16
2026-03-31,Dress - Vert,173.0,DSAT0-L,Finished product,Second,APT02-CHB01-2ND-BOX-54,Storage,1.0,DSAT01,SAL08
2026-03-31,Dress - Vert,173.0,DDAL0-S,Finished product,Second,APT02-CHB01-2ND-BOX-54,Storage,1.0,DDAL01,ZEE24
2026-03-31,Dress - Mustard,173.0,DNAI0-XL,Finished product,Second,APT02-CHB01-2ND-BOX-54,Storage,1.0,DNAI01,ZEE24
2026-03-31,Pants - Noir,173.0,PLEE0-L,Finished product,Second,APT02-CHB01-2ND-BOX-54,Storage,1.0,PLEE01,IMA08
2026-03-31,top - Blu,173.0,TZAN0-M,Finished product,Second,APT02-CHB01-2ND-BOX-54,Storage,1.0,TZAN01,SUT08
2026-03-31,Top - Black,173.0,TFAT0-2XL,Finished product,Second,APT02-CHB01-2ND-BOX-54,Storage,1.0,TFAT01,LIN08
2026-03-31,Pants - Noir,173.0,PJAN0-S,Finished product,Second,APT02-CHB01-2ND-BOX-54,Storage,1.0,PJAN01,ISL08
2026-03-31,Pants - Vert,173.0,PJAN0-XS,Finished product,Second,APT02-CHB01-2ND-BOX-54,Storage,1.0,PJAN01,PAL08
2026-03-31,Pants - Blu,173.0,PJAN0-M,Finished product,Second,APT02-CHB01-2ND-BOX-54,Storage,1.0,PJAN01,FRO08
2026-03-31,Top - Noir,173.0,TRIT0-XS,Finished product,Second,APT02-CHB01-2ND-BOX-54,Storage,1.0,TRIT01,ALI08
2026-04-01,Dress - Navy,173.0,DMAI0-XS,Finished product,First,APT02-CHB01-FST-BOX-29,Storage,3.0,DMAI01,SOL14
2026-04-01,Dress - Navy,173.0,DMAI0-S,Finished product,First,APT02-CHB01-FST-BOX-29,Storage,12.0,DMAI01,SOL14
2026-04-01,Dress - Navy,173.0,DMAI0-M,Finished product,First,APT02-CHB01-FST-BOX-29,Storage,16.0,DMAI01,SOL14
2026-04-01,Dress - Navy,173.0,DMAI0-L,Finished product,First,APT02-CHB01-FST-BOX-29,Storage,5.0,DMAI01,SOL14
2026-04-01,Dress - Navy,173.0,DMAI0-XL,Finished product,First,APT02-CHB01-FST-BOX-29,Storage,2.0,DMAI01,SOL14
2026-04-01,Dress - Navy,173.0,DMAI0-2XL,Finished product,First,APT02-CHB01-FST-BOX-29,Storage,1.0,DMAI01,SOL14
2026-04-01,Dress - Navy,173.0,DMAI0-3XL,Finished product,First,APT02-CHB01-FST-BOX-29,Storage,1.0,DMAI01,SOL14
2026-04-02,Dress - Rust,173.0,DMAI0-XS,Finished product,First,APT02-CHB01-FST-BOX-30,Storage,3.0,DMAI01,SOL14
2026-04-02,Dress - Rust,173.0,DMAI0-S,Finished product,First,APT02-CHB01-FST-BOX-30,Storage,12.0,DMAI01,SOL14
2026-04-02,Dress - Rust,173.0,DMAI0-M,Finished product,First,APT02-CHB01-FST-BOX-30,Storage,16.0,DMAI01,SOL14
2026-04-02,Dress - Rust,173.0,DMAI0-L,Finished product,First,APT02-CHB01-FST-BOX-30,Storage,5.0,DMAI01,SOL14
2026-04-02,Dress - Rust,173.0,DMAI0-XL,Finished product,First,APT02-CHB01-FST-BOX-30,Storage,2.0,DMAI01,SOL14
2026-04-02,Dress - Rust,173.0,DMAI0-2XL,Finished product,First,APT02-CHB01-FST-BOX-30,Storage,1.0,DMAI01,SOL14
2026-04-02,Dress - Rust,173.0,DMAI0-3XL,Finished product,First,APT02-CHB01-FST-BOX-30,Storage,1.0,DMAI01,SOL14
2026-04-03,Dress - Yellow,173.0,DTUB0-M,Finished product,First,APT02-CHB01-FST-BOX-23,Destocking,-1.0,DTUB01,ROC08
2026-04-03,Dress - Teal,173.0,DNAI0-L,Finished product,First,APT02-CHB01-FST-BOX-23,Destocking,-1.0,DNAI01,ZEE24
2026-04-03,Dress - Blu,165.0,DTUB0-S-C,Finished product,First,APT02-CHB01-FST-BOX-23,Storage,1.0,DTUB01,SKY08
2026-04-02,Dress - Olive,173.0,DTUB1-S,Finished product,First,APT02-CHB01-FST-BOX-23,Destocking,-1.0,DTUB11,VIV40
2026-04-07,Dress - Mustard,173.0,DMAI0-XS,Finished product,First,APT02-CHB01-FST-BOX-30,Storage,3.0,DMAI01,SOL14
2026-04-07,Dress - Mustard,173.0,DMAI0-S,Finished product,First,APT02-CHB01-FST-BOX-30,Storage,12.0,DMAI01,SOL14
2026-04-07,Dress - Mustard,173.0,DMAI0-M,Finished product,First,APT02-CHB01-FST-BOX-30,Storage,16.0,DMAI01,SOL14
2026-04-07,Dress - Mustard,173.0,DMAI0-L,Finished product,First,APT02-CHB01-FST-BOX-28,Storage,5.0,DMAI01,SOL14
2026-04-07,Dress - Mustard,173.0,DMAI0-XL,Finished product,First,APT02-CHB01-FST-BOX-28,Storage,2.0,DMAI01,SOL14
2026-04-07,Dress - Mustard,173.0,DMAI0-2XL,Finished product,First,APT02-CHB01-FST-BOX-28,Storage,1.0,DMAI01,SOL14
2026-04-07,Dress - Mustard,173.0,DMAI0-3XL,Finished product,First,APT02-CHB01-FST-BOX-28,Storage,1.0,DMAI01,SOL14
2026-04-07,Swimsuit - Blue,,SNAB0-M,Finished product,First,APT01-CHA01-ARM02-NIV04,Destocking,-1.0,SNAB01,KAI03
2026-04-07,Dress - Blu,173.0,DTUB0-L,Finished product,First,APT02-CHB01-FST-BOX-23,Destocking,-1.0,DTUB01,AUR08
2026-04-07,Dress - Noir,173.0,DSAT0-L,Finished product,First,APT02-CHB01-FST-BOX-27,Destocking,0.0,DSAT01,SCR08
2026-04-07,Kimono - Teal,173.0,KBOU0-OS,Finished product,Second,APT02-CHB01-2ND-BOX-23,Destocking,-1.0,KBOU01,BWA08
2026-04-07,Dress - Noir,173.0,DJWA0-M,Finished product,First,APT02-CHB01-FST-BOX-23,Destocking,-1.0,DJWA01,SIE08
2026-04-07,Dress - Gold,173.0,DSAT0-XS,Finished product,Second,APT02-CHB01-2ND-BOX-20,Destocking,-1.0,DSAT01,DHA20
2026-04-07,Dress - Noir,173.0,DNAI0-L,Finished product,Second,APT02-CHB01-2ND-BOX-20,Destocking,-1.0,DNAI01,LUZ08
2026-04-07,Dress - Vert,173.0,DSAT0-M,Finished product,Second,APT02-CHB01-2ND-BOX-9,Destocking,-1.0,DSAT01,SAL08
2026-04-08,Dress - Blu,173.0,DTUB0-L,Finished product,First,APT02-CHB01-FST-BOX-23,Storage,1.0,DTUB01,AUR08
2026-04-09,Dress - Blu,173.0,DTUB0-L,Finished product,First,APT02-CHB01-FST-BOX-23,Destocking,-1.0,DTUB01,AUR08
2026-04-09,Kimono - Noir,173.0,KSIR0-XL,Finished product,First,APT02-CHB01-FST-BOX-24,Destocking,-1.0,KSIR01,ZHY12
2026-04-09,Dress - Orange,173.0,DNAI0-M,Finished product,First,APT02-CHB01-FST-BOX-28,Destocking,-1.0,DNAI01,BEL08
2026-04-09,Dress - Orange,173.0,DNAI0-S,Finished product,First,APT02-CHB01-FST-BOX-28,Destocking,-2.0,DNAI01,BEL08
2026-04-09,Dress - Blu,173.0,DNAI0-XS,Finished product,Second,APT02-CHB01-2ND-BOX-20,Destocking,-1.0,DNAI01,PAL08
2026-04-09,Dress - Noir,173.0,DNIS0-S,Finished product,Second,APT02-CHB01-2ND-BOX-25,Destocking,-1.0,DNIS01,ALI08
2026-04-09,Poncho - Teal,173.0,OAMY1-OS,Finished product,First,APT02-CHB01-FST-BOX-12,Destocking,-1.0,OAMY11,BAO08
2026-04-09,Dress - Gold,173.0,DSAT0-M,Finished product,Second,APT02-CHB01-2ND-BOX-54,Destocking,-1.0,DSAT01,DHA20
2026-04-09,Dress - Noir,173.0,DSAT0-L,Finished product,Second,APT02-CHB01-2ND-BOX-10,Destocking,-1.0,DSAT01,SCR08
2026-04-09,Skirt - Noir,173.0,YSEU0-ML,Finished product,Second,APT02-CHB01-2ND-BOX-27,Destocking,-1.0,YSEU01,ABS08
2026-04-09,Skirt - Navy,173.0,YSEU0-ML,Finished product,Second,APT02-CHB01-2ND-BOX-19,Destocking,-1.0,YSEU01,COS08
2026-04-09,Skirt - Vert,173.0,YSEU0-XL,Finished product,Second,APT02-CHB01-2ND-BOX-19,Destocking,-1.0,YSEU01,ZEE24
2026-04-09,Kimono - Blu,,KSIR0-L,Finished product,Second,APT02-CHB01-2ND-BOX-51,Destocking,-1.0,KSIR01,BAT08
2026-04-09,Kimono - Noir,173.0,KSIR0-M,Finished product,First,APT02-CHB01-FST-BOX-25,Destocking,-1.0,KSIR01,ISL12
2026-04-09,Pants - Noir,173.0,PLEE0-M,Finished product,Second,APT02-CHB01-2ND-BOX-17,Destocking,-1.0,PLEE01,SOL14
2026-04-09,Dress - Noir,173.0,DMAI0-XS,Finished product,Second,APT02-CHB01-2ND-BOX-54,Destocking,-1.0,DMAI01,SOL14
2026-04-09,Dress - Noir,173.0,DMAY0-XS,Finished product,Second,APT02-CHB01-2ND-BOX-3,Destocking,-1.0,DMAY01,SOL14
2026-04-09,Top - Rust,173.0,TSAH0-XS,Finished product,Second,APT02-CHB01-2ND-BOX-27,Destocking,-1.0,TSAH01,SOL14
2026-04-09,Jumpsuit - Blanc,173.0,JUMY0-S,Finished product,Second,APT02-CHB01-2ND-BOX-21,Destocking,-1.0,JUMY01,SOL10
2026-04-09,Top - Blanc,173.0,TWAI0-XS,Finished product,Second,APT02-CHB01-2ND-BOX-27,Destocking,-1.0,TWAI01,SOL16
2026-04-09,Dress - White,173.0,DTUN0-L,Finished product,Second,APT02-CHB01-2ND-BOX-24,Destocking,-1.0,DTUN01,SIN08
2026-04-09,Jumpsuit - Black,173.0,JUMY0-S,Finished product,Second,APT02-CHB01-2ND-BOX-22,Destocking,-1.0,JUMY01,LIN08
2026-04-09,Dress - Rust,173.0,DMAI0-L,Finished product,First,APT02-CHB01-FST-BOX-30,Destocking,-1.0,DMAI01,SOL14
2026-04-09,Swimsuit - Orange,,SDIO0-S,Finished product,First,APT01-CHA01-ARM03-NIV02,Destocking,-1.0,SDIO01,ARB03
2026-04-09,Swimsuit - Vert,,SIDY0-S,Finished product,Second,APT02-CHB01-2ND-BOX-49,Destocking,-1.0,SIDY01,GAR03
2026-04-09,Swimsuit - Blu,,SINF0-S,Finished product,First,APT01-CHA01-ARM01-NIV03,Destocking,-1.0,SINF01,ATO03
2026-04-09,Swimsuit - Rose,,SLEI0-M,Finished product,First,APT01-CHA01-ARM01-NIV04,Destocking,-1.0,SLEI01,JAR03
2026-04-09,Swimsuit - Rose,,SNAB0-M,Finished product,First,APT01-CHA01-ARM01-NIV03,Destocking,-1.0,SNAB01,ATO03
2026-04-09,Swimsuit - Aqua,,SNAB0-M,Finished product,First,APT01-CHA01-ARM03-NIV00,Destocking,-1.0,SNAB01,PLA03
2026-04-09,Jumpsuit - Black,173.0,JALA1-2XL,Finished product,Second,APT02-CHB01-2ND-BOX-46,Destocking,-1.0,JALA11,LIN08
2026-04-09,Top - Gold,173.0,TEVA0-S,Finished product,Second,APT02-CHB01-2ND-BOX-28,Destocking,-1.0,TEVA01,TEX08
2026-04-09,Pants - Navy,173.0,PKEY0-S,Finished product,Second,APT02-CHB01-2ND-BOX-46,Destocking,-1.0,PKEY01,SOL14
2026-04-09,Top - Blanc,173.0,TKIN0-M,Finished product,Second,APT02-CHB01-2ND-BOX-27,Destocking,-1.0,TKIN01,RAI08
2026-04-09,Pants - Black,173.0,PLEE1-M,Finished product,Second,APT02-CHB01-2ND-BOX-5,Destocking,-1.0,PLEE11,LIN08
2026-04-09,Pants - Teal,173.0,PLEE0-L,Finished product,Second,APT02-CHB01-2ND-BOX-18,Destocking,-1.0,PLEE01,BLO08
2026-04-09,Pants - Cream,173.0,PLEE0-S,Finished product,Second,APT02-CHB01-2ND-BOX-5,Destocking,-1.0,PLEE01,TIL08
2026-04-09,Dress - White,173.0,DMAI0-XS,Finished product,Second,APT02-CHB01-2ND-BOX-48,Destocking,-1.0,DMAI01,SIN08
2026-04-09,Dress - Navy,173.0,DMAI0-S,Finished product,First,APT02-CHB01-FST-BOX-29,Destocking,-1.0,DMAI01,SOL14
2026-04-09,Kimono - Black,173.0,KAWA0-2XL,Finished product,Second,APT02-CHB01-2ND-BOX-23,Destocking,-1.0,KAWA01,SUT08
2026-04-09,Kimono - Yellow,173.0,KMIN1-ML,Finished product,Second,APT02-CHB01-2ND-BOX-22,Destocking,-1.0,KMIN11,ANA08
2026-04-09,Kimono - Yellow,173.0,KMIN1-XSS,Finished product,Second,APT02-CHB01-2ND-BOX-22,Destocking,-1.0,KMIN11,ANA08
2026-04-09,Kimono - Teal,173.0,KMIN0-ML,Finished product,Second,APT02-CHB01-2ND-BOX-22,Destocking,-1.0,KMIN01,BLO08
2026-04-09,Kimono - Cream,173.0,KMIN0-ML,Finished product,Second,APT02-CHB01-2ND-BOX-22,Destocking,-1.0,KMIN01,TIL08
2026-04-10,Dress - Noir,173.0,DSAT0-L,Finished product,Second,APT02-CHB01-2ND-BOX-10,Destocking,-2.0,DSAT01,HER08
2026-04-10,Dress - Blu,173.0,DSAT0-S,Finished product,Second,APT02-CHB01-2ND-BOX-11,Destocking,-1.0,DSAT01,COS08
2026-04-10,Dress - Gold,173.0,DMAY0-L,Finished product,Second,APT02-CHB01-2ND-BOX-13,Destocking,-1.0,DMAY01,FIO08
2026-04-10,Dress - Noir,173.0,DLAL0-XL,Finished product,Second,APT02-CHB01-2ND-BOX-19,Destocking,-1.0,DLAL01,ALI08
2026-04-10,Skirt - Rose,173.0,YSEU0-ML,Finished product,Second,APT02-CHB01-2ND-BOX-19,Destocking,0.0,YSEU01,BLO08
2026-04-10,Skirt - Aqua,173.0,YSEU0-ML,Finished product,Second,APT02-CHB01-2ND-BOX-19,Destocking,-1.0,YSEU01,PLA08
2026-04-10,Skirt - Aqua,173.0,YSEU0-XSS,Finished product,Second,APT02-CHB01-2ND-BOX-19,Destocking,-1.0,YSEU01,PLA08
2026-04-10,Pants - Noir,173.0,PLEE0-M,Finished product,Second,APT02-CHB01-2ND-BOX-2,Destocking,-1.0,PLEE01,SOL14
2026-04-10,Pants - Noir,173.0,PLEE0-S,Finished product,Second,APT02-CHB01-2ND-BOX-2,Destocking,-1.0,PLEE01,SOL14
2026-04-10,Dress - Rose,173.0,DSAT0-L,Finished product,Second,APT02-CHB01-2ND-BOX-20,Destocking,-1.0,DSAT01,ATO08
2026-04-10,Dress - Noir,173.0,DSAT0-S,Finished product,Second,APT02-CHB01-2ND-BOX-20,Destocking,-1.0,DSAT01,HER08
2026-04-10,Dress - Rust,173.0,DSAT0-XL,Finished product,Second,APT02-CHB01-2ND-BOX-20,Destocking,-1.0,DSAT01,SUT08
2026-04-10,Kimono - Teal,173.0,KMIN0-ML,Finished product,Second,APT02-CHB01-2ND-BOX-22,Destocking,-1.0,KMIN01,BLO08
2026-04-10,Kimono - Noir,173.0,KMIN0-XSS,Finished product,Second,APT02-CHB01-2ND-BOX-22,Destocking,-1.0,KMIN01,HER08
2026-04-10,Kimono - Cream,173.0,KMIN0-ML,Finished product,Second,APT02-CHB01-2ND-BOX-22,Destocking,-2.0,KMIN01,TIL08
2026-04-10,Kimono - Teal,173.0,KBOU0-OS,Finished product,Second,APT02-CHB01-2ND-BOX-23,Destocking,-1.0,KBOU01,BWA08
2026-04-10,Kimono - Blu,173.0,KCAB0-ML,Finished product,Second,APT02-CHB01-2ND-BOX-23,Destocking,-1.0,KCAB01,SWI12
2026-04-10,Dress - Vert,173.0,DMAR0-XS,Finished product,Second,APT02-CHB01-2ND-BOX-23,Destocking,0.0,DMAR01,GAR08
2026-04-10,Kimono - Rose,173.0,KSIR0-S,Finished product,Second,APT02-CHB01-2ND-BOX-23,Destocking,-1.0,KSIR01,ABS12
2026-04-10,Kimono - Orange,173.0,KSIR0-S,Finished product,Second,APT02-CHB01-2ND-BOX-23,Destocking,-1.0,KSIR01,BEL12
2026-04-10,Dress - Vert,173.0,DDIA0-XS,Finished product,Second,APT02-CHB01-2ND-BOX-24,Destocking,-1.0,DDIA01,BAT08
2026-04-10,Dress - Rose,173.0,DDIA0-S,Finished product,Second,APT02-CHB01-2ND-BOX-24,Destocking,-1.0,DDIA01,SAL08
2026-04-10,Dress - Rust,173.0,DDIA0-L,Finished product,Second,APT02-CHB01-2ND-BOX-24,Destocking,-1.0,DDIA01,SOL14
2026-04-10,Dress - White,173.0,DTUN0-L,Finished product,Second,APT02-CHB01-2ND-BOX-24,Destocking,-1.0,DTUN01,SIN08
2026-04-10,Dress - gold,173.0,DEDE0-XS,Finished product,Second,APT02-CHB01-2ND-BOX-25,Destocking,-1.0,DEDE01,DHA20
2026-04-10,Jumpsuit - Noir,173.0,JKAI0-XS,Finished product,Second,APT02-CHB01-2ND-BOX-25,Destocking,-1.0,JKAI01,ISL08
2026-04-10,Dress - Blu,173.0,DMYR0-L,Finished product,Second,APT02-CHB01-2ND-BOX-25,Destocking,-1.0,DMYR01,ZAH23
2026-04-10,Dress - Noir,173.0,DNIS0-XS,Finished product,Second,APT02-CHB01-2ND-BOX-25,Destocking,-1.0,DNIS01,ALI08
2026-04-10,Dress - Vert,173.0,DNIS0-S,Finished product,Second,APT02-CHB01-2ND-BOX-25,Destocking,-1.0,DNIS01,BAT08
2026-04-10,Dress - Mustard,173.0,DRHE0-S,Finished product,Second,APT02-CHB01-2ND-BOX-25,Destocking,-1.0,DRHE01,ZEE24
2026-04-10,Dress - Blu,173.0,DMAI0-3XL,Finished product,Second,APT02-CHB01-2ND-BOX-26,Destocking,-1.0,DMAI01,ARI08
2026-04-10,Dress - White,173.0,DMAI0-XS,Finished product,Second,APT02-CHB01-2ND-BOX-26,Destocking,-1.0,DMAI01,SIN08
2026-04-10,Skirt - Cream,173.0,YYAS0-XS,Finished product,Second,APT02-CHB01-2ND-BOX-26,Destocking,-1.0,YYAS01,SOL14
2026-04-10,Dress - Black,173.0,DAST1-S,Finished product,Second,APT02-CHB01-2ND-BOX-27,Destocking,-1.0,DAST11,SUT08
2026-04-10,Top - Black,173.0,TFAT0-M,Finished product,Second,APT02-CHB01-2ND-BOX-27,Destocking,-2.0,TFAT01,LIN08
2026-04-10,Top - Blanc,173.0,TKIN0-XL,Finished product,Second,APT02-CHB01-2ND-BOX-27,Destocking,-1.0,TKIN01,RAI08
2026-04-10,Top - Aqua,173.0,TNAK0-M,Finished product,Second,APT02-CHB01-2ND-BOX-27,Destocking,-1.0,TNAK01,PLA08
2026-04-10,Top - Rust,173.0,TAID0-L,Finished product,Second,APT02-CHB01-2ND-BOX-27,Destocking,-1.0,TAID01,SOL14
2026-04-10,top - Teal,173.0,TZAN0-S,Finished product,Second,APT02-CHB01-2ND-BOX-27,Destocking,-1.0,TZAN01,SOL14
2026-04-10,Top - Navy,173.0,TWAI0-S,Finished product,Second,APT02-CHB01-2ND-BOX-27,Destocking,-1.0,TWAI01,TAO25
2026-04-10,top - Cream,173.0,TZAN0-2XL,Finished product,Second,APT02-CHB01-2ND-BOX-27,Destocking,-1.0,TZAN01,TIL08
2026-04-10,Dress - Vert,173.0,DFAN0-M,Finished product,Second,APT02-CHB01-2ND-BOX-28,Destocking,-1.0,DFAN01,SAL08
2026-04-10,Kimono - Yellow,173.0,KMIN1-XL,Finished product,Second,APT02-CHB01-2ND-BOX-30,Destocking,-1.0,KMIN11,ANA08
2026-04-10,Kimono - Cream,173.0,KMIN0-XL,Finished product,Second,APT02-CHB01-2ND-BOX-36,Destocking,-1.0,KMIN01,TIL08
2026-04-10,Dress - Blu,173.0,DMAR0-M,Finished product,Second,APT02-CHB01-2ND-BOX-31,Destocking,-2.0,DMAR01,GYR08
2026-04-10,Skirt - Noir,173.0,YSEU0-XSS,Finished product,Second,APT02-CHB01-2ND-BOX-39,Destocking,-2.0,YSEU01,HER08
2026-04-10,Pants - Blu,173.0,PLEE0-M,Finished product,Second,APT02-CHB01-2ND-BOX-4,Destocking,-1.0,PLEE01,BAT08
2026-04-10,Pants - Navy,173.0,PLEE0-L,Finished product,Second,APT02-CHB01-2ND-BOX-4,Destocking,-1.0,PLEE01,COS08
2026-04-10,Pants - Navy,173.0,PLEE0-XS,Finished product,Second,APT02-CHB01-2ND-BOX-4,Destocking,-1.0,PLEE01,COS08
2026-04-10,Pants - Rust,173.0,PLEE0-L,Finished product,Second,APT02-CHB01-2ND-BOX-4,Destocking,-1.0,PLEE01,SOL14
2026-04-10,Pants - Rust,173.0,PLEE0-XL,Finished product,Second,APT02-CHB01-2ND-BOX-4,Destocking,-1.0,PLEE01,SOL14
2026-04-10,Dress - White,173.0,DMAI0-M,Finished product,Second,APT02-CHB01-2ND-BOX-45,Destocking,-1.0,DMAI01,ZEN08
2026-04-10,Top - Rust,173.0,TSAH0-L,Finished product,Second,APT02-CHB01-2ND-BOX-46,Destocking,0.0,TSAH01,SOL14
2026-04-10,Dress - Gold,173.0,DLAL0-M,Finished product,Second,APT02-CHB01-2ND-BOX-47,Destocking,-1.0,DLAL01,SUT08
2026-04-10,Swimsuit - Vert,,SIDY0-S,Finished product,Second,APT02-CHB01-2ND-BOX-49,Destocking,-1.0,SIDY01,GAR03
2026-04-10,Swimsuit - Rust,,SIDY0-S,Finished product,Second,APT02-CHB01-2ND-BOX-49,Destocking,-1.0,SIDY01,SCR03
2026-04-10,Kimono - Rose,173.0,KMIN0-XSS,Finished product,Second,APT02-CHB01-2ND-BOX-49,Destocking,-1.0,KMIN01,ATO08
2026-04-10,Pants - Black,173.0,PLEE1-S,Finished product,Second,APT02-CHB01-2ND-BOX-5,Destocking,-1.0,PLEE11,LIN08
2026-04-11,Dress - Orange,173.0,DNAI0-XL,Finished product,First,APT02-CHB01-FST-BOX-28,Destocking,-1.0,DNAI01,BEL08
2026-04-10,Pants - Noir,173.0,PLEE0-XS,Finished product,Second,APT02-CHB01-2ND-BOX-52,Destocking,-1.0,PLEE01,TUK08
2026-04-10,Pants - Black,173.0,PLEE1-L,Finished product,Second,APT02-CHB01-2ND-BOX-53,Destocking,-1.0,PLEE11,LIN08
2026-04-10,Pants - Black,173.0,PLEE1-M,Finished product,Second,APT02-CHB01-2ND-BOX-53,Destocking,-1.0,PLEE11,LIN08
2026-04-10,Pants - Teal,173.0,PLEE0-M,Finished product,Second,APT02-CHB01-2ND-BOX-53,Destocking,-1.0,PLEE01,BLO08
2026-04-10,Dress - Blanc,173.0,DAMA0-XS,Finished product,Second,APT02-CHB01-2ND-BOX-53,Destocking,-1.0,DAMA01,SOL14
2026-04-10,Jumpsuit - Rose,173.0,JKAI0-M,Finished product,Second,APT02-CHB01-2ND-BOX-54,Destocking,-1.0,JKAI01,ATO08
2026-04-10,Skirt - Blanc,173.0,YLAA0-XL,Finished product,Second,APT02-CHB01-2ND-BOX-54,Destocking,-1.0,YLAA01,BIJ28
2026-04-10,Pants - Noir,173.0,PLEE0-L,Finished product,Second,APT02-CHB01-2ND-BOX-54,Destocking,-1.0,PLEE01,IMA08
2026-04-10,Dress - Blu,173.0,DMAI0-L,Finished product,Second,APT02-CHB01-2ND-BOX-54,Destocking,-1.0,DMAI01,ARI08
2026-04-10,Dress - Blanc,173.0,DMAI0-XL,Finished product,Second,APT02-CHB01-2ND-BOX-54,Destocking,-1.0,DMAI01,ART08
2026-04-10,Skirt - Noir,173.0,YSEU0-ML,Finished product,Second,APT02-CHB01-2ND-BOX-54,Destocking,-1.0,YSEU01,IMA08
2026-04-10,Dress - Noir,173.0,DDIA0-2XL,Finished product,Second,APT02-CHB01-2ND-BOX-54,Destocking,-1.0,DDIA01,SOL14
2026-04-10,Dress - Noir,173.0,DDIA0-M,Finished product,Second,APT02-CHB01-2ND-BOX-54,Destocking,-1.0,DDIA01,SOL14
2026-04-10,Dress - Rust,173.0,DKUD0-L,Finished product,Second,APT02-CHB01-2ND-BOX-54,Destocking,-1.0,DKUD01,SOL14
2026-04-10,Dress - Rust,173.0,DRUK0-3XL,Finished product,Second,APT02-CHB01-2ND-BOX-54,Destocking,-1.0,DRUK01,SOL14
2026-04-10,Pants - Black,173.0,PLEE0-L,Finished product,Second,APT02-CHB01-2ND-BOX-7,Destocking,-1.0,PLEE01,SOK08
2026-04-10,Pants - Black,173.0,PLEE0-S,Finished product,Second,APT02-CHB01-2ND-BOX-7,Destocking,-1.0,PLEE01,SOK08
2026-04-10,Swimsuit - Blu,,SNAB0-S,Finished product,First,APT01-CHA01-ARM01-NIV02,Destocking,-1.0,SNAB01,BAT03
2026-04-10,Swimsuit - Rose,,SNIA0-L,Finished product,First,APT01-CHA01-ARM02-NIV00,Destocking,0.0,SNIA01,ABS03
2026-04-10,Swimsuit - Rose,,SIDY0-S,Finished product,First,APT01-CHA01-ARM02-NIV02,Destocking,-1.0,SIDY01,BAT03
2026-04-10,Swimsuit - Orange,,SAYL0-L,Finished product,First,APT01-CHA01-ARM02-NIV04,Destocking,-1.0,SAYL01,BEL03
2026-04-10,Swimsuit - Orange,,SAYL0-M,Finished product,First,APT01-CHA01-ARM02-NIV04,Destocking,-1.0,SAYL01,BEL03
2026-04-10,Swimsuit - Aqua,,SIDY0-S,Finished product,First,APT01-CHA01-ARM03-NIV00,Destocking,-1.0,SIDY01,PLA03
2026-04-10,Swimsuit - Blu,,SINF0-L,Finished product,First,APT01-CHA01-ARM03-NIV03,Destocking,-2.0,SINF01,SOL03
2026-04-10,Swimsuit - Vert,,SAYL0-L,Finished product,First,APT01-CHA01-ARM03-NIV04,Destocking,0.0,SAYL01,NAR03
2026-04-10,Poncho - Teal,173.0,OAMY1-OS,Finished product,First,APT02-CHB01-FST-BOX-12,Destocking,-2.0,OAMY11,BAO08
2026-04-10,Dress - Navy,173.0,DSAT0-2XL,Finished product,First,APT02-CHB01-FST-BOX-22,Destocking,-1.0,DSAT01,SOL14
2026-04-10,Dress - Navy,173.0,DSAT0-L,Finished product,First,APT02-CHB01-FST-BOX-22,Destocking,-1.0,DSAT01,SOL14
2026-04-10,Dress - Navy,173.0,DSAT0-M,Finished product,First,APT02-CHB01-FST-BOX-22,Destocking,-2.0,DSAT01,SOL14
2026-04-10,Kimono - Noir,173.0,KSIR0-L,Finished product,First,APT02-CHB01-FST-BOX-25,Destocking,-2.0,KSIR01,ISL12
2026-04-10,Kimono - Noir,173.0,KSIR0-M,Finished product,First,APT02-CHB01-FST-BOX-25,Destocking,-1.0,KSIR01,ISL12
2026-04-10,Kimono - Noir,173.0,KSIR0-XS,Finished product,First,APT02-CHB01-FST-BOX-25,Destocking,-1.0,KSIR01,ISL12
2026-04-10,Dress - Noir,173.0,DDIA0-L,Finished product,First,APT02-CHB01-FST-BOX-25,Destocking,-1.0,DDIA01,SOL14
2026-04-10,Dress - Mustard,173.0,DMAI0-XS,Finished product,First,APT02-CHB01-FST-BOX-25,Destocking,0.0,DMAI01,SOL14
2026-04-10,Dress - Olive,173.0,DMAI0-2XL,Finished product,First,APT02-CHB01-FST-BOX-25,Destocking,-1.0,DMAI01,SOL14
2026-04-10,Dress - Olive,173.0,DMAI0-XS,Finished product,First,APT02-CHB01-FST-BOX-25,Destocking,-3.0,DMAI01,SOL14
2026-04-10,Dress - Blanc,173.0,DRAM0-L,Finished product,First,APT02-CHB01-FST-BOX-26,Destocking,-3.0,DRAM01,BAN27
2026-04-10,Dress - Blanc,173.0,DRAM0-M,Finished product,First,APT02-CHB01-FST-BOX-26,Destocking,-1.0,DRAM01,BAN27
2026-04-10,Dress - Blanc,173.0,DRAM0-S,Finished product,First,APT02-CHB01-FST-BOX-26,Destocking,-5.0,DRAM01,BAN27
2026-04-10,Dress - Blanc,173.0,DRAM0-M,Finished product,First,APT02-CHB01-FST-BOX-26,Destocking,-1.0,DRAM01,BAN27
2026-04-10,Dress - Gold,173.0,DSAT0-L,Finished product,First,APT02-CHB01-FST-BOX-26,Destocking,-1.0,DSAT01,TEX08
2026-04-10,Dress - Gold,173.0,DSAT0-M,Finished product,First,APT02-CHB01-FST-BOX-26,Destocking,-1.0,DSAT01,TEX08
2026-04-10,Dress - Gold,173.0,DSAT0-S,Finished product,First,APT02-CHB01-FST-BOX-26,Destocking,-1.0,DSAT01,TEX08
2026-04-10,Dress - Gold,173.0,DSAT0-XS,Finished product,First,APT02-CHB01-FST-BOX-26,Destocking,-1.0,DSAT01,TEX08
2026-04-10,Dress - Noir,173.0,DSAT0-L,Finished product,First,APT02-CHB01-FST-BOX-27,Destocking,-1.0,DSAT01,SCR08
2026-04-10,Dress - Noir,173.0,DSAT0-M,Finished product,First,APT02-CHB01-FST-BOX-27,Destocking,-1.0,DSAT01,SCR08
2026-04-10,Dress - Coral,173.0,DMAI0-L,Finished product,First,APT02-CHB01-FST-BOX-27,Destocking,-1.0,DMAI01,SOL18
2026-04-10,Dress - Orange,173.0,DNAI0-L,Finished product,First,APT02-CHB01-FST-BOX-28,Destocking,-3.0,DNAI01,BEL08
2026-04-10,Dress - Orange,173.0,DNAI0-M,Finished product,First,APT02-CHB01-FST-BOX-28,Destocking,-2.0,DNAI01,BEL08
2026-04-10,Dress - Orange,173.0,DNAI0-XS,Finished product,First,APT02-CHB01-FST-BOX-28,Destocking,-1.0,DNAI01,BEL08
2026-04-10,Dress - Navy,173.0,DMAI0-M,Finished product,First,APT02-CHB01-FST-BOX-29,Destocking,-1.0,DMAI01,SOL14
2026-04-10,Dress - Rust,173.0,DMAI0-S,Finished product,First,APT02-CHB01-FST-BOX-30,Destocking,-1.0,DMAI01,SOL14
2026-04-10,Cape - Cream,173.0,OWRA1-OS,Finished product,First,APT02-CHB01-FST-BOX-6,Destocking,-1.0,OWRA11,SOL17
2026-04-10,Skirt - Rose,173.0,YSEU0-ML,Finished product,Second,APT02-CHB01-2ND-BOX-19,Destocking,0.0,YSEU01,BLO08
2026-04-10,Swimsuit - Rose,,SNIA0-L,Finished product,First,APT01-CHA01-ARM02-NIV00,Destocking,-1.0,SNIA01,ABS03
2026-04-10,Dress - Rose,173.0,DDIA0-S,Finished product,Second,APT02-CHB01-2ND-BOX-46,Destocking,-1.0,DDIA01,SAL08
2026-04-10,Skirt - Teal,173.0,YSEU0-ML,Finished product,Second,APT02-CHB01-2ND-BOX-38,Destocking,0.0,YSEU01,BLO08
2026-04-11,Swimsuit - Vert,,SAYL0-L,Finished product,First,APT01-CHA01-ARM03-NIV04,Destocking,0.0,SAYL01,NAR03
2026-04-11,Swimsuit - Blu,,SLEI0-L,Finished product,First,APT01-CHA01-ARM03-NIV03,Destocking,-2.0,SLEI01,ARI03
2026-04-11,Swimsuit - Rose,,SNAB0-L,Finished product,First,APT01-CHA01-ARM01-NIV04,Destocking,0.0,SNAB01,JAR03
2026-04-11,Dress - White,173.0,DMAI0-S,Finished product,Second,APT02-CHB01-2ND-BOX-45,Destocking,-1.0,DMAI01,ZEN08
2026-04-11,Dress - White,173.0,DMAI0-XS,Finished product,Second,APT02-CHB01-2ND-BOX-45,Destocking,-1.0,DMAI01,ZEN08
2026-04-11,Dress - Rust,173.0,DSAT0-M,Finished product,Second,APT02-CHB01-2ND-BOX-11,Destocking,-1.0,DSAT01,SUT08
2026-04-11,Skirt - Cream,173.0,YSEU0-ML,Finished product,Second,APT02-CHB01-2ND-BOX-45,Destocking,-1.0,YSEU01,TIL08
2026-04-11,Swimsuit - Noir,,SIDY0-S,Finished product,Second,APT02-CHB01-2ND-BOX-52,Destocking,-1.0,SIDY01,ISL03
2026-04-11,Jumpsuit - Black,173.0,JALA1-M,Finished product,Second,APT02-CHB01-2ND-BOX-46,Destocking,-1.0,JALA11,LIN08
2026-04-11,Jumpsuit - Black,173.0,JLEA0-L,Finished product,Second,APT02-CHB01-2ND-BOX-46,Destocking,-1.0,JLEA01,LIN08
2026-04-11,Dress - Noir,173.0,DDIA0-XL,Finished product,Second,APT02-CHB01-2ND-BOX-46,Destocking,-1.0,DDIA01,SOL14
2026-04-15,Dress - Teal,173.0,DMAY0-2XL,Finished product,Second,APT02-CHB01-2ND-BOX-3,Destocking,-1.0,DMAY01,SOL14
2026-04-11,Top - Rust,173.0,TSAH0-L,Finished product,Second,APT02-CHB01-2ND-BOX-46,Destocking,-1.0,TSAH01,SOL14
2026-04-11,Top - Blanc,173.0,TWAI0-XL,Finished product,Second,APT02-CHB01-2ND-BOX-46,Destocking,-1.0,TWAI01,SOL16
2026-04-15,Jumpsuit - blue,173.0,JUMY0-L,Finished product,Second,APT02-CHB01-2ND-BOX-8,Destocking,-1.0,JUMY01,YRA08
2026-04-11,Swimsuit - Rust,,SIDY0-S,Finished product,Second,APT02-CHB01-2ND-BOX-49,Destocking,-1.0,SIDY01,SCR03
2026-04-14,Dress - Noir,173.0,DSAT0-3XL,Finished product,Second,APT02-CHB01-2ND-BOX-51,Destocking,-2.0,DSAT01,SCR08
2026-04-15,Dress - Noir,173.0,DSAT0-2XL,Finished product,Second,APT02-CHB01-2ND-BOX-51,Destocking,-6.0,DSAT01,SCR08
2026-04-16,Skirt - Teal,173.0,YSEU0-XSS,Finished product,Second,APT02-CHB01-2ND-BOX-38,Destocking,-1.0,YSEU01,BLO08
2026-04-11,Pants - Noir,173.0,PLEE0-XS,Finished product,Second,APT02-CHB01-2ND-BOX-5,Destocking,-1.0,PLEE01,HER08
2026-04-11,Pants - Black,173.0,PLEE0-3XL,Finished product,Second,APT02-CHB01-2ND-BOX-5,Destocking,-1.0,PLEE01,SUT08
2026-04-11,Pants - Black,173.0,PLEE0-L,Finished product,Second,APT02-CHB01-2ND-BOX-5,Destocking,-1.0,PLEE01,SUT08
2026-04-11,Pants - Cream,173.0,PLEE0-M,Finished product,Second,APT02-CHB01-2ND-BOX-5,Destocking,-1.0,PLEE01,TIL08
2026-04-11,Dress - Aqua,173.0,DAMA0-L,Finished product,Second,APT02-CHB01-2ND-BOX-51,Destocking,-1.0,DAMA01,PLA08
2026-04-11,Dress - Noir,173.0,DMAI0-S,Finished product,Second,APT02-CHB01-2ND-BOX-51,Destocking,-1.0,DMAI01,SCR08
2026-04-11,Dress - Cream,173.0,DMAI0-XS,Finished product,Second,APT02-CHB01-2ND-BOX-49,Destocking,-1.0,DMAI01,ZEN08
2026-04-11,Pants - Black,173.0,PLEE1-M,Finished product,Second,APT02-CHB01-2ND-BOX-53,Destocking,-1.0,PLEE11,LIN08
2026-04-11,Skirt - Cream,173.0,YLYS0-L,Finished product,Second,APT02-CHB01-2ND-BOX-15,Destocking,-1.0,YLYS01,TIL08
2026-04-11,Pants - Rust,173.0,PLEE0-S,Finished product,Second,APT02-CHB01-2ND-BOX-4,Destocking,-1.0,PLEE01,SOL14
2026-04-11,Jumpsuit - Blu,173.0,JUMY0-XS,Finished product,Second,APT02-CHB01-2ND-BOX-53,Destocking,-1.0,JUMY01,YRA08
2026-04-11,Dress - Blanc,173.0,DMBU0-ML,Finished product,Second,APT02-CHB01-2ND-BOX-54,Destocking,-1.0,DMBU01,ART08
2026-04-11,Top - Vert,,TREE0-XL,Finished product,Second,APT02-CHB01-2ND-BOX-8,Destocking,-1.0,TREE01,SAL08
2026-04-11,Swimsuit - Rose,,SNAB0-M,Finished product,First,APT01-CHA01-ARM01-NIV03,Destocking,-1.0,SNAB01,ATO03
2026-04-11,Swimsuit - Rose,,SLEI0-L,Finished product,First,APT01-CHA01-ARM01-NIV04,Destocking,-1.0,SLEI01,JAR03
2026-04-11,Jumpsuit - Vert,173.0,JUMYO-L,Finished product,Second,APT02-CHB01-2ND-BOX-1,Destocking,-1.0,JUMYO1,SAL08
2026-04-11,Dress - Noir,173.0,DSAT0-XL,Finished product,Second,APT02-CHB01-2ND-BOX-10,Destocking,-1.0,DSAT01,HER08
2026-04-11,Dress - Noir,173.0,DSAT0-L,Finished product,Second,APT02-CHB01-2ND-BOX-10,Destocking,-2.0,DSAT01,HER08
2026-04-11,Kimono - White,173.0,KAWA0-M,Finished product,Second,APT02-CHB01-2ND-BOX-23,Destocking,-2.0,KAWA01,ZEN08
2026-04-11,Dress - Gold,173.0,DMAY0-L,Finished product,Second,APT02-CHB01-2ND-BOX-13,Destocking,-1.0,DMAY01,FIO08
2026-04-11,Dress - Gold,173.0,DMAY0-M,Finished product,Second,APT02-CHB01-2ND-BOX-13,Destocking,-1.0,DMAY01,FIO08
2026-04-11,Dress - Vert,173.0,DFAN0-L,Finished product,Second,APT02-CHB01-2ND-BOX-14,Destocking,-1.0,DFAN01,SAL08
2026-04-11,Dress - Vert,173.0,DFAN0-S,Finished product,Second,APT02-CHB01-2ND-BOX-14,Destocking,-1.0,DFAN01,SAL08
2026-04-11,Dress - Cream,173.0,DFAN0-L,Finished product,Second,APT02-CHB01-2ND-BOX-14,Destocking,-1.0,DFAN01,TIL08
2026-04-11,Dress - Cream,173.0,DFAN0-M,Finished product,Second,APT02-CHB01-2ND-BOX-14,Destocking,-2.0,DFAN01,TIL08
2026-04-11,Dress - Cream,173.0,DFAN0-XL,Finished product,Second,APT02-CHB01-2ND-BOX-14,Destocking,-1.0,DFAN01,TIL08
2026-04-11,Skirt - Cream,173.0,YLYS0-L,Finished product,Second,APT02-CHB01-2ND-BOX-15,Destocking,-1.0,YLYS01,TIL08
2026-04-11,Skirt - Cream,173.0,YLYS0-XS,Finished product,Second,APT02-CHB01-2ND-BOX-15,Destocking,-2.0,YLYS01,TIL08
2026-04-11,Pants - Black,173.0,PLEE1-L,Finished product,Second,APT02-CHB01-2ND-BOX-16,Destocking,-1.0,PLEE11,LIN08
2026-04-11,Pants - Black,173.0,PLEE1-S,Finished product,Second,APT02-CHB01-2ND-BOX-16,Destocking,-1.0,PLEE11,LIN08
2026-04-11,Pants - Rust,173.0,PLEE0-XS,Finished product,Second,APT02-CHB01-2ND-BOX-17,Destocking,-1.0,PLEE01,SUT08
2026-04-11,Dress - Gold,173.0,DMAY0-M,Finished product,Second,APT02-CHB01-2ND-BOX-18,Destocking,-1.0,DMAY01,TEX08
2026-04-11,Dress - Gold,173.0,DMAY0-XS,Finished product,Second,APT02-CHB01-2ND-BOX-18,Destocking,-1.0,DMAY01,TEX08
2026-04-11,Swimsuit - Vert,,SNAB0-S,Finished product,Second,APT02-CHB01-2ND-BOX-49,Destocking,-1.0,SNAB01,GAR03
2026-04-11,Skirt - Noir,173.0,YSEU0-XL,Finished product,Second,APT02-CHB01-2ND-BOX-39,Destocking,-3.0,YSEU01,HER08
2026-04-12,Pants - Cream,173.0,PLEE0-M,Finished product,Second,APT02-CHB01-2ND-BOX-53,Destocking,-1.0,PLEE01,TIL08
2026-04-11,Skirt - Teal,173.0,YSEU0-XSS,Finished product,Second,APT02-CHB01-2ND-BOX-19,Destocking,-1.0,YSEU01,SOL14
2026-04-11,Pants - Noir,173.0,PLEE0-XL,Finished product,Second,APT02-CHB01-2ND-BOX-2,Destocking,-1.0,PLEE01,SOL14
2026-04-11,Pants - Noir,173.0,PLEE0-L,Finished product,Second,APT02-CHB01-2ND-BOX-2,Destocking,-1.0,PLEE01,SOL14
2026-04-11,Dress - Noir,173.0,DSAT0-M,Finished product,Second,APT02-CHB01-2ND-BOX-20,Destocking,-2.0,DSAT01,HER08
2026-04-11,Dress - Noir,173.0,DSAT0-S,Finished product,Second,APT02-CHB01-2ND-BOX-20,Destocking,-1.0,DSAT01,HER08
2026-04-11,Dress - Noir,173.0,DSAT0-XS,Finished product,Second,APT02-CHB01-2ND-BOX-20,Destocking,-1.0,DSAT01,HER08
2026-04-11,Dress - Rust,173.0,DSAT0-S,Finished product,Second,APT02-CHB01-2ND-BOX-20,Destocking,-1.0,DSAT01,SUT08
2026-04-11,Kimono - Yellow,173.0,KMIN1-ML,Finished product,Second,APT02-CHB01-2ND-BOX-22,Destocking,-1.0,KMIN11,ANA08
2026-04-11,Kimono - Gold,173.0,KMIN0-XL,Finished product,Second,APT02-CHB01-2ND-BOX-22,Destocking,-1.0,KMIN01,SUT08
2026-04-11,Kimono - Cream,173.0,KMIN0-3XL,Finished product,Second,APT02-CHB01-2ND-BOX-22,Destocking,-2.0,KMIN01,TIL08
2026-04-11,Kimono - Vert,173.0,KMIN0-XSS,Finished product,Second,APT02-CHB01-2ND-BOX-22,Destocking,-1.0,KMIN01,ZEE24
2026-04-13,Cape - Cream,173.0,OWRA1-OS,Finished product,First,APT02-CHB01-FST-BOX-8,Destocking,-1.0,OWRA11,SOL17
2026-04-11,Dress - Noir,173.0,DMAY0-M,Finished product,Second,APT02-CHB01-2ND-BOX-23,Destocking,-1.0,DMAY01,SCR08
2026-04-11,Dress - Vert,173.0,DMAR0-XS,Finished product,Second,APT02-CHB01-2ND-BOX-23,Destocking,-1.0,DMAR01,GAR08
2026-04-11,Dress - Blanc,173.0,DMAY0-XL,Finished product,Second,APT02-CHB01-2ND-BOX-23,Destocking,-1.0,DMAY01,SOL14
2026-04-11,Dress - Mustard,173.0,DMAY0-S,Finished product,Second,APT02-CHB01-2ND-BOX-23,Destocking,-1.0,DMAY01,SOL14
2026-04-11,Dress - Teal,173.0,DMAY0-XS,Finished product,Second,APT02-CHB01-2ND-BOX-23,Destocking,-1.0,DMAY01,SOL14
2026-04-11,Skirt - Noir,173.0,YSEU0-XL,Finished product,Second,APT02-CHB01-2ND-BOX-19,Destocking,-1.0,YSEU01,HER08
2026-04-11,Dress - Blu,173.0,DSAT0-S,Finished product,Second,APT02-CHB01-2ND-BOX-11,Destocking,-2.0,DSAT01,SUT08
2026-04-11,Dress - Noir,173.0,DAMA0-S,Finished product,Second,APT02-CHB01-2ND-BOX-24,Destocking,-1.0,DAMA01,ISL08
2026-04-11,Dress - Rust,173.0,DAMA0-XS,Finished product,Second,APT02-CHB01-2ND-BOX-24,Destocking,-1.0,DAMA01,SUT08
2026-04-11,Dress - Brown,173.0,DFAR0-M,Finished product,First,APT02-CHB01-FST-BOX-23,Destocking,-1.0,DFAR01,ALI08
2026-04-11,Pants - Noir,173.0,PLEE0-XL,Finished product,Second,APT02-CHB01-2ND-BOX-53,Destocking,-1.0,PLEE01,HER08
2026-04-11,Pants - Noir,173.0,PLEE0-2XL,Finished product,Second,APT02-CHB01-2ND-BOX-53,Destocking,-1.0,PLEE01,SOL14
2026-04-11,Pants - Noir,173.0,PLEE0-3XL,Finished product,Second,APT02-CHB01-2ND-BOX-53,Destocking,-1.0,PLEE01,SOL14
2026-04-11,Dress - Gold,173.0,DLAL0-XL,Finished product,Second,APT02-CHB01-2ND-BOX-53,Destocking,-1.0,DLAL01,SUT08
2026-04-11,Dress - White,173.0,DTUN0-XL,Finished product,Second,APT02-CHB01-2ND-BOX-24,Destocking,-1.0,DTUN01,SIN08
2026-04-11,Dress - Fuchsia,173.0,DDAL0-XL,Finished product,Second,APT02-CHB01-2ND-BOX-25,Destocking,-1.0,DDAL01,ZEE24
2026-04-11,Kimono - Yellow,173.0,KMIN1-XSS,Finished product,Second,APT02-CHB01-2ND-BOX-53,Destocking,-1.0,KMIN11,ANA08
2026-04-11,Dress - White,173.0,DMAI0-XS,Finished product,Second,APT02-CHB01-2ND-BOX-26,Destocking,-1.0,DMAI01,ZEN08
2026-04-11,Dress - White,173.0,DMAI0-XS,Finished product,Second,APT02-CHB01-2ND-BOX-45,Destocking,-1.0,DMAI01,ZEN08
2026-04-11,Cape - Cream,173.0,OWRA1-OS,Finished product,First,APT02-CHB01-FST-BOX-8,Destocking,-1.0,OWRA11,SOL17
2026-04-11,Dress - Mustard,173.0,DMAY0-XL,Finished product,Second,APT02-CHB01-2ND-BOX-23,Destocking,-2.0,DMAY01,SOL14
2026-04-11,Dress - White,173.0,DMAI0-M,Finished product,Second,APT02-CHB01-2ND-BOX-26,Destocking,-1.0,DMAI01,SIN08
2026-04-11,Dress - White,173.0,DMAI0-XS,Finished product,Second,APT02-CHB01-2ND-BOX-26,Destocking,-1.0,DMAI01,SIN08
2026-04-11,Cape - Black,173.0,OWRA1-OS,Finished product,First,APT02-CHB01-FST-BOX-9,Destocking,-5.0,OWRA11,SOL17
2026-04-17,Pants - Orange,173.0,PLEE0-M,Finished product,Second,APT02-CHB01-2ND-BOX-20,Destocking,-1.0,PLEE01,ARB08
2026-04-17,Swimsuit - Rose,,SDIO0-M,Finished product,First,APT01-CHA01-ARM01-NIV04,Destocking,0.0,SDIO01,JAR03
2026-04-11,Jumpsuit - (crepe),173.0,JLEA0-2XL,Finished product,Second,APT02-CHB01-2ND-BOX-26,Destocking,-1.0,JLEA01,SOL09
2026-04-11,Top - Gold,173.0,TAJA0-XS,Finished product,Second,APT02-CHB01-2ND-BOX-27,Destocking,-1.0,TAJA01,FIO08
2026-04-11,Skirt - Noir,173.0,YSEU0-XL,Finished product,Second,APT02-CHB01-2ND-BOX-27,Destocking,-1.0,YSEU01,ABS08
2026-04-11,Skirt - Noir,173.0,YSEU0-ML,Finished product,Second,APT02-CHB01-2ND-BOX-27,Destocking,-1.0,YSEU01,ABS08
2026-04-11,Skirt - Noir,173.0,YSEU0-XSS,Finished product,Second,APT02-CHB01-2ND-BOX-27,Destocking,-3.0,YSEU01,ABS08
2026-04-17,Swimsuit - Rose,,SDIO0-L,Finished product,First,APT01-CHA01-ARM01-NIV04,Destocking,-1.0,SDIO01,JAR03
2026-04-11,Top - Rust,173.0,TSAH0-S,Finished product,Second,APT02-CHB01-2ND-BOX-27,Destocking,-1.0,TSAH01,SOL14
2026-04-11,top - Cream,173.0,TZAN0-S,Finished product,Second,APT02-CHB01-2ND-BOX-27,Destocking,-1.0,TZAN01,TIL08
2026-04-11,Dress - Noir,173.0,DMAY0-XS,Finished product,Second,APT02-CHB01-2ND-BOX-3,Destocking,-1.0,DMAY01,SOL14
2026-04-11,Kimono - Yellow,173.0,KMIN1-XL,Finished product,Second,APT02-CHB01-2ND-BOX-30,Destocking,-1.0,KMIN11,ANA08
2026-04-11,Kimono - Yellow,173.0,KMIN1-XSS,Finished product,Second,APT02-CHB01-2ND-BOX-30,Destocking,-1.0,KMIN11,ANA08
2026-04-11,Kimono - Noir,173.0,KMIN0-XL,Finished product,Second,APT02-CHB01-2ND-BOX-30,Destocking,-1.0,KMIN01,HER08
2026-04-11,Dress - Blu,173.0,DMAR0-M,Finished product,Second,APT02-CHB01-2ND-BOX-30,Storage,1.0,DMAR01,GYR08
2026-04-11,Top - Rust,173.0,TLEN0-L,Finished product,Second,APT02-CHB01-2ND-BOX-36,Destocking,-1.0,TLEN01,SOL14
2026-04-11,Pants - Rose,173.0,PLEE0-L,Finished product,Second,APT02-CHB01-2ND-BOX-37,Destocking,-1.0,PLEE01,ATO08
2026-04-11,Pants - Vert,173.0,PLEE0-L,Finished product,Second,APT02-CHB01-2ND-BOX-37,Destocking,-1.0,PLEE01,SAL08
2026-04-11,Skirt - Teal,173.0,YSEU0-ML,Finished product,Second,APT02-CHB01-2ND-BOX-38,Destocking,-1.0,YSEU01,BLO08
2026-04-11,Skirt - Teal,173.0,YSEU0-XSS,Finished product,Second,APT02-CHB01-2ND-BOX-38,Destocking,-1.0,YSEU01,BLO08
2026-04-11,Top - Rust,173.0,TAID0-3XL,Finished product,Second,APT02-CHB01-2ND-BOX-38,Destocking,-2.0,TAID01,SOL14
2026-04-11,Top - Rust,173.0,TAID0-XL,Finished product,Second,APT02-CHB01-2ND-BOX-38,Destocking,-1.0,TAID01,SOL14
2026-04-11,Skirt - Navy,173.0,YSEU0-ML,Finished product,Second,APT02-CHB01-2ND-BOX-39,Destocking,-1.0,YSEU01,COS08
2026-04-11,Skirt - Navy,173.0,YSEU0-XSS,Finished product,Second,APT02-CHB01-2ND-BOX-39,Destocking,-2.0,YSEU01,COS08
2026-04-11,top - Cream,173.0,TZAN0-XL,Finished product,Second,APT02-CHB01-2ND-BOX-39,Destocking,-1.0,TZAN01,TIL08
2026-04-11,Swimsuit - Rose,,SLEI0-M,Finished product,First,APT01-CHA01-ARM01-NIV04,Destocking,-1.0,SLEI01,JAR03
2026-04-11,Pants - Gold,173.0,PLEE0-M,Finished product,Second,APT02-CHB01-2ND-BOX-4,Destocking,-1.0,PLEE01,TEX08
2026-04-11,Pants - Rust,173.0,PLEE0-3XL,Finished product,Second,APT02-CHB01-2ND-BOX-4,Destocking,-1.0,PLEE01,SOL14
2026-04-11,Kimono - White,173.0,KAWA0-XL,Finished product,Second,APT02-CHB01-2ND-BOX-40,Destocking,-1.0,KAWA01,ZEN08
2026-04-11,Kimono - White,173.0,KAWA0-L,Finished product,Second,APT02-CHB01-2ND-BOX-40,Destocking,-1.0,KAWA01,ZEN08
2026-04-11,Dress - Gold,173.0,DMAI0-XL,Finished product,Second,APT02-CHB01-2ND-BOX-43,Destocking,-1.0,DMAI01,SUT08
2026-04-11,Dress - Blue,173.0,DMAR0-S,Finished product,Second,APT02-CHB01-2ND-BOX-30,Storage,1.0,DMAR01,GYR08
2026-04-11,Dress - White,173.0,DMAI0-L,Finished product,Second,APT02-CHB01-2ND-BOX-45,Destocking,-1.0,DMAI01,ZEN08
2026-04-11,Swimsuit - Rose,,SNAB0-L,Finished product,First,APT01-CHA01-ARM01-NIV04,Destocking,0.0,SNAB01,JAR03
2026-04-11,Swimsuit - Rose,,SNIA0-L,Finished product,First,APT01-CHA01-ARM02-NIV00,Destocking,-1.0,SNIA01,ABS03
2026-04-11,Swimsuit - Orange,,SAYL0-M,Finished product,First,APT01-CHA01-ARM02-NIV04,Destocking,-3.0,SAYL01,BEL03
2026-04-11,Swimsuit - Blue,,SNAB0-M,Finished product,First,APT01-CHA01-ARM02-NIV04,Destocking,0.0,SNAB01,KAI03
2026-04-17,Swimsuit - Teal,,SLEI0-S,Finished product,First,APT01-CHA01-ARM02-NIV02,Destocking,0.0,SLEI01,BLO03
2026-04-11,Swimsuit - Vert,,SNIA0-L,Finished product,First,APT01-CHA01-ARM03-NIV01,Destocking,-1.0,SNIA01,NAR03
2026-04-11,Swimsuit - Vert,,SNIA0-M,Finished product,First,APT01-CHA01-ARM03-NIV01,Destocking,-1.0,SNIA01,NAR03
2026-04-11,Swimsuit - Vert,,SAYL0-L,Finished product,First,APT01-CHA01-ARM03-NIV04,Destocking,-1.0,SAYL01,NAR03
2026-04-11,Poncho - Blue,173.0,OAMY1-OS,Finished product,First,APT02-CHB01-FST-BOX-12,Destocking,-1.0,OAMY11,GYR08
2026-04-11,Poncho - Rust,173.0,OAMY1-OS,Finished product,First,APT02-CHB01-FST-BOX-16,Destocking,-1.0,OAMY11,CHI08
2026-04-11,Cape - Black,173.0,OWRA1-OS,Finished product,First,APT02-CHB01-FST-BOX-16,Destocking,-3.0,OWRA11,SOL17
2026-04-11,Top - Navy,173.0,TOLA0-XSS,Finished product,First,APT02-CHB01-FST-BOX-20,Destocking,-1.0,TOLA01,TAO25
2026-04-11,Cape - Blue,173.0,OWRA1-OS,Finished product,First,APT02-CHB01-FST-BOX-20,Destocking,-1.0,OWRA11,SOL17
2026-04-11,Cape - Cream,173.0,OWRA1-OS,Finished product,First,APT02-CHB01-FST-BOX-21,Destocking,-2.0,OWRA11,SOL17
2026-04-11,Dress - Navy,173.0,DSAT0-2XL,Finished product,First,APT02-CHB01-FST-BOX-22,Destocking,-1.0,DSAT01,SOL14
2026-04-11,Dress - Navy,173.0,DSAT0-L,Finished product,First,APT02-CHB01-FST-BOX-22,Destocking,-1.0,DSAT01,SOL14
2026-04-11,Dress - Blue,173.0,DSAT0-2XL,Finished product,First,APT02-CHB01-FST-BOX-24,Destocking,-1.0,DSAT01,GYR08
2026-04-11,Dress - Blue,173.0,DSAT0-L,Finished product,First,APT02-CHB01-FST-BOX-24,Destocking,-1.0,DSAT01,GYR08
2026-04-11,Dress - Blue,173.0,DSAT0-M,Finished product,First,APT02-CHB01-FST-BOX-24,Destocking,-1.0,DSAT01,GYR08
2026-04-11,Dress - Blue,173.0,DSAT0-S,Finished product,First,APT02-CHB01-FST-BOX-24,Destocking,-2.0,DSAT01,GYR08
2026-04-11,Jumpsuit - Noir,173.0,JUMY0-L,Finished product,First,APT02-CHB01-FST-BOX-24,Destocking,-1.0,JUMY01,TUK08
2026-04-11,Jumpsuit - Noir,173.0,JUMY0-M,Finished product,First,APT02-CHB01-FST-BOX-24,Destocking,-1.0,JUMY01,TUK08
2026-04-17,Kimono - Yellow,173.0,KMIN1-XSS,Finished product,Second,APT02-CHB01-2ND-BOX-30,Destocking,-1.0,KMIN11,ANA08
2026-04-11,Kimono - Noir,173.0,KSIR0-M,Finished product,First,APT02-CHB01-FST-BOX-25,Destocking,-1.0,KSIR01,ISL12
2026-04-11,Kimono - Noir,173.0,KSIR0-XL,Finished product,First,APT02-CHB01-FST-BOX-25,Destocking,-1.0,KSIR01,ISL12
2026-04-17,Swimsuit - Noir,,SAYL0-S,Finished product,First,APT01-CHA01-ARM01-NIV02,Destocking,-1.0,SAYL01,LAV03
2026-04-11,Dress - Mustard,173.0,DMAI0-M,Finished product,First,APT02-CHB01-FST-BOX-25,Destocking,0.0,DMAI01,SOL14
2026-04-11,Dress - Mustard,173.0,DMAI0-S,Finished product,First,APT02-CHB01-FST-BOX-25,Destocking,-1.0,DMAI01,SOL14
2026-04-11,Dress - Olive,173.0,DMAI0-M,Finished product,First,APT02-CHB01-FST-BOX-25,Destocking,-2.0,DMAI01,SOL14
2026-04-11,Swimsuit - Rose,,SNAB0-M,Finished product,First,APT01-CHA01-ARM01-NIV01,Destocking,-1.0,SNAB01,SAL03
2026-04-11,Dress - Blanc,173.0,DRAM0-2XL,Finished product,First,APT02-CHB01-FST-BOX-26,Destocking,-1.0,DRAM01,BAN27
2026-04-11,Dress - Blanc,173.0,DRAM0-3XL,Finished product,First,APT02-CHB01-FST-BOX-26,Destocking,-1.0,DRAM01,BAN27
2026-04-11,Dress - Gold,173.0,DSAT0-2XL,Finished product,First,APT02-CHB01-FST-BOX-26,Destocking,-1.0,DSAT01,TEX08
2026-04-11,Dress - Gold,173.0,DSAT0-L,Finished product,First,APT02-CHB01-FST-BOX-26,Destocking,-1.0,DSAT01,TEX08
2026-04-11,Dress - Gold,173.0,DSAT0-M,Finished product,First,APT02-CHB01-FST-BOX-26,Destocking,-1.0,DSAT01,TEX08
2026-04-11,Dress - Noir,173.0,DSAT0-L,Finished product,First,APT02-CHB01-FST-BOX-27,Destocking,-2.0,DSAT01,SCR08
2026-04-11,Dress - Cream,173.0,DMAI0-L,Finished product,First,APT02-CHB01-FST-BOX-28,Destocking,-1.0,DMAI01,SOL14
2026-04-11,Dress - Cream,173.0,DMAI0-XS,Finished product,First,APT02-CHB01-FST-BOX-28,Destocking,-1.0,DMAI01,SOL14
2026-04-11,Dress - Orange,173.0,DNAI0-XL,Finished product,First,APT02-CHB01-FST-BOX-28,Destocking,-2.0,DNAI01,BEL08
2026-04-15,Swimsuit - Aqua,,SLEI0-S,Finished product,First,APT01-CHA01-ARM03-NIV00,Destocking,-1.0,SLEI01,PLA03
2026-04-11,Dress - Navy,173.0,DMAI0-XS,Finished product,First,APT02-CHB01-FST-BOX-29,Destocking,-1.0,DMAI01,SOL14
2026-04-11,Dress - Rust,173.0,DMAI0-M,Finished product,First,APT02-CHB01-FST-BOX-30,Destocking,-1.0,DMAI01,SOL14
2026-04-11,Dress - Rust,173.0,DMAI0-S,Finished product,First,APT02-CHB01-FST-BOX-30,Destocking,-2.0,DMAI01,SOL14
2026-04-11,Dress - Rust,173.0,DMAI0-XL,Finished product,First,APT02-CHB01-FST-BOX-30,Destocking,-1.0,DMAI01,SOL14
2026-04-11,Cape - Blue,173.0,OWRA1-OS,Finished product,First,APT02-CHB01-FST-BOX-5,Destocking,-1.0,OWRA11,SOL17
2026-04-11,Swimsuit - Teal,,SLEI0-L,Finished product,First,APT01-CHA01-ARM02-NIV02,Destocking,-1.0,SLEI01,BLO03
2026-04-11,Dress - Blue,173.0,DSAT0-XL,Finished product,First,APT02-CHB01-FST-BOX-24,Destocking,-1.0,DSAT01,GYR08
2026-04-11,Skirt - Noir,173.0,YSEU0-2XL,Finished product,Second,APT02-CHB01-2ND-BOX-39,Destocking,-1.0,YSEU01,HER08
2026-04-11,Dress - Orange,173.0,DNAI0-XS,Finished product,First,APT02-CHB01-FST-BOX-28,Destocking,-1.0,DNAI01,BEL08
2026-04-13,Cape - Blue,173.0,OWRA1-OS,Finished product,First,APT02-CHB01-FST-BOX-5,Destocking,-1.0,OWRA11,SOL17
2026-04-13,Cape - Brown,173.0,OWRA1-OS,Finished product,First,APT02-CHB01-FST-BOX-13,Destocking,-1.0,OWRA11,SOL17
2026-04-13,Dress - Navy,173.0,DSAT0-L,Finished product,First,APT02-CHB01-FST-BOX-22,Destocking,-1.0,DSAT01,SOL14
2026-04-13,Jumpsuit - Black,173.0,JUMY0-S,Finished product,Second,APT02-CHB01-2ND-BOX-25,Destocking,-1.0,JUMY01,LIN08
2026-04-13,Pants - Noir,173.0,PLEE0-3XL,Finished product,Second,APT02-CHB01-2ND-BOX-2,Destocking,-1.0,PLEE01,SOL14
2026-04-14,Cape - Black,173.0,OWRA1-OS,Finished product,First,APT02-CHB01-FST-BOX-9,Destocking,-4.0,OWRA11,SOL17
2026-04-15,Top - Gold,173.0,TAJA0-XL,Finished product,Second,APT02-CHB01-2ND-BOX-49,Destocking,-1.0,TAJA01,FIO08
2026-04-15,Swimsuit - Orange,,SDIO0-S,Finished product,First,APT01-CHA01-ARM03-NIV02,Destocking,-1.0,SDIO01,ARB03
2026-04-15,Jumpsuit - Black,173.0,JALA1-M,Finished product,Second,APT02-CHB01-2ND-BOX-46,Destocking,-1.0,JALA11,LIN08
2026-04-15,Dress - Noir,173.0,DAMA0-S,Finished product,Second,APT02-CHB01-2ND-BOX-24,Destocking,-1.0,DAMA01,ISL08
2026-04-15,Dress - Teal,173.0,DNAI0-XL,Finished product,First,APT02-CHB01-FST-BOX-23,Destocking,-1.0,DNAI01,ZEE24
2026-04-15,Dress - Rust,173.0,DAMA0-XS,Finished product,Second,APT02-CHB01-2ND-BOX-24,Destocking,-1.0,DAMA01,SUT08
2026-04-15,Dress - Mustard,173.0,DAMA0-XS,Finished product,Second,APT02-CHB01-2ND-BOX-24,Destocking,-1.0,DAMA01,ZEE24
2026-04-15,Cape - Black,173.0,OWRA1-OS,Finished product,First,APT02-CHB01-FST-BOX-16,Storage,8.0,OWRA11,SOL17
2026-04-15,Poncho - Noir,173.0,OAMY1-OS,Finished product,First,APT02-CHB01-FST-BOX-26,Destocking,-1.0,OAMY11,FAM08
2026-04-15,Kimono - White,173.0,KAWA0-XL,Finished product,Second,APT02-CHB01-2ND-BOX-40,Destocking,-1.0,KAWA01,ZEN08
2026-04-15,Kimono - White,173.0,KAWA0-L,Finished product,Second,APT02-CHB01-2ND-BOX-40,Destocking,-1.0,KAWA01,ZEN08
2026-04-15,Swimsuit - Orange,,SAYL0-M,Finished product,First,APT01-CHA01-ARM02-NIV04,Destocking,-1.0,SAYL01,BEL03
2026-04-15,Swimsuit - Vert,,SAYL0-L,Finished product,First,APT01-CHA01-ARM03-NIV04,Destocking,-1.0,SAYL01,NAR03
2026-04-15,Jumpsuit - Rose,173.0,JKAI0-XL,Finished product,Second,APT02-CHB01-2ND-BOX-25,Destocking,-1.0,JKAI01,ATO08
2026-04-15,Dress - Vert,173.0,DFAN0-L,Finished product,Second,APT02-CHB01-2ND-BOX-14,Destocking,-1.0,DFAN01,SAL08
2026-04-15,Dress - White,173.0,DMAI0-M,Finished product,Second,APT02-CHB01-2ND-BOX-45,Destocking,-1.0,DMAI01,ZEN08
2026-04-15,Dress - Cream,173.0,DFAN0-L,Finished product,Second,APT02-CHB01-2ND-BOX-14,Destocking,-2.0,DFAN01,TIL08
2026-04-15,Dress - Cream,173.0,DFAN0-M,Finished product,Second,APT02-CHB01-2ND-BOX-14,Destocking,-2.0,DFAN01,TIL08
2026-04-15,Dress - Cream,173.0,DFAN0-XL,Finished product,Second,APT02-CHB01-2ND-BOX-14,Destocking,-1.0,DFAN01,TIL08
2026-04-15,Dress - Gold,173.0,DFAR0-2XL,Finished product,First,APT02-CHB01-FST-BOX-25,Destocking,-1.0,DFAR01,DHA20
2026-04-15,Dress - Navy,173.0,DKON0-XL,Finished product,Second,APT02-CHB01-2ND-BOX-24,Destocking,-1.0,DKON01,COS08
2026-04-15,Dress - Rose,173.0,DLAL0-L,Finished product,Second,APT02-CHB01-2ND-BOX-19,Destocking,-1.0,DLAL01,SAL08
2026-04-15,Dress - Teal,173.0,DLAL0-L,Finished product,Second,APT02-CHB01-2ND-BOX-19,Destocking,-1.0,DLAL01,WAL08
2026-04-15,Top - Cream,173.0,TZAN0-S,Finished product,Second,APT02-CHB01-2ND-BOX-27,Destocking,-1.0,TZAN01,TIL08
2026-04-15,Pants - Black,173.0,PLEE1-L,Finished product,Second,APT02-CHB01-2ND-BOX-16,Destocking,-1.0,PLEE11,LIN08
2026-04-15,Dress - Noir,173.0,DSAT0-3XL,Finished product,Second,APT02-CHB01-2ND-BOX-51,Destocking,-2.0,DSAT01,SCR08
2026-04-15,Pants - Black,173.0,PLEE1-S,Finished product,Second,APT02-CHB01-2ND-BOX-16,Destocking,-1.0,PLEE11,LIN08
2026-04-15,Pants - Camel,173.0,PLEE2-S,Finished product,Second,APT02-CHB01-2ND-BOX-26,Destocking,-1.0,PLEE21,BIN27
2026-04-15,Pants - vert,173.0,PLEE0-L,Finished product,Second,APT02-CHB01-2ND-BOX-37,Storage,1.0,PLEE01,SAL08
2026-04-15,Pants - Blu,173.0,PLEE0-S,Finished product,Second,APT02-CHB01-2ND-BOX-4,Destocking,-1.0,PLEE01,BAT08
2026-04-15,Pants - Noir,173.0,PLEE0-XL,Finished product,Second,APT02-CHB01-2ND-BOX-5,Destocking,-1.0,PLEE01,HER08
2026-04-15,Pants - Noir,173.0,PLEE0-M,Finished product,Second,APT02-CHB01-2ND-BOX-53,Destocking,-1.0,PLEE01,HER08
2026-04-15,Pants - Noir,173.0,PLEE0-XS,Finished product,Second,APT02-CHB01-2ND-BOX-5,Destocking,-1.0,PLEE01,HER08
2026-04-15,Skirt - Cream,173.0,YLYS0-M,Finished product,Second,APT02-CHB01-2ND-BOX-40,Destocking,-1.0,YLYS01,TIL08
2026-04-15,Dress - Noir,173.0,DSAT0-3XL,Finished product,Second,APT02-CHB01-2ND-BOX-51,Destocking,-1.0,DSAT01,SCR08
2026-04-15,Pants - Black,173.0,PLEE0-L,Finished product,Second,APT02-CHB01-2ND-BOX-5,Destocking,-1.0,PLEE01,SUT08
2026-04-15,Pants - Rust,173.0,PLEE0-XS,Finished product,Second,APT02-CHB01-2ND-BOX-17,Destocking,-1.0,PLEE01,SUT08
2026-04-15,Swimsuit - Blue,,SINF0-S,Finished product,First,APT01-CHA01-ARM03-NIV03,Destocking,-2.0,SINF01,SOL03
2026-04-15,Pants - Cream,173.0,PLEE0-M,Finished product,Second,APT02-CHB01-2ND-BOX-5,Destocking,-1.0,PLEE01,TIL08
2026-04-15,Pants - Noir,173.0,PLEE0-3XL,Finished product,Second,APT02-CHB01-2ND-BOX-5,Destocking,-1.0,PLEE01,HER08
2026-04-15,Swimsuit - Aqua,,SLEI0-L,Finished product,First,APT01-CHA01-ARM03-NIV00,Destocking,-1.0,SLEI01,PLA03
2026-04-15,Skirt - Cream,173.0,YLYS0-L,Finished product,Second,APT02-CHB01-2ND-BOX-15,Destocking,-1.0,YLYS01,TIL08
2026-04-15,Skirt - Cream,173.0,YLYS0-XS,Finished product,Second,APT02-CHB01-2ND-BOX-15,Destocking,-1.0,YLYS01,TIL08
2026-04-15,Dress - White,173.0,DMAI0-M,Finished product,Second,APT02-CHB01-2ND-BOX-26,Destocking,-1.0,DMAI01,SIN08
2026-04-17,Kimono - White,173.0,KAWA0-3XL,Finished product,Second,APT02-CHB01-2ND-BOX-23,Destocking,-1.0,KAWA01,ZEN08
2026-04-15,Dress - Cream,173.0,DMAI0-XS,Finished product,First,APT02-CHB01-FST-BOX-28,Destocking,-1.0,DMAI01,SOL14
2026-04-15,Dress - Navy,173.0,DMAI0-S,Finished product,First,APT02-CHB01-FST-BOX-29,Destocking,-2.0,DMAI01,SOL14
2026-04-15,Dress - Navy,173.0,DMAI0-XL,Finished product,First,APT02-CHB01-FST-BOX-29,Destocking,-2.0,DMAI01,SOL14
2026-04-15,Dress - Navy,173.0,DMAI0-XS,Finished product,First,APT02-CHB01-FST-BOX-29,Destocking,-2.0,DMAI01,SOL14
2026-04-15,Dress - Rust,173.0,DMAI0-M,Finished product,First,APT02-CHB01-FST-BOX-30,Destocking,-1.0,DMAI01,SOL14
2026-04-15,Dress - Rust,173.0,DMAI0-S,Finished product,First,APT02-CHB01-FST-BOX-30,Destocking,-1.0,DMAI01,SOL14
2026-04-15,Dress - Gold,173.0,DMAI0-XL,Finished product,Second,APT02-CHB01-2ND-BOX-43,Destocking,-1.0,DMAI01,SUT08
2026-04-15,Dress - Cream,173.0,DMAI0-S,Finished product,Second,APT02-CHB01-2ND-BOX-26,Destocking,-1.0,DMAI01,ZEN08
2026-04-15,Dress - White,173.0,DMAI0-XL,Finished product,Second,APT02-CHB01-2ND-BOX-45,Destocking,-1.0,DMAI01,ZEN08
2026-04-15,Dress - White,173.0,DMAI0-XL,Finished product,Second,APT02-CHB01-2ND-BOX-45,Destocking,-1.0,DMAI01,ZEN08
2026-04-15,Dress - White,173.0,DMAI0-L,Finished product,Second,APT02-CHB01-2ND-BOX-45,Destocking,0.0,DMAI01,ZEN08
2026-04-15,Dress - White,173.0,DMAI0-S,Finished product,Second,APT02-CHB01-2ND-BOX-45,Destocking,-1.0,DMAI01,ZEN08
2026-04-15,Dress - Noir,173.0,DMAI0-S,Finished product,Second,APT02-CHB01-2ND-BOX-26,Destocking,-1.0,DMAI01,HER08
2026-04-15,Dress - Blue,173.0,DMAR0-M,Finished product,Second,APT02-CHB01-2ND-BOX-23,Destocking,-1.0,DMAR01,GYR08
2026-04-15,Dress - Blue,173.0,DMAR0-XS,Finished product,Second,APT02-CHB01-2ND-BOX-23,Destocking,-1.0,DMAR01,GYR08
2026-04-15,Dress - Gold,173.0,DMAY0-L,Finished product,Second,APT02-CHB01-2ND-BOX-13,Destocking,-1.0,DMAY01,FIO08
2026-04-15,Dress - Gold,173.0,DMAY0-M,Finished product,Second,APT02-CHB01-2ND-BOX-13,Destocking,-1.0,DMAY01,FIO08
2026-04-17,Kimono - Noir,173.0,KMIN0-3XL,Finished product,Second,APT02-CHB01-2ND-BOX-30,Destocking,-1.0,KMIN01,HER08
2026-04-15,Dress - Gold,173.0,DMAY0-XS,Finished product,Second,APT02-CHB01-2ND-BOX-18,Destocking,-1.0,DMAY01,TEX08
2026-04-17,Kimono - Gold,173.0,KMIN0-ML,Finished product,Second,APT02-CHB01-2ND-BOX-22,Destocking,-1.0,KMIN01,SUT08
2026-04-15,Top - Cream,173.0,TZAN0-XL,Finished product,Second,APT02-CHB01-2ND-BOX-39,Destocking,-1.0,TZAN01,TIL08
2026-04-15,Kimono - Yellow,173.0,KMIN1-ML,Finished product,Second,APT02-CHB01-2ND-BOX-22,Destocking,-1.0,KMIN11,ANA08
2026-04-15,Kimono - Yellow,173.0,KMIN1-XSS,Finished product,Second,APT02-CHB01-2ND-BOX-30,Destocking,-3.0,KMIN11,ANA08
2026-04-15,Dress - Blue,173.0,DMAR0-XS,Finished product,Second,APT02-CHB01-2ND-BOX-30,Storage,1.0,DMAR01,GYR08
2026-04-15,Kimono - Noir,173.0,KMIN0-3XL,Finished product,Second,APT02-CHB01-2ND-BOX-30,Destocking,-1.0,KMIN01,HER08
2026-04-15,Cape - Cream,173.0,OWRA1-OS,Finished product,First,APT02-CHB01-FST-BOX-21,Destocking,-1.0,OWRA11,SOL17
2026-04-15,Kimono - Rust,173.0,KMIN0-XL,Finished product,Second,APT02-CHB01-2ND-BOX-49,Destocking,-1.0,KMIN01,SUT08
2026-04-15,Jumpsuit - Blue,173.0,JUMY0-S,Finished product,Second,APT02-CHB01-2ND-BOX-21,Destocking,-1.0,JUMY01,YRA08
2026-04-15,Jumpsuit - Blu,173.0,JUMY0-XL,Finished product,Second,APT02-CHB01-2ND-BOX-22,Destocking,-1.0,JUMY01,RAY08
2026-04-17,Dress - Noir,173.0,DAMA0-XL,Finished product,Second,APT02-CHB01-2ND-BOX-24,Destocking,-1.0,DAMA01,ISL08
2026-04-15,Swimsuit - Rose,,SNAB0-L,Finished product,First,APT01-CHA01-ARM01-NIV04,Destocking,-1.0,SNAB01,JAR03
2026-04-15,Swimsuit - Blue,,SNAB0-M,Finished product,First,APT01-CHA01-ARM02-NIV04,Destocking,-1.0,SNAB01,KAI03
2026-04-15,Swimsuit - Rose,,SNIA0-L,Finished product,First,APT01-CHA01-ARM02-NIV00,Destocking,-1.0,SNIA01,ABS03
2026-04-15,Swimsuit - Vert,,SNIA0-L,Finished product,First,APT01-CHA01-ARM03-NIV01,Destocking,-1.0,SNIA01,NAR03
2026-04-15,Swimsuit - Vert,,SNIA0-M,Finished product,First,APT01-CHA01-ARM03-NIV01,Destocking,0.0,SNIA01,NAR03
2026-04-15,Dress - White,173.0,DMAI0-XL,Finished product,Second,APT02-CHB01-2ND-BOX-52,Destocking,-1.0,DMAI01,SIN08
2026-04-15,Skirt - Noir,173.0,YSEU0-2XL,Finished product,Second,APT02-CHB01-2ND-BOX-19,Destocking,-1.0,YSEU01,HER08
2026-04-15,Dress - Teal,173.0,DSAT0-XS,Finished product,Second,APT02-CHB01-2ND-BOX-20,Destocking,-1.0,DSAT01,BLO08
2026-04-15,Swimsuit - Rose,,SIDY0-S,Finished product,Second,APT02-CHB01-2ND-BOX-52,Destocking,-2.0,SIDY01,BAT03
2026-04-15,Top - Vert,,TREE0-XL,Finished product,Second,APT02-CHB01-2ND-BOX-8,Destocking,-1.0,TREE01,SAL08
2026-04-15,Poncho - Blue,173.0,OAMY1-OS,Finished product,First,APT02-CHB01-FST-BOX-12,Destocking,-1.0,OAMY11,GYR08
2026-04-15,Dress - Blue,173.0,DSAT0-2XL,Finished product,First,APT02-CHB01-FST-BOX-24,Destocking,0.0,DSAT01,GYR08
2026-04-15,Dress - Blue,173.0,DSAT0-L,Finished product,First,APT02-CHB01-FST-BOX-24,Destocking,-1.0,DSAT01,GYR08
2026-04-15,Dress - Blue,173.0,DSAT0-M,Finished product,First,APT02-CHB01-FST-BOX-24,Destocking,-1.0,DSAT01,GYR08
2026-04-15,Dress - Blue,173.0,DSAT0-S,Finished product,First,APT02-CHB01-FST-BOX-24,Destocking,-2.0,DSAT01,GYR08
2026-04-15,Dress - Noir,173.0,DSAT0-M,Finished product,Second,APT02-CHB01-2ND-BOX-20,Destocking,-1.0,DSAT01,LAV08
2026-04-15,Dress - Noir,173.0,DSAT0-M,Finished product,Second,APT02-CHB01-2ND-BOX-20,Destocking,-1.0,DSAT01,HER08
2026-04-15,Dress - Rust,173.0,DSAT0-L,Finished product,Second,APT02-CHB01-2ND-BOX-20,Destocking,-1.0,DSAT01,SUT08
2026-04-15,Dress - Noir,173.0,DSAT0-XS,Finished product,Second,APT02-CHB01-2ND-BOX-20,Destocking,-1.0,DSAT01,HER08
2026-04-15,Dress - Noir,173.0,DSAT0-L,Finished product,First,APT02-CHB01-FST-BOX-27,Destocking,-1.0,DSAT01,SCR08
2026-04-15,Dress - Navy,173.0,DSAT0-2XL,Finished product,First,APT02-CHB01-FST-BOX-22,Destocking,-1.0,DSAT01,SOL14
2026-04-15,Dress - Gold,173.0,DMAY0-S,Finished product,Second,APT02-CHB01-2ND-BOX-18,Destocking,-2.0,DMAY01,TEX08
2026-04-15,Dress - Blu,173.0,DSAT0-M,Finished product,Second,APT02-CHB01-2ND-BOX-11,Destocking,-1.0,DSAT01,SUT08
2026-04-15,Dress - Cream,173.0,DFAN0-L,Finished product,Second,APT02-CHB01-2ND-BOX-14,Destocking,-1.0,DFAN01,TIL08
2026-04-15,Dress - Gold,173.0,DSAT0-L,Finished product,First,APT02-CHB01-FST-BOX-26,Destocking,-1.0,DSAT01,TEX08
2026-04-15,Dress - Gold,173.0,DSAT0-M,Finished product,First,APT02-CHB01-FST-BOX-26,Destocking,-1.0,DSAT01,TEX08
2026-04-15,Dress - Blue,173.0,DSAT0-XL,Finished product,Second,APT02-CHB01-2ND-BOX-11,Destocking,-1.0,DSAT01,YRA08
2026-04-15,Skirt - Noir,173.0,YSEU0-ML,Finished product,Second,APT02-CHB01-2ND-BOX-27,Storage,1.0,YSEU01,ABS08
2026-04-15,Skirt - Noir,173.0,YSEU0-ML,Finished product,Second,APT02-CHB01-2ND-BOX-27,Destocking,-1.0,YSEU01,ABS08
2026-04-15,Skirt - Noir,173.0,YSEU0-XSS,Finished product,Second,APT02-CHB01-2ND-BOX-27,Destocking,-1.0,YSEU01,ABS08
2026-04-15,Skirt - Rose,173.0,YSEU0-XSS,Finished product,Second,APT02-CHB01-2ND-BOX-45,Destocking,-1.0,YSEU01,BLO08
2026-04-15,Skirt - Teal,173.0,YSEU0-ML,Finished product,Second,APT02-CHB01-2ND-BOX-38,Destocking,-2.0,YSEU01,BLO08
2026-04-15,Skirt - Teal,173.0,YSEU0-XSS,Finished product,Second,APT02-CHB01-2ND-BOX-38,Destocking,-1.0,YSEU01,BLO08
2026-04-15,Skirt - Navy,173.0,YSEU0-ML,Finished product,Second,APT02-CHB01-2ND-BOX-39,Destocking,-1.0,YSEU01,COS08
2026-04-15,Skirt - Navy,173.0,YSEU0-XSS,Finished product,Second,APT02-CHB01-2ND-BOX-39,Destocking,-2.0,YSEU01,COS08
2026-04-15,cape - Brown,173.0,OWRA1-OS,Finished product,First,APT02-CHB01-FST-BOX-13,Destocking,-1.0,OWRA11,SOL17
2026-04-15,Skirt - Vert,173.0,YSEU0-ML,Finished product,Second,APT02-CHB01-2ND-BOX-19,Destocking,-1.0,YSEU01,NAR08
2026-04-15,Skirt - Cream,173.0,YSEU0-ML,Finished product,Second,APT02-CHB01-2ND-BOX-19,Destocking,-1.0,YSEU01,TIL08
2026-04-15,Skirt - Cream,173.0,YSEU0-XSS,Finished product,Second,APT02-CHB01-2ND-BOX-45,Destocking,-1.0,YSEU01,ZEN08
2026-04-15,Kimono - Noir,173.0,KSIR0-M,Finished product,First,APT02-CHB01-FST-BOX-25,Storage,2.0,KSIR01,ISL12
2026-04-15,Kimono - Noir,173.0,KSIR0-XL,Finished product,First,APT02-CHB01-FST-BOX-25,Destocking,0.0,KSIR01,ISL12
2026-04-15,Top - Rust,173.0,TAID0-3XL,Finished product,Second,APT02-CHB01-2ND-BOX-38,Destocking,0.0,TAID01,SOL14
2026-04-15,Top - Rust,173.0,TAID0-S,Finished product,Second,APT02-CHB01-2ND-BOX-27,Destocking,-2.0,TAID01,SOL14
2026-04-15,Top - Rust,173.0,TAID0-XL,Finished product,Second,APT02-CHB01-2ND-BOX-38,Destocking,-1.0,TAID01,SOL14
2026-04-15,Jumpsuit - Salmon,173.0,JALA0-S,Finished product,Second,APT02-CHB01-2ND-BOX-26,Destocking,-1.0,JALA01,SOL10
2026-04-15,Dress - Noir,173.0,DAMA0-XS,Finished product,Second,APT02-CHB01-2ND-BOX-24,Destocking,-1.0,DAMA01,SOL14
2026-04-15,Dress - Vert,173.0,DFAN0-M,Finished product,Second,APT02-CHB01-2ND-BOX-14,Destocking,-1.0,DFAN01,SAL08
2026-04-15,Dress - Noir,173.0,DDIA0-XL,Finished product,Second,APT02-CHB01-2ND-BOX-46,Destocking,-1.0,DDIA01,SOL14
2026-04-15,Dress - Rust,173.0,DDIA0-XS,Finished product,Second,APT02-CHB01-2ND-BOX-24,Destocking,-1.0,DDIA01,SOL14
2026-04-15,Pants - Orange,173.0,PHAN0-3XL,Finished product,Second,APT02-CHB01-2ND-BOX-46,Destocking,-1.0,PHAN01,TAL26
2026-04-15,Dress - Blanc,173.0,DKUD0-S,Finished product,Second,APT02-CHB01-2ND-BOX-25,Destocking,-1.0,DKUD01,SOL16
2026-04-15,Dress - Blanc,173.0,DKUD0-XS,Finished product,Second,APT02-CHB01-2ND-BOX-25,Destocking,-1.0,DKUD01,SOL16
2026-04-15,Dress - Rust,173.0,DKUD0-L,Finished product,Second,APT02-CHB01-2ND-BOX-24,Destocking,-1.0,DKUD01,SOL14
2026-04-15,Jumpsuit - Blu,173.0,JLEA0-M,Finished product,Second,APT02-CHB01-2ND-BOX-26,Destocking,-1.0,JLEA01,SOL09
2026-04-15,Cape - Blue,173.0,OWRA1-OS,Finished product,First,APT02-CHB01-FST-BOX-20,Destocking,-1.0,OWRA11,SOL17
2026-04-15,Dress - Gold,173.0,DMAY0-L,Finished product,Second,APT02-CHB01-2ND-BOX-13,Destocking,-2.0,DMAY01,FIO08
2026-04-15,Pants - Noir,173.0,PLEE0-L,Finished product,Second,APT02-CHB01-2ND-BOX-2,Destocking,-1.0,PLEE01,SOL14
2026-04-15,Pants - Navy,173.0,PLEE0-XS,Finished product,Second,APT02-CHB01-2ND-BOX-4,Destocking,-1.0,PLEE01,COS08
2026-04-15,Pants - Rust,173.0,PLEE0-S,Finished product,Second,APT02-CHB01-2ND-BOX-53,Destocking,-1.0,PLEE01,SOL14
2026-04-15,Top - Rust,173.0,TLEN0-L,Finished product,Second,APT02-CHB01-2ND-BOX-36,Destocking,-1.0,TLEN01,SOL14
2026-04-15,Dress - Coral,173.0,DMAI0-XL,Finished product,First,APT02-CHB01-FST-BOX-27,Destocking,-1.0,DMAI01,SOL18
2026-04-15,Dress - Coral,173.0,DMAI0-S,Finished product,First,APT02-CHB01-FST-BOX-27,Destocking,-2.0,DMAI01,SOL18
2026-04-15,Dress - Gold,160.0,DMAY0-2XL-C,Finished product,Second,APT02-CHB01-2ND-BOX-40,Storage,1.0,DMAY01,FIO08
2026-04-15,Dress - Gold,165.0,DMAY0-2XL-C,Finished product,Second,APT02-CHB01-2ND-BOX-12,Storage,20.0,DMAY01,FIO08
2026-04-15,Dress - Olive,173.0,DMAI0-M,Finished product,First,APT02-CHB01-FST-BOX-25,Destocking,-1.0,DMAI01,SOL14
2026-04-15,Dress - Gold,173.0,DMAI0-L,Finished product,Second,APT02-CHB01-2ND-BOX-45,Destocking,-20.0,DMAI01,SUT08
2026-04-15,Headwrap - Blu,173.0,XMOU0-S,Finished product,Second,APT02-CHB01-2ND-BOX-46,Storage,1.0,XMOU01,COS08
2026-04-15,Dress - Gold,173.0,DMAY0-L,Finished product,Second,APT02-CHB01-2ND-BOX-13,Destocking,-2.0,DMAY01,FIO08
2026-04-15,Top - Rust,173.0,TSAH0-L,Finished product,Second,APT02-CHB01-2ND-BOX-46,Destocking,-1.0,TSAH01,SOL14
2026-04-15,Dress - Gold,173.0,DSAT0-2XL,Finished product,Second,APT02-CHB01-2ND-BOX-11,Destocking,-1.0,DSAT01,SUT08
2026-04-15,Dress - Gold,173.0,DSAT0-L,Finished product,Second,APT02-CHB01-2ND-BOX-11,Destocking,-1.0,DSAT01,SUT08
2026-04-15,Kimono - Aqua,173.0,KSIR0-XS,Finished product,Second,APT02-CHB01-2ND-BOX-46,Storage,1.0,KSIR01,PLA12
2026-04-15,Jumpsuit - Noir,173.0,JUMY0-M,Finished product,First,APT02-CHB01-FST-BOX-24,Destocking,-1.0,JUMY01,TUK08
2026-04-15,Top - Teal,173.0,TZAN0-L,Finished product,Second,APT02-CHB01-2ND-BOX-49,Destocking,-1.0,TZAN01,SOL14
2026-04-15,Dress - Cream,173.0,DSAT0-M,Finished product,Second,APT02-CHB01-2ND-BOX-10,Destocking,-1.0,DSAT01,TIL08
2026-04-15,Dress - Teal,173.0,DSAT0-3XL,Finished product,Second,APT02-CHB01-2ND-BOX-11,Destocking,-1.0,DSAT01,BLO08
2026-04-15,Jumpsuit - Vert,173.0,JUMYO-L,Finished product,Second,APT02-CHB01-2ND-BOX-1,Destocking,-1.0,JUMYO1,SAL08
2026-04-15,Swimsuit - Orange,,SAYL0-L,Finished product,First,APT01-CHA01-ARM02-NIV04,Destocking,-1.0,SAYL01,BEL03
2026-04-15,Swimsuit - Rose,,SNAB0-S,Finished product,First,APT01-CHA01-ARM01-NIV01,Destocking,-2.0,SNAB01,SAL03
2026-04-15,Swimsuit - Blu,,SLEI0-M,Finished product,First,APT01-CHA01-ARM03-NIV03,Destocking,-3.0,SLEI01,ARI03
2026-04-15,Swimsuit - Aqua,,SIDY0-M,Finished product,First,APT01-CHA01-ARM03-NIV00,Destocking,-1.0,SIDY01,PLA03
2026-04-15,Swimsuit - Teal,,SLEI0-L,Finished product,First,APT01-CHA01-ARM02-NIV02,Destocking,-1.0,SLEI01,BLO03
2026-04-15,Swimsuit - Aqua,,SNAB0-S,Finished product,First,APT01-CHA01-ARM03-NIV00,Destocking,-2.0,SNAB01,PLA03
2026-04-15,Dress - Aqua,173.0,DAMA0-S,Finished product,Second,APT02-CHB01-2ND-BOX-24,Destocking,-1.0,DAMA01,PLA08
2026-04-15,Dress - Rust,173.0,DAMA0-XS,Finished product,Second,APT02-CHB01-2ND-BOX-24,Destocking,-1.0,DAMA01,SUT08
2026-04-15,Pants - Noir,173.0,PJAN0-S,Finished product,First,APT02-CHB01-FST-BOX-23,Destocking,-1.0,PJAN01,FAM08
2026-04-15,Dress - Rose,173.0,DMAI0-2XL,Finished product,Second,APT02-CHB01-2ND-BOX-26,Destocking,-1.0,DMAI01,BLO08
2026-04-15,Dress - Gold,173.0,DMAI0-2XL,Finished product,Second,APT02-CHB01-2ND-BOX-26,Destocking,-1.0,DMAI01,FIO08
2026-04-15,Dress - Gold,173.0,DMAI0-S,Finished product,Second,APT02-CHB01-2ND-BOX-26,Destocking,-1.0,DMAI01,SUT08
2026-04-15,Dress - Noir,173.0,DMAY0-2XL,Finished product,Second,APT02-CHB01-2ND-BOX-3,Destocking,-1.0,DMAY01,SOL14
2026-04-15,Jumpsuit - Teal,173.0,JUMY0-XS,Finished product,Second,APT02-CHB01-2ND-BOX-3,Destocking,-1.0,JUMY01,SOL14
2026-05-16,Dress - Blue,173.0,DMAR0-L,Finished product,Second,APT02-CHB01-2ND-BOX-30,Destocking,-1.0,DMAR01,GYR08
2026-05-16,Dress - Cream,173.0,DKON0-XL,Finished product,Second,APT02-CHB01-2ND-BOX-35,Destocking,-1.0,DKON01,TIL08
2026-05-16,Dress - Gold,173.0,DMAI0-M,Finished product,Second,APT02-CHB01-2ND-BOX-43,Destocking,-2.0,DMAI01,SUT08
2026-05-16,Dress - Blu,173.0,DNUR0-M,Finished product,Second,APT02-CHB01-2ND-BOX-44,Destocking,-1.0,DNUR01,BAT08
2026-05-16,Dress - Fuchsia,173.0,DDAL0-S,Finished product,Second,APT02-CHB01-2ND-BOX-46,Destocking,-1.0,DDAL01,ZEE24
2026-05-16,Dress - Green,173.0,DGNO0-XS,Finished product,Second,APT02-CHB01-2ND-BOX-46,Destocking,-1.0,DGNO01,FLO08
2026-05-16,Dress - Gold,173.0,DMAI0-M,Finished product,Second,APT02-CHB01-2ND-BOX-53,Destocking,-1.0,DMAI01,FIO08
2026-05-16,Dress - Noir,173.0,DAMA0-M,Finished product,Second,APT02-CHB01-2ND-BOX-49,Destocking,-1.0,DAMA01,ISL08
2026-05-16,Dress - Blu,173.0,DAMA0-L,Finished product,Second,APT02-CHB01-2ND-BOX-51,Destocking,-1.0,DAMA01,ATO08
2026-05-16,Dress - Rust,173.0,DMED0-XL,Finished product,Second,APT02-CHB01-2ND-BOX-53,Storage,1.0,DMED01,SCR12
2026-05-16,Dress - White,173.0,DMAI0-2XL,Finished product,Second,APT02-CHB01-2ND-BOX-45,Destocking,-3.0,DMAI01,ZEN08
2026-05-16,Dress - Blue,173.0,DSAT0-M,Finished product,First,APT02-CHB01-FST-BOX-24,Destocking,-1.0,DSAT01,GYR08
2026-05-16,Dress - Olive,173.0,DMAI0-M,Finished product,First,APT02-CHB01-FST-BOX-25,Destocking,-1.0,DMAI01,SOL14
2026-05-16,Dress - Gold,173.0,DMAI0-S,Finished product,Second,APT02-CHB01-2ND-BOX-26,Destocking,-1.0,DMAI01,SUT08
2026-05-16,Dress - Olive,173.0,DMAI0-S,Finished product,First,APT02-CHB01-FST-BOX-25,Destocking,-1.0,DMAI01,SOL14
2026-05-16,Dress - Blanc,173.0,DRAM0-M,Finished product,First,APT02-CHB01-FST-BOX-26,Destocking,-3.0,DRAM01,BAN27
2026-05-16,Dress - Blanc,173.0,DRAM0-XS,Finished product,First,APT02-CHB01-FST-BOX-26,Destocking,-2.0,DRAM01,BAN27
2026-05-16,Dress - Gold,173.0,DSAT0-S,Finished product,First,APT02-CHB01-FST-BOX-26,Destocking,-1.0,DSAT01,TEX08
2026-05-16,Jumpsuit - Teal,173.0,JUMY0-M,Finished product,First,APT02-CHB01-FST-BOX-26,Destocking,-1.0,JUMY01,ZEE24
2026-05-16,Dress - Coral,173.0,DMAI0-M,Finished product,First,APT02-CHB01-FST-BOX-27,Destocking,-1.0,DMAI01,SOL18
2026-05-16,Dress - Coral,173.0,DMAI0-S,Finished product,First,APT02-CHB01-FST-BOX-27,Destocking,-1.0,DMAI01,SOL18
2026-05-16,Dress - Noir,173.0,DSAT0-3XL,Finished product,First,APT02-CHB01-FST-BOX-27,Destocking,-1.0,DSAT01,SCR08
2026-05-16,Dress - Noir,173.0,DSAT0-S,Finished product,First,APT02-CHB01-FST-BOX-27,Destocking,-1.0,DSAT01,SCR08
2026-05-16,Dress - Navy,173.0,DMAI0-M,Finished product,First,APT02-CHB01-FST-BOX-29,Destocking,-1.0,DMAI01,SOL14
2026-05-16,Dress - Navy,173.0,DMAI0-S,Finished product,First,APT02-CHB01-FST-BOX-29,Destocking,-1.0,DMAI01,SOL14
2026-05-16,Dress - Mustard,173.0,DMAI0-XS,Finished product,First,APT02-CHB01-FST-BOX-30,Destocking,-2.0,DMAI01,SOL14
2026-05-16,Dress - Rust,173.0,DMAI0-M,Finished product,First,APT02-CHB01-FST-BOX-30,Destocking,-1.0,DMAI01,SOL14
2026-05-16,Dress - Rust,173.0,DMAI0-S,Finished product,First,APT02-CHB01-FST-BOX-30,Destocking,-1.0,DMAI01,SOL14
2026-05-16,Skirt - Cream,173.0,YLYS0-L,Finished product,Second,APT02-CHB01-2ND-BOX-15,Destocking,-1.0,YLYS01,TIL08
2026-05-16,Pants - Black,173.0,PLEE1-L,Finished product,Second,APT02-CHB01-2ND-BOX-16,Destocking,-1.0,PLEE11,LIN08
2026-05-16,Pants - Black,173.0,PLEE1-S,Finished product,Second,APT02-CHB01-2ND-BOX-16,Destocking,-1.0,PLEE11,LIN08
2026-05-16,Pants - Black,173.0,PLEE0-M,Finished product,Second,APT02-CHB01-2ND-BOX-17,Destocking,-1.0,PLEE01,SOK08
2026-05-16,Pants - Black,173.0,PLEE0-XS,Finished product,Second,APT02-CHB01-2ND-BOX-17,Destocking,-1.0,PLEE01,SOK08
2026-05-16,Pants - Noir,173.0,PLEE0-S,Finished product,Second,APT02-CHB01-2ND-BOX-17,Destocking,-2.0,PLEE01,SOL14
2026-05-16,Pants - Rust,173.0,PLEE0-L,Finished product,Second,APT02-CHB01-2ND-BOX-17,Destocking,-1.0,PLEE01,SOL14
2026-05-16,Pants - Black,173.0,PLEE0-S,Finished product,Second,APT02-CHB01-2ND-BOX-17,Destocking,-1.0,PLEE01,SUT08
2026-05-16,Pants - Rust,173.0,PLEE0-L,Finished product,Second,APT02-CHB01-2ND-BOX-17,Destocking,-1.0,PLEE01,SUT08
2026-05-16,Pants - Rust,173.0,PLEE0-S,Finished product,Second,APT02-CHB01-2ND-BOX-17,Destocking,-1.0,PLEE01,SUT08
2026-05-16,Pants - Gold,173.0,PLEE0-S,Finished product,Second,APT02-CHB01-2ND-BOX-17,Destocking,-1.0,PLEE01,TEX08
2026-05-16,Pants - White,173.0,PLEE0-S,Finished product,Second,APT02-CHB01-2ND-BOX-17,Destocking,-1.0,PLEE01,ZEN08
2026-05-16,Pants - Rose,173.0,PLEE0-S,Finished product,Second,APT02-CHB01-2ND-BOX-18,Destocking,-1.0,PLEE01,ATO08
2026-05-16,Pants - Blu,173.0,PLEE0-S,Finished product,Second,APT02-CHB01-2ND-BOX-18,Destocking,0.0,PLEE01,SUT08
2026-05-16,Skirt - Gold,173.0,YSEU0-XSS,Finished product,Second,APT02-CHB01-2ND-BOX-19,Destocking,-1.0,YSEU01,FIO08
2026-05-16,Skirt - Aqua,173.0,YSEU0-XSS,Finished product,Second,APT02-CHB01-2ND-BOX-19,Destocking,-1.0,YSEU01,PLA08
2026-05-16,Skirt - Blanc,173.0,YLAA0-XS,Finished product,Second,APT02-CHB01-2ND-BOX-26,Destocking,-1.0,YLAA01,BIJ28
2026-05-16,Skirt - Noir,173.0,YSEU0-XSS,Finished product,Second,APT02-CHB01-2ND-BOX-27,Destocking,-1.0,YSEU01,ABS08
2026-05-16,Skirt - Gold,173.0,YSEU0-ML,Finished product,Second,APT02-CHB01-2ND-BOX-27,Destocking,-1.0,YSEU01,FIO08
2026-05-16,Top - Gold,173.0,TEVA0-S,Finished product,Second,APT02-CHB01-2ND-BOX-28,Destocking,-2.0,TEVA01,TEX08
2026-05-16,Kimono - Yellow,173.0,KMIN1-XSS,Finished product,Second,APT02-CHB01-2ND-BOX-30,Destocking,-1.0,KMIN11,ANA08
2026-05-16,Pants - Vert,173.0,PLEE0-M,Finished product,Second,APT02-CHB01-2ND-BOX-37,Destocking,-1.0,PLEE01,SAL08
2026-05-16,Skirt - Aqua,173.0,YSEU0-XSS,Finished product,Second,APT02-CHB01-2ND-BOX-45,Destocking,-1.0,YSEU01,PLA08
2026-05-16,Kimono - Gold,173.0,KMIN0-ML,Finished product,Second,APT02-CHB01-2ND-BOX-38,Destocking,-1.0,KMIN01,SUT08
2026-05-16,Skirt - Teal,173.0,YSEU0-XSS,Finished product,Second,APT02-CHB01-2ND-BOX-38,Destocking,-1.0,YSEU01,BLO08
2026-05-16,Skirt - Noir,173.0,YSEU0-XSS,Finished product,Second,APT02-CHB01-2ND-BOX-39,Destocking,-2.0,YSEU01,HER08
2026-05-16,Pants - Navy,173.0,PLEE0-L,Finished product,Second,APT02-CHB01-2ND-BOX-4,Destocking,-1.0,PLEE01,COS08
2026-05-16,Pants - Rust,173.0,PLEE0-S,Finished product,Second,APT02-CHB01-2ND-BOX-4,Destocking,-1.0,PLEE01,SOL14
2026-05-16,Pants - Gold,173.0,PLEE0-L,Finished product,Second,APT02-CHB01-2ND-BOX-4,Destocking,-1.0,PLEE01,TEX08
2026-05-16,Skirt - Rose,173.0,YSEU0-XSS,Finished product,Second,APT02-CHB01-2ND-BOX-29,Destocking,-1.0,YSEU01,ATO08
2026-05-16,Top - Rust,173.0,TSAH0-S,Finished product,Second,APT02-CHB01-2ND-BOX-49,Destocking,-1.0,TSAH01,SOL14
2026-05-16,Pants - Black,173.0,PLEE0-M,Finished product,Second,APT02-CHB01-2ND-BOX-5,Destocking,-1.0,PLEE01,SUT08
2026-05-16,Swimsuit - Mustard,,SIDY0-S,Finished product,Second,APT02-CHB01-2ND-BOX-52,Destocking,-2.0,SIDY01,JAR03
2026-05-16,Pants - Teal,173.0,PLEE0-M,Finished product,Second,APT02-CHB01-2ND-BOX-53,Destocking,-2.0,PLEE01,BLO08
2026-05-16,Top - Blu,173.0,TZAN0-M,Finished product,Second,APT02-CHB01-2ND-BOX-54,Destocking,-1.0,TZAN01,SUT08
2026-05-17,Cape - Black,173.0,OWRA1-OS,Finished product,First,APT02-CHB01-FST-BOX-9,Destocking,-1.0,OWRA11,SOL17
2026-05-18,Dress - Vert,173.0,DSAT0-L,Finished product,Second,APT02-CHB01-2ND-BOX-9,Destocking,-1.0,DSAT01,SAL08
2026-05-20,Dress - Cream,173.0,DFAN0-XL,Finished product,Second,APT02-CHB01-2ND-BOX-28,Destocking,-1.0,DFAN01,TIL08
2026-05-21,Swimsuit - Blu,,SNAB0-2XL,Finished product,First,APT01-CHA01-ARM01-NIV02,Destocking,-1.0,SNAB01,BAT03
2026-05-22,Dress - Noir,173.0,DELA0-M,Finished product,First,APT02-CHB01-FST-BOX-26,Destocking,-1.0,DELA01,SIE08
2026-05-24,Dress - Navy,173.0,DTUB0-S,Finished product,First,APT02-CHB01-FST-BOX-23,Destocking,-1.0,DTUB01,LUM08
2026-05-24,Dress - Noir,173.0,DELA0-XL,Finished product,First,APT02-CHB01-FST-BOX-23,Destocking,-1.0,DELA01,SIE08
2026-05-24,Top - Rust,173.0,TAID0-2XL,Finished product,Second,APT02-CHB01-2ND-BOX-27,Destocking,-1.0,TAID01,SOL14
2026-05-04,Dress - Olive,173.0,SAT0--L,Finished product,First,APT02-CHB01-FST-BOX-23,Storage,1.0,SAT01,AYE29
2026-05-04,Dress - Vert,173.0,DELY0-XS,Finished product,First,APT02-CHB01-FST-BOX-23,Destocking,-1.0,DELY01,SEN08
2026-05-04,Dress - Vert,173.0,DELY0-L,Finished product,First,APT02-CHB01-FST-BOX-23,Destocking,-1.0,DELY01,SEN08
2026-05-05,Dress - Olive,173.0,SAT0--L,Finished product,First,APT02-CHB01-FST-BOX-23,Destocking,-1.0,SAT01,AYE29
2026-05-05,Dress - Wine,173.0,DMAI0-S,Finished product,First,APT02-CHB01-FST-BOX-23,Destocking,-1.0,DMAI01,AYE29
2026-05-05,Dress - Gold,173.0,DMAY0-L,Finished product,Second,APT02-CHB01-2ND-BOX-13,Destocking,-1.0,DMAY01,FIO08
2026-05-06,Dress - Vert,173.0,DSAT0-XS,Finished product,Second,APT02-CHB01-2ND-BOX-50,Destocking,-3.0,DSAT01,SAL08
2026-05-06,Dress - Vert,173.0,DSAT0-S,Finished product,Second,APT02-CHB01-2ND-BOX-50,Destocking,-3.0,DSAT01,SAL08
2026-05-06,Dress - Vert,173.0,DSAT0-M,Finished product,Second,APT02-CHB01-2ND-BOX-50,Destocking,-1.0,DSAT01,SAL08
2026-05-06,Dress - Vert,173.0,DSAT0-L,Finished product,Second,APT02-CHB01-2ND-BOX-50,Destocking,-2.0,DSAT01,SAL08
2026-05-06,Dress - Vert,173.0,DSAT0-XL,Finished product,Second,APT02-CHB01-2ND-BOX-50,Destocking,-2.0,DSAT01,SAL08
2026-05-06,Dress - Vert,173.0,DSAT0-M,Finished product,Second,APT02-CHB01-2ND-BOX-28,Destocking,-1.0,DSAT01,SAL08
2026-05-06,Dress - Noir,173.0,DMAI0-XS,Finished product,Second,APT02-CHB01-2ND-BOX-44,Destocking,-4.0,DMAI01,HER08
2026-05-06,Dress - Noir,173.0,DMAI0-S,Finished product,Second,APT02-CHB01-2ND-BOX-44,Destocking,-1.0,DMAI01,HER08
2026-05-06,Dress - Noir,173.0,DMAI0-M,Finished product,Second,APT02-CHB01-2ND-BOX-44,Destocking,-7.0,DMAI01,HER08
2026-05-06,Dress - Noir,173.0,DMAI0-L,Finished product,Second,APT02-CHB01-2ND-BOX-44,Destocking,-4.0,DMAI01,HER08
2026-05-06,Dress - Noir,173.0,DMAI0-XL,Finished product,Second,APT02-CHB01-2ND-BOX-44,Destocking,-2.0,DMAI01,HER08
2026-05-06,Dress - White,173.0,DMAI0-S,Finished product,Second,APT02-CHB01-2ND-BOX-45,Destocking,-4.0,DMAI01,ZEN08
2026-05-06,Dress - White,173.0,DMAI0-L,Finished product,Second,APT02-CHB01-2ND-BOX-45,Destocking,-4.0,DMAI01,ZEN08
2026-05-06,Dress - White,173.0,DMAI0-XL,Finished product,Second,APT02-CHB01-2ND-BOX-45,Destocking,-1.0,DMAI01,ZEN08
2026-05-07,Poncho - Teal,173.0,OAMY1-OS,Finished product,First,APT02-CHB01-FST-BOX-16,Destocking,-5.0,OAMY11,BAO08
2026-05-07,Poncho - Teal,173.0,OAMY1-OS,Finished product,First,APT02-CHB01-FST-BOX-5,Storage,2.0,OAMY11,BAO08
2026-05-08,Poncho - Teal,173.0,OAMY1-OS,Finished product,First,APT02-CHB01-FST-BOX-12,Storage,2.0,OAMY11,BAO08
2026-05-08,Cape - Brown,173.0,OWRA1-OS,Finished product,First,APT02-CHB01-FST-BOX-22,Storage,3.0,OWRA11,SOL17
2026-05-08,Cape - Brown,173.0,OWRA1-OS,Finished product,First,APT02-CHB01-FST-BOX-13,Destocking,-5.0,OWRA11,SOL17
2026-05-08,Cape - Blue,173.0,OWRA1-OS,Finished product,First,APT02-CHB01-FST-BOX-20,Destocking,-5.0,OWRA11,SOL17
2026-05-08,Cape - Blue,173.0,OWRA1-OS,Finished product,First,APT02-CHB01-FST-BOX-12,Storage,2.0,OWRA11,SOL17
2026-05-08,Cape - Blue,173.0,OWRA1-OS,Finished product,First,APT02-CHB01-FST-BOX-8,Storage,2.0,OWRA11,SOL17
2026-05-08,Cape - Blue,173.0,OWRA1-OS,Finished product,First,APT02-CHB01-FST-BOX-5,Storage,2.0,OWRA11,SOL17
2026-05-07,Poncho - Teal,173.0,OAMY1-OS,Finished product,First,APT02-CHB01-FST-BOX-21,Storage,1.0,OAMY11,BAO08
2026-05-07,Cape - Blue,173.0,OWRA1-OS,Finished product,First,APT02-CHB01-FST-BOX-21,Storage,1.0,OWRA11,SOL17
2026-05-07,Cape - Cream,173.0,OWRA1-OS,Finished product,First,APT02-CHB01-FST-BOX-21,Storage,1.0,OWRA11,SOL17
2026-05-07,Dress - Navy,173.0,DSAT0-XL,Finished product,First,APT02-CHB01-FST-BOX-22,Destocking,-12.0,DSAT01,SOL14
2026-05-07,Dress - Navy,173.0,DSAT0-3XL,Finished product,First,APT02-CHB01-FST-BOX-22,Destocking,-3.0,DSAT01,SOL14
2026-05-07,Dress - Navy,173.0,DSAT0-M,Finished product,First,APT02-CHB01-FST-BOX-22,Destocking,-2.0,DSAT01,SOL14
2026-05-07,Dress - Navy,173.0,DSAT0-2XL,Finished product,First,APT02-CHB01-FST-BOX-22,Destocking,-1.0,DSAT01,SOL14
2026-05-07,Dress - Navy,173.0,DSAT0-XL,Finished product,First,APT02-CHB01-FST-BOX-20,Storage,12.0,DSAT01,SOL14
2026-05-07,Dress - Navy,173.0,DSAT0-3XL,Finished product,First,APT02-CHB01-FST-BOX-20,Storage,3.0,DSAT01,SOL14
2026-05-07,Dress - Navy,173.0,DSAT0-M,Finished product,First,APT02-CHB01-FST-BOX-20,Storage,3.0,DSAT01,SOL14
2026-05-07,Dress - Navy,173.0,DSAT0-2XL,Finished product,First,APT02-CHB01-FST-BOX-20,Storage,2.0,DSAT01,SOL14
2026-05-07,Pants - Black,173.0,PLEE0-M,Finished product,Second,APT02-CHB01-2ND-BOX-7,Destocking,-1.0,PLEE01,SOK08
2026-05-07,Pants - Black,173.0,PLEE0-XS,Finished product,Second,APT02-CHB01-2ND-BOX-7,Destocking,-1.0,PLEE01,SOK08
2026-05-11,Dress - Noir,173.0,DSAT0-2XL,Finished product,Second,APT02-CHB01-2ND-BOX-51,Destocking,-2.0,DSAT01,SCR08
2026-05-11,Dress - Noir,173.0,DSAT0-2XL,Finished product,First,APT02-CHB01-FST-BOX-23,Destocking,-1.0,DSAT01,FAM08
2026-05-07,Dress - Blanc,173.0,DRAM0-XL,Finished product,First,APT02-CHB01-FST-BOX-26,Destocking,-1.0,DRAM01,BAN27
2026-05-07,Dress - Noir,173.0,DSAT0-M,Finished product,First,APT02-CHB01-FST-BOX-26,Destocking,-1.0,DSAT01,SIE08
2026-05-11,Pants - Noir,173.0,PLEE0-M,Finished product,Second,APT02-CHB01-2ND-BOX-2,Destocking,-2.0,PLEE01,SOL14
2026-05-11,Pants - Noir,173.0,PLEE0-L,Finished product,Second,APT02-CHB01-2ND-BOX-2,Storage,1.0,PLEE01,SOL14
2026-05-11,Pants - Noir,173.0,PLEE0-S,Finished product,Second,APT02-CHB01-2ND-BOX-2,Destocking,-1.0,PLEE01,SOL14
2026-05-11,Jumpsuit - Vert,173.0,JUMYO-L,Finished product,Second,APT02-CHB01-2ND-BOX-1,Storage,1.0,JUMYO1,SAL08
2026-05-13,Pants - Navy,173.0,PLEE0-2XL,Finished product,Second,APT02-CHB01-2ND-BOX-4,Destocking,-1.0,PLEE01,COS08
2026-05-13,Pants - Cream,173.0,PLEE0-XL,Finished product,Second,APT02-CHB01-2ND-BOX-4,Destocking,-1.0,PLEE01,ZEN08
2026-05-13,Dress - Blanc,173.0,DRAM0-XL,Finished product,First,APT02-CHB01-FST-BOX-26,Destocking,-1.0,DRAM01,BAN27
2026-05-13,Skirt - Cream,173.0,YSEU0-ML,Finished product,Second,APT02-CHB01-2ND-BOX-29,Destocking,-4.0,YSEU01,TIL08
2026-05-13,Skirt - Cream,173.0,YSEU0-XL,Finished product,Second,APT02-CHB01-2ND-BOX-29,Destocking,-1.0,YSEU01,TIL08
2026-05-13,Kimono - Cream,173.0,KMIN0-3XL,Finished product,Second,APT02-CHB01-2ND-BOX-36,Storage,6.0,KMIN01,TIL08
2026-05-13,Top - Rust,173.0,TLEN0-L,Finished product,Second,APT02-CHB01-2ND-BOX-36,Destocking,-2.0,TLEN01,SOL14
2026-05-13,Dress - Coral,173.0,DMAI0-XS,Finished product,First,APT02-CHB01-FST-BOX-27,Destocking,-1.0,DMAI01,SOL18
2026-05-13,Dress - White,173.0,DMAI0-2XL,Finished product,Second,APT02-CHB01-2ND-BOX-44,Storage,3.0,DMAI01,ZEN08
2026-05-13,Dress - White,173.0,DMAI0-S,Finished product,Second,APT02-CHB01-2ND-BOX-44,Storage,1.0,DMAI01,ZEN08
2026-05-13,Dress - White,173.0,DMAI0-XL,Finished product,Second,APT02-CHB01-2ND-BOX-44,Storage,1.0,DMAI01,ZEN08
2026-05-13,Dress - White,173.0,DMAI0-3XL,Finished product,Second,APT02-CHB01-2ND-BOX-44,Storage,2.0,DMAI01,ZEN08
2026-05-13,Dress - Gold,173.0,DLAL0-L,Finished product,Second,APT02-CHB01-2ND-BOX-30,Storage,20.0,DLAL01,SUT08
2026-05-13,Dress - Gold,173.0,DMAI0-XS,Finished product,Second,APT02-CHB01-2ND-BOX-33,Storage,3.0,DMAI01,SUT08
2026-05-13,Dress - Rust,173.0,DMAI0-XS,Finished product,First,APT02-CHB01-FST-BOX-30,Destocking,-1.0,DMAI01,SOL14
2026-05-13,Dress - Mustard,173.0,DMAI0-M,Finished product,First,APT02-CHB01-FST-BOX-30,Destocking,-2.0,DMAI01,SOL14
2026-05-15,Pants - Gold,173.0,PLEE0-L,Finished product,Second,APT02-CHB01-2ND-BOX-52,Destocking,-1.0,PLEE01,DHA20
2026-05-15,Dress - Blu,175.0,DTUB0-M-C,Finished product,First,APT02-CHB01-FST-BOX-23,Destocking,-1.0,DTUB01,SKY08
2026-05-15,Dress - Blu,173.0,DNAI0-M,Finished product,First,APT02-CHB01-FST-BOX-24,Destocking,-1.0,DNAI01,SKY08
2026-05-15,Dress - Gold,173.0,DMAY0-XL,Finished product,Second,APT02-CHB01-2ND-BOX-13,Destocking,-23.0,DMAY01,FIO08
2026-05-15,Dress - Gold,173.0,DMAY0-XL,Finished product,Second,APT02-CHB01-2ND-BOX-43,Storage,22.0,DMAY01,FIO08
2026-05-15,Dress - Gold,173.0,DMAY0-L,Finished product,Second,APT02-CHB01-2ND-BOX-13,Destocking,-12.0,DMAY01,FIO08
2026-05-15,Dress - Gold,173.0,DMAY0-L,Finished product,Second,APT02-CHB01-2ND-BOX-47,Storage,15.0,DMAY01,FIO08
2026-05-15,Dress - Gold,173.0,DMAY0-M,Finished product,Second,APT02-CHB01-2ND-BOX-13,Destocking,-8.0,DMAY01,FIO08
2026-05-15,Dress - Gold,173.0,DMAY0-M,Finished product,Second,APT02-CHB01-2ND-BOX-47,Storage,10.0,DMAY01,FIO08
2026-05-15,Dress - Gold,173.0,DMAY0-2XL,Finished product,Second,APT02-CHB01-2ND-BOX-18,Destocking,-10.0,DMAY01,TEX08
2026-05-15,Dress - Gold,173.0,DMAY0-2XL,Finished product,Second,APT02-CHB01-2ND-BOX-47,Storage,10.0,DMAY01,TEX08
2026-05-15,Dress - Gold,173.0,DMAI0-3XL,Finished product,Second,APT02-CHB01-2ND-BOX-33,Storage,1.0,DMAI01,SUT08
2026-05-15,Dress - Gold,173.0,DMAI0-2XL,Finished product,Second,APT02-CHB01-2ND-BOX-33,Storage,1.0,DMAI01,SUT08
2026-05-15,Dress - Gold,173.0,DMAI0-S,Finished product,Second,APT02-CHB01-2ND-BOX-33,Storage,1.0,DMAI01,SUT08
2026-05-15,Dress - Gold,173.0,DMAI0-L,Finished product,Second,APT02-CHB01-2ND-BOX-33,Storage,1.0,DMAI01,SUT08
2026-05-15,Dress - Gold,173.0,DMAI0-M,Finished product,Second,APT02-CHB01-2ND-BOX-33,Storage,1.0,DMAI01,SUT08
2026-05-15,Dress - Gold,173.0,DMAI0-XL,Finished product,Second,APT02-CHB01-2ND-BOX-33,Storage,1.0,DMAI01,SUT08
2026-05-15,Jumpsuit - Rust,173.0,JUMY0-S,Finished product,Second,APT02-CHB01-2ND-BOX-3,Destocking,-1.0,JUMY01,SOL14
2026-05-15,Dress - Cream,173.0,DFAN0-S,Finished product,Second,APT02-CHB01-2ND-BOX-53,Storage,1.0,DFAN01,TIL08
2026-05-15,Dress - Cream,173.0,DFAN0-M,Finished product,Second,APT02-CHB01-2ND-BOX-53,Storage,1.0,DFAN01,TIL08
2026-05-15,Dress - Cream,173.0,DFAN0-L,Finished product,Second,APT02-CHB01-2ND-BOX-53,Storage,1.0,DFAN01,TIL08
2026-05-15,Dress - Gold,173.0,DMAY0-XS,Finished product,Second,APT02-CHB01-2ND-BOX-18,Destocking,-6.0,DMAY01,TEX08
2026-05-15,Dress - Gold,173.0,DMAY0-XS,Finished product,Second,APT02-CHB01-2ND-BOX-3,Storage,7.0,DMAY01,TEX08
2026-05-15,Dress - Gold,173.0,DMAY0-XL,Finished product,Second,APT02-CHB01-2ND-BOX-18,Destocking,-3.0,DMAY01,TEX08
2026-05-15,Dress - Gold,173.0,DMAY0-XL,Finished product,Second,APT02-CHB01-2ND-BOX-3,Storage,2.0,DMAY01,TEX08
2026-05-15,Dress - Gold,173.0,DMAY0-S,Finished product,Second,APT02-CHB01-2ND-BOX-18,Destocking,-3.0,DMAY01,TEX08
2026-05-15,Dress - Gold,173.0,DMAY0-S,Finished product,Second,APT02-CHB01-2ND-BOX-3,Storage,3.0,DMAY01,TEX08
2026-05-15,Dress - Gold,173.0,DMAY0-3XL,Finished product,Second,APT02-CHB01-2ND-BOX-18,Destocking,-2.0,DMAY01,TEX08
2026-05-15,Dress - Gold,173.0,DMAY0-3XL,Finished product,Second,APT02-CHB01-2ND-BOX-3,Storage,2.0,DMAY01,TEX08
2026-05-15,Dress - Gold,173.0,DMAY0-L,Finished product,Second,APT02-CHB01-2ND-BOX-3,Storage,2.0,DMAY01,TEX08
2026-05-15,Top - Teal,173.0,TSAH1-XL,Finished product,Second,APT02-CHB01-2ND-BOX-28,Destocking,-7.0,TSAH11,BAO08
2026-05-15,Top - Teal,173.0,TSAH1-XL,Finished product,Second,APT02-CHB01-2ND-BOX-14,Storage,7.0,TSAH11,BAO08
2026-05-15,Top - Gold,173.0,TEVA0-S,Finished product,Second,APT02-CHB01-2ND-BOX-28,Destocking,-4.0,TEVA01,TEX08
2026-05-15,Top - Gold,173.0,TEVA0-S,Finished product,Second,APT02-CHB01-2ND-BOX-14,Storage,4.0,TEVA01,TEX08
2026-05-22,Dress - Cream,173.0,DFAN0-S,Finished product,Second,APT02-CHB01-2ND-BOX-14,Destocking,-7.0,DFAN01,TIL08
2026-05-15,Dress - Cream,173.0,DFAN0-S,Finished product,Second,APT02-CHB01-2ND-BOX-53,Storage,5.0,DFAN01,TIL08
2026-05-15,Dress - Cream,173.0,DFAN0-XS,Finished product,Second,APT02-CHB01-2ND-BOX-28,Destocking,-3.0,DFAN01,TIL08
2026-05-15,Dress - Cream,173.0,DFAN0-XS,Finished product,Second,APT02-CHB01-2ND-BOX-53,Storage,4.0,DFAN01,TIL08
2026-05-15,Dress - Cream,173.0,DFAN0-XL,Finished product,Second,APT02-CHB01-2ND-BOX-28,Destocking,-7.0,DFAN01,TIL08
2026-05-15,Dress - Cream,173.0,DFAN0-XL,Finished product,Second,APT02-CHB01-2ND-BOX-53,Storage,8.0,DFAN01,TIL08
2026-05-15,Dress - Rose,173.0,DMAI0-L,Finished product,Second,APT02-CHB01-2ND-BOX-26,Destocking,-1.0,DMAI01,BLO08
2026-05-15,Top - Cream,173.0,TZAN0-2XL,Finished product,Second,APT02-CHB01-2ND-BOX-39,Storage,3.0,TZAN01,TIL08
2026-05-18,Kimono - Noir,173.0,KSIR0-M,Finished product,First,APT02-CHB01-FST-BOX-25,Destocking,-2.0,KSIR01,ZHY12
2026-05-18,Dress - Olive,173.0,DMAI0-S,Finished product,First,APT02-CHB01-FST-BOX-23,Destocking,-1.0,DMAI01,AYE29
2026-05-18,Dress - Noir,173.0,DSAT0-S,Finished product,First,APT02-CHB01-FST-BOX-26,Destocking,-1.0,DSAT01,SIE08
2026-05-18,Dress - Navy,173.0,DSAT0-2XL,Finished product,First,APT02-CHB01-FST-BOX-20,Destocking,-1.0,DSAT01,SOL14
2026-05-19,Kimono - Blanc,173.0,KCAB0-XL,Finished product,First,APT02-CHB01-FST-BOX-23,Destocking,-1.0,KCAB01,KHE28
2026-05-19,Kimono - Blanc,173.0,KCAB0-XSS,Finished product,First,APT02-CHB01-FST-BOX-23,Destocking,-1.0,KCAB01,KHE28
2026-05-19,Pants - Olive,190.0,PHAN0-M-C,Finished product,First,APT02-CHB01-FST-BOX-23,Destocking,-1.0,PHAN01,AYE29
2026-05-19,Dress - Noir,173.0,DSAT0-L,Finished product,First,APT02-CHB01-FST-BOX-26,Destocking,-1.0,DSAT01,SIE08
2026-05-19,Dress - Olive,173.0,DNAJ0-M,Finished product,First,APT02-CHB01-FST-BOX-23,Destocking,-1.0,DNAJ01,TOI32
2026-05-19,Dress - Cream,173.0,DSAT0-L,Finished product,Second,APT02-CHB01-2ND-BOX-11,Destocking,-1.0,DSAT01,TIL08
2026-05-19,Dress - Gold,173.0,DSAT0-L,Finished product,Second,APT02-CHB01-2ND-BOX-11,Destocking,-1.0,DSAT01,SUT08
2026-05-19,Dress - Blu,173.0,DSAT0-M,Finished product,Second,APT02-CHB01-2ND-BOX-11,Destocking,-1.0,DSAT01,ATO08
2026-05-19,Dress - Teal,173.0,DSAT0-M,Finished product,Second,APT02-CHB01-2ND-BOX-11,Storage,1.0,DSAT01,BLO08
2026-05-19,Dress - Vert,173.0,DSAT0-S,Finished product,Second,APT02-CHB01-2ND-BOX-15,Destocking,-1.0,DSAT01,SAL08
2026-05-19,Dress - Vert,173.0,DSAT0-XL,Finished product,Second,APT02-CHB01-2ND-BOX-15,Storage,2.0,DSAT01,SAL08
2026-05-19,Dress - Vert,173.0,DSAT0-M,Finished product,Second,APT02-CHB01-2ND-BOX-15,Storage,1.0,DSAT01,SAL08
2026-05-19,Dress - Vert,173.0,DSAT0-L,Finished product,Second,APT02-CHB01-2ND-BOX-15,Storage,1.0,DSAT01,SAL08
2026-05-19,Dress - Vert,173.0,DSAT0-2XL,Finished product,Second,APT02-CHB01-2ND-BOX-15,Storage,1.0,DSAT01,SAL08
2026-05-19,Skirt - Cream,173.0,YLYS0-L,Finished product,Second,APT02-CHB01-2ND-BOX-15,Storage,2.0,YLYS01,TIL08
2026-05-19,Skirt - Cream,173.0,YLYS0-S,Finished product,Second,APT02-CHB01-2ND-BOX-15,Storage,-1.0,YLYS01,TIL08
2026-05-19,Pants - Cream,173.0,PLEE0-XL,Finished product,Second,APT02-CHB01-2ND-BOX-16,Destocking,-1.0,PLEE01,TIL08
2026-05-19,Pants - Cream,173.0,PLEE0-XS,Finished product,Second,APT02-CHB01-2ND-BOX-16,Destocking,-1.0,PLEE01,TIL08
2026-05-19,Pants - Black,173.0,PLEE1-L,Finished product,Second,APT02-CHB01-2ND-BOX-16,Storage,1.0,PLEE11,LIN08
2026-05-19,Dress - white,173.0,DADA0-L,Finished product,First,APT02-CHB01-FST-BOX-25,Storage,1.0,DADA01,JOA08
2026-05-19,Pants - Navy,173.0,PJAN0-XS,Finished product,First,APT02-CHB01-FST-BOX-25,Storage,1.0,PJAN01,ULA08
2026-05-19,Pants - Ivory,173.0,PLEE0-M,Finished product,First,APT02-CHB01-FST-BOX-25,Storage,10.0,PLEE01,LUZ08
2026-05-19,Pants - Ivory,173.0,PLEE0-L,Finished product,First,APT02-CHB01-FST-BOX-25,Storage,6.0,PLEE01,LUZ08
2026-05-19,Dress - Blu,173.0,DNAI0-M,Finished product,First,APT02-CHB01-FST-BOX-25,Storage,1.0,DNAI01,SKY08
2026-05-19,Dress - Teal,173.0,DNAI0-XL,Finished product,First,APT02-CHB01-FST-BOX-25,Storage,1.0,DNAI01,ZEE24
2026-05-19,Dress - Olive,173.0,SAT0--L,Finished product,First,APT02-CHB01-FST-BOX-25,Storage,1.0,SAT01,AYE29
2026-05-19,Pants - Black,173.0,PLEE0-L,Finished product,Second,APT02-CHB01-2ND-BOX-5,Storage,1.0,PLEE01,SUT08
2026-05-19,Pants - Cream,173.0,PLEE0-M,Finished product,Second,APT02-CHB01-2ND-BOX-5,Storage,1.0,PLEE01,TIL08
2026-05-19,Pants - Black,173.0,PLEE1-2XL,Finished product,Second,APT02-CHB01-2ND-BOX-16,Storage,2.0,PLEE11,LIN08
2026-05-19,Pants - Noir,173.0,PLEE0-XS,Finished product,Second,APT02-CHB01-2ND-BOX-5,Storage,1.0,PLEE01,HER08
2026-05-19,Pants - Ivory,173.0,PLEE0-XS,Finished product,First,APT02-CHB01-FST-BOX-20,Storage,3.0,PLEE01,LUZ08
2026-05-19,Pants - Ivory,173.0,PLEE0-S,Finished product,First,APT02-CHB01-FST-BOX-20,Storage,8.0,PLEE01,LUZ08
2026-05-19,Dress - Blu,173.0,DFAR0-XS,Finished product,First,APT02-CHB01-FST-BOX-20,Storage,4.0,DFAR01,COS08
2026-05-19,Dress - Blu,173.0,DFAR0-S,Finished product,First,APT02-CHB01-FST-BOX-20,Storage,4.0,DFAR01,COS08
2026-05-19,Dress - Blu,173.0,DFAR0-M,Finished product,First,APT02-CHB01-FST-BOX-20,Storage,4.0,DFAR01,COS08
2026-05-19,Dress - Blu,173.0,DFAR0-L,Finished product,First,APT02-CHB01-FST-BOX-20,Storage,4.0,DFAR01,COS08
2026-05-19,Dress - Blu,173.0,DFAR0-XL,Finished product,First,APT02-CHB01-FST-BOX-20,Storage,2.0,DFAR01,COS08
2026-05-19,Kimono - Cream,173.0,KMIN0-ML,Finished product,Second,APT02-CHB01-2ND-BOX-22,Storage,1.0,KMIN01,TIL08
2026-05-19,Jumpsuit - Teal,173.0,JUMY0-2XL,Finished product,Second,APT02-CHB01-2ND-BOX-22,Destocking,-1.0,JUMY01,SOL14
2026-05-19,Kimono - Teal,173.0,KBOU0-OS,Finished product,First,APT02-CHB01-FST-BOX-26,Storage,33.0,KBOU01,BAO08
2026-05-19,Dress - Vert,173.0,DFAR0-XS,Finished product,First,APT02-CHB01-FST-BOX-20,Storage,4.0,DFAR01,PAL08
2026-05-19,Dress - Vert,173.0,DFAR0-S,Finished product,First,APT02-CHB01-FST-BOX-20,Storage,4.0,DFAR01,PAL08
2026-05-19,Dress - Vert,173.0,DFAR0-M,Finished product,First,APT02-CHB01-FST-BOX-20,Storage,3.0,DFAR01,PAL08
2026-05-19,Dress - Vert,173.0,DFAR0-L,Finished product,First,APT02-CHB01-FST-BOX-20,Storage,3.0,DFAR01,PAL08
2026-05-19,Dress - Vert,173.0,DFAR0-XL,Finished product,First,APT02-CHB01-FST-BOX-20,Storage,2.0,DFAR01,PAL08
2026-05-19,Dress - Blu,173.0,DFAR0-XS,Finished product,First,APT02-CHB01-FST-BOX-20,Storage,4.0,DFAR01,RAY08
2026-05-19,Dress - Blu,173.0,DFAR0-S,Finished product,First,APT02-CHB01-FST-BOX-20,Storage,4.0,DFAR01,RAY08
2026-05-19,Dress - Blu,173.0,DFAR0-M,Finished product,First,APT02-CHB01-FST-BOX-20,Storage,4.0,DFAR01,RAY08
2026-05-19,Dress - Blu,173.0,DFAR0-XL,Finished product,First,APT02-CHB01-FST-BOX-20,Storage,2.0,DFAR01,RAY08
2026-05-20,Dress - Noir,173.0,DELA0-M,Finished product,First,APT02-CHB01-FST-BOX-26,Destocking,-1.0,DELA01,SIE08
2026-05-20,Dress - Olive,173.0,DRAY0-S,Finished product,First,APT02-CHB01-FST-BOX-23,Destocking,-1.0,DRAY01,OMB40
2026-05-20,Dress - Navy,183.0,DTUB0-S-C,Finished product,First,APT02-CHB01-FST-BOX-23,Destocking,-1.0,DTUB01,LUM08
2026-05-20,Dress - Noir,173.0,DAMA0-S,Finished product,Second,APT02-CHB01-2ND-BOX-24,Destocking,-1.0,DAMA01,ISL08
2026-05-20,Dress - Noir,173.0,DAMA0-S,Finished product,Second,APT02-CHB01-2ND-BOX-22,Storage,2.0,DAMA01,ISL08
2026-05-20,Dress - Noir,173.0,DAMA0-M,Finished product,Second,APT02-CHB01-2ND-BOX-24,Destocking,-1.0,DAMA01,ISL08
2026-05-20,Dress - Aqua,173.0,DAMA0-S,Finished product,Second,APT02-CHB01-2ND-BOX-24,Destocking,-1.0,DAMA01,PLA08
2026-05-20,Dress - Rust,173.0,DDIA0-2XL,Finished product,Second,APT02-CHB01-2ND-BOX-24,Destocking,-1.0,DDIA01,SOL14
2026-05-20,Dress - Rose,173.0,DDIA0-XS,Finished product,Second,APT02-CHB01-2ND-BOX-24,Destocking,-1.0,DDIA01,SAL08
2026-05-20,Dress - Vert,173.0,DDIA0-3XL,Finished product,Second,APT02-CHB01-2ND-BOX-24,Destocking,-1.0,DDIA01,BAT08
2026-05-20,Pants - Noir,173.0,PJAN0-S,Finished product,Second,APT02-CHB01-2ND-BOX-25,Destocking,-1.0,PJAN01,ISL08
2026-05-20,Dress - Noir,173.0,DSAT0-S,Finished product,Second,APT02-CHB01-2ND-BOX-39,Storage,1.0,DSAT01,SCR08
2026-05-20,Dress - Gold,173.0,DMAI0-3XL,Finished product,Second,APT02-CHB01-2ND-BOX-25,Destocking,-1.0,DMAI01,FIO08
2026-05-20,Dress - Rose,173.0,DDAL0-XS,Finished product,Second,APT02-CHB01-2ND-BOX-20,Destocking,-1.0,DDAL01,ATO08
2026-05-20,Dress - Rose,173.0,DDAL0-L,Finished product,Second,APT02-CHB01-2ND-BOX-20,Destocking,-1.0,DDAL01,ATO08
2026-05-20,Dress - Rose,173.0,DSAT0-XL,Finished product,Second,APT02-CHB01-2ND-BOX-20,Destocking,-1.0,DSAT01,ATO08
2026-05-20,Dress - Noir,173.0,DSAT0-XS,Finished product,Second,APT02-CHB01-2ND-BOX-20,Destocking,-2.0,DSAT01,SCR08
2026-05-20,Dress - Noir,173.0,DSAT0-XL,Finished product,Second,APT02-CHB01-2ND-BOX-20,Destocking,-1.0,DSAT01,SCR08
2026-05-20,Dress - Noir,173.0,DSAT0-L,Finished product,Second,APT02-CHB01-2ND-BOX-20,Destocking,-1.0,DSAT01,HER08
2026-05-20,Pants - Cream,173.0,PLEE0-S,Finished product,Second,APT02-CHB01-2ND-BOX-20,Destocking,-1.0,PLEE01,GAR08
2026-05-20,Pants - Blanc,173.0,PLEE0-XS,Finished product,Second,APT02-CHB01-2ND-BOX-20,Destocking,-1.0,PLEE01,DHA20
2026-05-20,Dress - Blu,173.0,DSAT0-S,Finished product,Second,APT02-CHB01-2ND-BOX-20,Destocking,-1.0,DSAT01,SUT08
2026-05-20,Dress - Blu,173.0,DNUR0-S,Finished product,Second,APT02-CHB01-2ND-BOX-20,Destocking,-1.0,DNUR01,BAT08
2026-05-20,Pants - Blu,173.0,PLEE0-XS,Finished product,Second,APT02-CHB01-2ND-BOX-20,Storage,1.0,PLEE01,COS08
2026-05-20,Pants - Cream,173.0,PLEE0-XL,Finished product,Second,APT02-CHB01-2ND-BOX-20,Storage,1.0,PLEE01,ZEN08
2026-05-20,Dress - Rose,173.0,DDAL0-L,Finished product,Second,APT02-CHB01-2ND-BOX-20,Storage,1.0,DDAL01,ABS08
2026-05-20,Dress - Rose,173.0,DDAL0-XS,Finished product,Second,APT02-CHB01-2ND-BOX-20,Storage,1.0,DDAL01,ABS08
2026-05-20,Pants - Rust,173.0,PLEE0-XS,Finished product,Second,APT02-CHB01-2ND-BOX-17,Storage,1.0,PLEE01,SUT08
2026-05-20,Pants - Navy,173.0,PLEE0-XL,Finished product,Second,APT02-CHB01-2ND-BOX-17,Destocking,-1.0,PLEE01,COS08
2026-05-20,Skirt - Cream,173.0,YSEU0-ML,Finished product,Second,APT02-CHB01-2ND-BOX-45,Destocking,-10.0,YSEU01,TIL08
2026-05-20,Skirt - Cream,173.0,YSEU0-ML,Finished product,Second,APT02-CHB01-2ND-BOX-20,Storage,10.0,YSEU01,TIL08
2026-05-20,Dress - OLive,173.0,SAT0--L,Finished product,First,APT02-CHB01-FST-BOX-20,Storage,1.0,SAT01,AYE29
2026-05-20,Skirt - Cream,173.0,YSEU0-XL,Finished product,Second,APT02-CHB01-2ND-BOX-45,Destocking,-5.0,YSEU01,TIL08
2026-05-20,Skirt - Cream,173.0,YSEU0-2XL,Finished product,Second,APT02-CHB01-2ND-BOX-45,Destocking,-6.0,YSEU01,TIL08
2026-05-20,Skirt - Cream,173.0,YSEU0-2XL,Finished product,Second,APT02-CHB01-2ND-BOX-20,Storage,6.0,YSEU01,TIL08
2026-05-20,Skirt - Cream,173.0,YSEU0-XL,Finished product,Second,APT02-CHB01-2ND-BOX-20,Storage,5.0,YSEU01,TIL08
2026-05-20,Skirt - Cream,173.0,YSEU0-XSS,Finished product,Second,APT02-CHB01-2ND-BOX-45,Destocking,-3.0,YSEU01,TIL08
2026-05-20,Skirt - Cream,173.0,YSEU0-XSS,Finished product,Second,APT02-CHB01-2ND-BOX-20,Storage,3.0,YSEU01,TIL08
2026-05-20,Skirt - Cream,173.0,YSEU0-3XL,Finished product,Second,APT02-CHB01-2ND-BOX-45,Destocking,-1.0,YSEU01,TIL08
2026-05-20,Skirt - Cream,173.0,YSEU0-3XL,Finished product,Second,APT02-CHB01-2ND-BOX-20,Storage,1.0,YSEU01,TIL08
2026-05-20,Swimsuit - Rose,,SNIA0-M,Finished product,First,APT01-CHA01-ARM02-NIV00,Destocking,-3.0,SNIA01,ABS03
2026-05-21,Dress - Terracota,173.0,DTUB0-XS,Finished product,First,APT02-CHB01-FST-BOX-23,Destocking,-1.0,DTUB01,COC08
2026-05-21,Dress - Olive,173.0,DRAY0-S,Finished product,First,APT02-CHB01-FST-BOX-23,Destocking,-1.0,DRAY01,OMB40
2026-05-21,Dress - Olive,173.0,DRAY0-M,Finished product,First,APT02-CHB01-FST-BOX-23,Destocking,-1.0,DRAY01,OMB40
2026-05-21,Kimono - Blanc,173.0,KCAB0-XSS,Finished product,First,APT02-CHB01-FST-BOX-20,Storage,1.0,KCAB01,KHE28
2026-05-21,Pants - Blanc,173.0,PJAN0-XS,Finished product,First,APT02-CHB01-FST-BOX-20,Storage,1.0,PJAN01,KHE28
2026-05-22,Top - Navy,,TULY0-M,Finished product,First,APT02-CHB01-FST-BOX-23,Destocking,-1.0,TULY01,RAZ32
2026-05-22,Dress - Noir,173.0,DJWA0-2XL,Finished product,First,APT02-CHB01-FST-BOX-23,Destocking,-1.0,DJWA01,SIE08
2026-05-23,Top - Navy,,TULY0-S,Finished product,First,APT02-CHB01-FST-BOX-23,Destocking,-1.0,TULY01,RAZ32
2026-05-23,Dress - Blu,173.0,DMAR0-3XL,Finished product,Second,APT02-CHB01-2ND-BOX-32,Destocking,-1.0,DMAR01,GYR08
2026-05-23,Dress - Gold,173.0,DMAY0-XL,Finished product,Second,APT02-CHB01-2ND-BOX-43,Destocking,-1.0,DMAY01,FIO08
2026-05-23,Dress - Blu,173.0,DMAR0-3XL,Finished product,Second,APT02-CHB01-2ND-BOX-32,Destocking,-1.0,DMAR01,GYR08
2026-05-23,Dress - Gold,173.0,DMAY0-2XL,Finished product,Second,APT02-CHB01-2ND-BOX-52,Destocking,-1.0,DMAY01,FIO08
2026-05-23,Dress - Blu,173.0,DMAR0-3XL,Finished product,Second,APT02-CHB01-2ND-BOX-30,Destocking,-1.0,DMAR01,GYR08
2026-05-23,Dress - Blue,173.0,DSAT0-XL,Finished product,Second,APT02-CHB01-2ND-BOX-52,Storage,1.0,DSAT01,YRA08
2026-05-25,Dress - Noir,173.0,DRAY0-S,Finished product,First,APT02-CHB01-FST-BOX-23,Destocking,-1.0,DRAY01,NAL40
2026-05-25,Kimono - Cream,173.0,KAWA0-S,Finished product,Second,APT02-CHB01-2ND-BOX-23,Destocking,-1.0,KAWA01,ZEN08
2026-05-25,Pants - Noir,173.0,PLEE0-XS,Finished product,Second,APT02-CHB01-2ND-BOX-2,Destocking,-1.0,PLEE01,SOL14
2026-05-25,Pants - Rust,173.0,PLEE0-XS,Finished product,Second,APT02-CHB01-2ND-BOX-4,Destocking,-1.0,PLEE01,SOL14
2026-05-25,Dress - Rose,173.0,DMAI0-S,Finished product,Second,APT02-CHB01-2ND-BOX-26,Destocking,-1.0,DMAI01,BLO08
2026-05-25,Jumpsuit - Vert,173.0,JUMYO-S,Finished product,Second,APT02-CHB01-2ND-BOX-1,Destocking,-1.0,JUMYO1,SAL08
2026-06-01,Pants - Noir,173.0,PJAN0-M,Finished product,First,APT02-CHB01-FST-BOX-23,Destocking,-1.0,PJAN01,FAM08
2026-06-01,Dress - Navy,173.0,DSAT0-2XL,Finished product,First,APT02-CHB01-FST-BOX-20,Destocking,-1.0,DSAT01,SOL14
2026-06-01,Dress - Terracota,173.0,DTUB0-XL,Finished product,First,APT02-CHB01-FST-BOX-23,Destocking,-1.0,DTUB01,COC08
2026-06-01,Dress - Noir,173.0,DELA0-L,Finished product,First,APT02-CHB01-FST-BOX-26,Destocking,-1.0,DELA01,SIE08
2026-06-01,Kimono - Blanc,173.0,KCAB0-XSS,Finished product,First,APT02-CHB01-FST-BOX-20,Destocking,-1.0,KCAB01,KHE28
2026-06-01,Pants - Noir,173.0,PLEE0-XL,Finished product,First,APT02-CHB01-FST-BOX-26,Destocking,-1.0,PLEE01,LUZ08
2026-06-01,Dress - Noir,173.0,DJWA0-S,Finished product,First,APT02-CHB01-FST-BOX-23,Destocking,-1.0,DJWA01,SIE08
2026-06-01,Dress - Noir,173.0,DJWA0-M,Finished product,First,APT02-CHB01-FST-BOX-25,Destocking,-1.0,DJWA01,SIE08
2026-06-01,Dress - Blu,173.0,DNAI0-M,Finished product,First,APT02-CHB01-FST-BOX-25,Destocking,-1.0,DNAI01,SKY08
2026-06-01,Dress - Noir,173.0,DSAT0-M,Finished product,First,APT02-CHB01-FST-BOX-27,Destocking,-1.0,DSAT01,SCR08
2026-06-01,Dress - Olive,173.0,DNAI0-XL,Finished product,First,APT02-CHB01-FST-BOX-23,Destocking,-1.0,DNAI01,ALI08
2026-06-01,Dress - Noir,173.0,DELA0-L,Finished product,First,APT02-CHB01-FST-BOX-26,Destocking,-1.0,DELA01,SIE08
2026-06-01,Pants - Mustard,173.0,PJAN0-XL,Finished product,First,APT02-CHB01-FST-BOX-23,Destocking,-1.0,PJAN01,AVE08
2026-06-01,Dress - Gold,173.0,DMAY0-2XL,Finished product,Second,APT02-CHB01-2ND-BOX-47,Destocking,-1.0,DMAY01,TEX08
2026-06-01,Cape - Cream,173.0,OWRA1-OS,Finished product,First,APT02-CHB01-FST-BOX-8,Destocking,-1.0,OWRA11,SOL17
2026-06-01,Dress - Noir,173.0,DJWA0-3XL,Finished product,First,APT02-CHB01-FST-BOX-23,Destocking,-1.0,DJWA01,SIE08
2026-06-01,Dress - OLive,173.0,SAT0--L,Finished product,First,APT02-CHB01-FST-BOX-25,Destocking,-1.0,SAT01,AYE29
2026-06-01,Dress - Noir,173.0,DELA0-XL,Finished product,First,APT02-CHB01-FST-BOX-26,Destocking,-1.0,DELA01,SIE08
2026-06-01,Dress - OLive,173.0,SAT0--L,Finished product,First,APT02-CHB01-FST-BOX-20,Destocking,-1.0,SAT01,AYE29
2026-06-01,Dress - Noir,173.0,DELA0-2XL,Finished product,First,APT02-CHB01-FST-BOX-26,Destocking,-1.0,DELA01,SIE08
2026-06-02,Pants - Blanc,173.0,PJAN0-XS,Finished product,First,APT02-CHB01-FST-BOX-24,Destocking,-1.0,PJAN01,KHE28
2026-06-02,Dress - Noir,173.0,DTUB0-XL,Finished product,First,APT02-CHB01-FST-BOX-26,Destocking,-1.0,DTUB01,ZEE24
2026-06-02,Dress - Mustard,173.0,DMAI0-M,Finished product,First,APT02-CHB01-FST-BOX-25,Destocking,-1.0,DMAI01,SOL14
2026-06-02,Dress - Mustard,173.0,DMAI0-L,Finished product,First,APT02-CHB01-FST-BOX-25,Destocking,-1.0,DMAI01,SOL14
2026-06-03,Dress - Noir,173.0,DSAT0-3XL,Finished product,Second,APT02-CHB01-2ND-BOX-52,Storage,1.0,DSAT01,SCR08
2026-06-03,Dress - Ivory,173.0,DSAT0-S,Finished product,Second,APT02-CHB01-2ND-BOX-52,Storage,1.0,DSAT01,LUZ08
2026-06-03,Dress - Noir,173.0,DSAT0-M,Finished product,Second,APT02-CHB01-2ND-BOX-52,Storage,1.0,DSAT01,LAV08
2026-06-03,Dress - Olive,173.0,DMAI0-M,Finished product,First,APT02-CHB01-FST-BOX-25,Storage,2.0,DMAI01,SOL14
2026-06-03,Dress - Blue,173.0,DSAT0-S,Finished product,First,APT02-CHB01-FST-BOX-24,Storage,1.0,DSAT01,GYR08
2026-06-03,Dress - White,173.0,DSAT0-M,Finished product,Second,APT02-CHB01-2ND-BOX-52,Storage,1.0,DSAT01,ZEN08
2026-06-03,Dress - White,173.0,DSAT0-L,Finished product,Second,APT02-CHB01-2ND-BOX-52,Storage,1.0,DSAT01,ZEN08
2026-06-03,Dress - Rust,173.0,DMAI0-M,Finished product,First,APT02-CHB01-FST-BOX-30,Storage,1.0,DMAI01,SOL14
2026-06-03,Dress - Rust,173.0,DMAI0-S,Finished product,First,APT02-CHB01-FST-BOX-30,Storage,1.0,DMAI01,SOL14
2026-06-03,Dress - Vert,173.0,DSAT0-L,Finished product,Second,APT02-CHB01-2ND-BOX-52,Storage,2.0,DSAT01,SAL08
2026-06-03,Dress - Vert,173.0,DSAT0-S,Finished product,Second,APT02-CHB01-2ND-BOX-52,Storage,3.0,DSAT01,SAL08
2026-06-03,Dress - Vert,173.0,DSAT0-XS,Finished product,Second,APT02-CHB01-2ND-BOX-52,Storage,3.0,DSAT01,SAL08
2026-06-03,Dress - Vert,173.0,DSAT0-M,Finished product,Second,APT02-CHB01-2ND-BOX-52,Storage,2.0,DSAT01,SAL08
2026-06-03,Dress - Vert,173.0,DSAT0-XL,Finished product,Second,APT02-CHB01-2ND-BOX-52,Storage,2.0,DSAT01,SAL08
2026-06-03,Dress - Noir,173.0,DMAI0-M,Finished product,Second,APT02-CHB01-2ND-BOX-38,Storage,4.0,DMAI01,HER08
2026-06-03,Dress - Noir,173.0,DMAI0-XS,Finished product,Second,APT02-CHB01-2ND-BOX-38,Storage,4.0,DMAI01,HER08
2026-06-03,Dress - Noir,173.0,DMAI0-L,Finished product,Second,APT02-CHB01-2ND-BOX-38,Storage,4.0,DMAI01,HER08
2026-06-03,Dress - Noir,173.0,DMAI0-XL,Finished product,Second,APT02-CHB01-2ND-BOX-38,Storage,2.0,DMAI01,HER08
2026-06-03,Dress - White,173.0,DMAI0-XS,Finished product,Second,APT02-CHB01-2ND-BOX-26,Storage,3.0,DMAI01,ZEN08
2026-06-03,Dress - White,173.0,DMAI0-S,Finished product,Second,APT02-CHB01-2ND-BOX-26,Storage,1.0,DMAI01,ZEN08
2026-06-03,Dress - White,173.0,DMAI0-L,Finished product,Second,APT02-CHB01-2ND-BOX-26,Storage,2.0,DMAI01,ZEN08
2026-06-03,Dress - White,173.0,DMAI0-XL,Finished product,Second,APT02-CHB01-2ND-BOX-26,Storage,1.0,DMAI01,ZEN08
2026-06-03,Dress - Gold,173.0,DMAY0-2XL,Finished product,Second,APT02-CHB01-2ND-BOX-54,Destocking,-1.0,DMAY01,FIO08
2026-06-03,Dress - White,173.0,DMAI0-M,Finished product,Second,APT02-CHB01-2ND-BOX-26,Storage,1.0,DMAI01,SIN08
2026-06-03,Dress - Gold,173.0,DEDE0-XS,Finished product,Second,APT02-CHB01-2ND-BOX-23,Storage,1.0,DEDE01,DHA20
2026-06-03,Kimono - Teal,173.0,KBOU0-OS,Finished product,Second,APT02-CHB01-2ND-BOX-23,Storage,1.0,KBOU01,BWA08
2026-06-03,Kimono - Rose,173.0,KSIR0-S,Finished product,Second,APT02-CHB01-2ND-BOX-23,Storage,1.0,KSIR01,ABS12
2026-06-03,Dress - Rust,173.0,DAMA0-XS,Finished product,Second,APT02-CHB01-2ND-BOX-23,Storage,1.0,DAMA01,SUT08
2026-06-03,Kimono - Yellow,173.0,KMIN1-ML,Finished product,Second,APT02-CHB01-2ND-BOX-23,Storage,1.0,KMIN11,ANA08
2026-06-03,Dress - Vert,173.0,DFAR0-L,Finished product,Second,APT02-CHB01-2ND-BOX-23,Storage,1.0,DFAR01,NAR08
2026-06-03,Dress - Noir,173.0,DDIA0-S,Finished product,Second,APT02-CHB01-2ND-BOX-23,Storage,1.0,DDIA01,SOL14
2026-06-03,Skirt - Cream,173.0,YSEU0-ML,Finished product,Second,APT02-CHB01-2ND-BOX-40,Storage,1.0,YSEU01,TIL08
2026-06-03,Skirt - Teal,173.0,YSEU0-ML,Finished product,Second,APT02-CHB01-2ND-BOX-40,Storage,1.0,YSEU01,BLO08
2026-06-03,Skirt - Navy,173.0,YSEU0-ML,Finished product,Second,APT02-CHB01-2ND-BOX-40,Storage,1.0,YSEU01,COS08
2026-06-03,Skirt - Noir,173.0,YSEU0-XSS,Finished product,Second,APT02-CHB01-2ND-BOX-40,Storage,1.0,YSEU01,ABS08
2026-06-03,Skirt - Navy,173.0,YSEU0-XSS,Finished product,Second,APT02-CHB01-2ND-BOX-40,Storage,1.0,YSEU01,COS08
2026-06-03,Skirt - Teal,173.0,YSEU0-XSS,Finished product,Second,APT02-CHB01-2ND-BOX-40,Storage,1.0,YSEU01,BLO08
2026-06-03,Skirt - Cream,173.0,YLYS0-XS,Finished product,Second,APT02-CHB01-2ND-BOX-46,Storage,1.0,YLYS01,TIL08
2026-06-03,Skirt - Cream,173.0,YLYS0-S,Finished product,Second,APT02-CHB01-2ND-BOX-46,Storage,1.0,YLYS01,TIL08
2026-06-03,Skirt - Cream,173.0,YLYS0-L,Finished product,Second,APT02-CHB01-2ND-BOX-46,Storage,1.0,YLYS01,TIL08
2026-06-03,Pants - Noir,173.0,PLEE0-3XL,Finished product,Second,APT02-CHB01-2ND-BOX-46,Storage,1.0,PLEE01,SOL14
2026-06-03,Pants - Rust,173.0,PLEE0-S,Finished product,Second,APT02-CHB01-2ND-BOX-46,Storage,1.0,PLEE01,SOL14
2026-06-03,Pants - Black,173.0,PLEE0-XS,Finished product,Second,APT02-CHB01-2ND-BOX-46,Storage,1.0,PLEE01,SOK08
2026-06-03,Pants - Coral,173.0,PLEE1-M,Finished product,Second,APT02-CHB01-2ND-BOX-46,Storage,1.0,PLEE11,LIN12
2026-06-03,Top - Rust,173.0,TLEN0-L,Finished product,Second,APT02-CHB01-2ND-BOX-40,Storage,1.0,TLEN01,SOL14
2026-06-04,Skirt - Cream,173.0,YSEU0-2XL,Finished product,Second,APT02-CHB01-2ND-BOX-13,Storage,8.0,YSEU01,TIL08
2026-06-04,Skirt - Cream,173.0,YSEU0-ML,Finished product,Second,APT02-CHB01-2ND-BOX-13,Storage,16.0,YSEU01,TIL08
2026-06-04,Skirt - Cream,173.0,YSEU0-3XL,Finished product,Second,APT02-CHB01-2ND-BOX-13,Storage,5.0,YSEU01,TIL08
2026-06-04,Skirt - Cream,173.0,YSEU0-XL,Finished product,Second,APT02-CHB01-2ND-BOX-13,Storage,8.0,YSEU01,TIL08
2026-06-04,Skirt - Cream,173.0,YSEU0-XSS,Finished product,Second,APT02-CHB01-2ND-BOX-13,Storage,1.0,YSEU01,TIL08
2026-06-04,Skirt - Noir,173.0,YSEU0-XSS,Finished product,Second,APT02-CHB01-2ND-BOX-19,Storage,1.0,YSEU01,ABS08
2026-06-04,Skirt - Noir,173.0,YSEU0-2XL,Finished product,Second,APT02-CHB01-2ND-BOX-19,Storage,1.0,YSEU01,ABS08
2026-06-04,Top - Cream,173.0,TZAN0-L,Finished product,Second,APT02-CHB01-2ND-BOX-27,Storage,8.0,TZAN01,TIL08
2026-06-04,Top - Cream,173.0,TZAN0-XS,Finished product,Second,APT02-CHB01-2ND-BOX-27,Storage,3.0,TZAN01,TIL08
2026-06-04,Top - Cream,173.0,TZAN0-S,Finished product,Second,APT02-CHB01-2ND-BOX-27,Storage,3.0,TZAN01,TIL08
2026-06-05,Top - Cream,173.0,TZAN0-M,Finished product,Second,APT02-CHB01-2ND-BOX-27,Storage,1.0,TZAN01,TIL08
2026-06-06,Top - Cream,173.0,TZAN0-3XL,Finished product,Second,APT02-CHB01-2ND-BOX-27,Storage,6.0,TZAN01,TIL08
2026-06-04,Skirt - Noir,173.0,YSEU0-ML,Finished product,Second,APT02-CHB01-2ND-BOX-19,Storage,1.0,YSEU01,HER08
2026-06-04,Top - Noir,173.0,TNAK0-M,Finished product,Second,APT02-CHB01-2ND-BOX-27,Storage,2.0,TNAK01,HER08
2026-06-04,Top - Noir,173.0,TNAK0-XL,Finished product,Second,APT02-CHB01-2ND-BOX-27,Storage,2.0,TNAK01,HER08
2026-06-04,Dress - Noir,173.0,DMAI0-M,Finished product,Second,APT02-CHB01-2ND-BOX-13,Storage,1.0,DMAI01,HER08
2026-06-04,Dress - Noir,173.0,DMAI0-XL,Finished product,Second,APT02-CHB01-2ND-BOX-13,Storage,1.0,DMAI01,HER08
2026-06-04,Dress - Noir,173.0,DMAI0-XS,Finished product,Second,APT02-CHB01-2ND-BOX-13,Storage,1.0,DMAI01,HER08
2026-06-04,Dress - Cream,173.0,DMAI0-2XL,Finished product,Second,APT02-CHB01-2ND-BOX-13,Storage,2.0,DMAI01,ZEN08
2026-06-04,Dress - Cream,173.0,DMAI0-XS,Finished product,Second,APT02-CHB01-2ND-BOX-13,Storage,1.0,DMAI01,ZEN08
2026-06-04,Dress - White,173.0,DMAI0-S,Finished product,Second,APT02-CHB01-2ND-BOX-13,Storage,1.0,DMAI01,ZEN08
2026-06-04,Dress - Noir,173.0,DMAI0-L,Finished product,Second,APT02-CHB01-2ND-BOX-13,Storage,1.0,DMAI01,SCR08
2026-06-04,Dress - Mustard,173.0,DMAI0-S,Finished product,Second,APT02-CHB01-2ND-BOX-13,Storage,1.0,DMAI01,JAR08
2026-06-04,Dress - Gold,173.0,DMAI0-S,Finished product,Second,APT02-CHB01-2ND-BOX-13,Storage,2.0,DMAI01,SUT08
2026-06-04,Dress - Noir,173.0,DMAI0-M,Finished product,Second,APT02-CHB01-2ND-BOX-13,Storage,1.0,DMAI01,SOL14
2026-06-04,Top - Blu,173.0,TZAN0-S,Finished product,Second,APT02-CHB01-2ND-BOX-27,Storage,1.0,TZAN01,SUT08
2026-06-05,Kimono - Blanc,173.0,KCAB0-XSS,Finished product,First,APT02-CHB01-FST-BOX-24,Destocking,-1.0,KCAB01,KHE28
2026-06-05,Skirt - Cream,173.0,YLYS0-S,Finished product,Second,APT02-CHB01-2ND-BOX-25,Storage,28.0,YLYS01,TIL08
2026-06-05,Skirt - Cream,173.0,YLYS0-XS,Finished product,Second,APT02-CHB01-2ND-BOX-25,Storage,13.0,YLYS01,TIL08
2026-06-05,Skirt - Cream,173.0,YLYS0-L,Finished product,Second,APT02-CHB01-2ND-BOX-25,Storage,5.0,YLYS01,TIL08
2026-06-05,Skirt - Cream,173.0,YLYS0-XL,Finished product,Second,APT02-CHB01-2ND-BOX-25,Storage,6.0,YLYS01,TIL08
2026-06-05,Skirt - Cream,173.0,YLYS0-M,Finished product,Second,APT02-CHB01-2ND-BOX-25,Storage,2.0,YLYS01,TIL08
2026-06-05,Dress - Gold,173.0,DMAI0-XS,Finished product,Second,APT02-CHB01-2ND-BOX-13,Storage,2.0,DMAI01,SUT08
2026-06-04,Dress - Gold,173.0,DMAI0-L,Finished product,Second,APT02-CHB01-2ND-BOX-13,Storage,1.0,DMAI01,SUT08
2026-06-04,Dress - White,173.0,DMAI0-2XL,Finished product,Second,APT02-CHB01-2ND-BOX-13,Storage,2.0,DMAI01,SIN08
2026-06-05,Dress - White,173.0,DMAI0-XL,Finished product,Second,APT02-CHB01-2ND-BOX-13,Storage,1.0,DMAI01,SIN08
2026-06-05,Dress - White,173.0,DMAI0-M,Finished product,Second,APT02-CHB01-2ND-BOX-13,Storage,1.0,DMAI01,ZEN08
2026-06-05,Dress - Gold,173.0,DMAI0-M,Finished product,Second,APT02-CHB01-2ND-BOX-13,Storage,1.0,DMAI01,FIO08
2026-06-08,Cape - Cream,173.0,OWRA1-OS,Finished product,First,APT02-CHB01-FST-BOX-8,Destocking,-1.0,OWRA11,SOL17
2026-06-08,Dress - Gold,173.0,DMAY0-XL,Finished product,Second,APT02-CHB01-2ND-BOX-3,Destocking,-1.0,DMAY01,TEX08
2026-06-09,Dress - Vert,173.0,DSAT0-XS,Finished product,Second,APT02-CHB01-2ND-BOX-25,Storage,2.0,DSAT01,SAL08
2026-06-09,Dress - Vert,173.0,DSAT0-3XL,Finished product,Second,APT02-CHB01-2ND-BOX-25,Storage,1.0,DSAT01,SAL08
2026-06-09,Dress - Vert,173.0,DSAT0-S,Finished product,Second,APT02-CHB01-2ND-BOX-25,Storage,1.0,DSAT01,SAL08
2026-06-09,Dress - Blue,173.0,DSAT0-S,Finished product,Second,APT02-CHB01-2ND-BOX-25,Storage,1.0,DSAT01,YRA08
2026-06-09,Dress - Noir,173.0,DSAT0-XS,Finished product,Second,APT02-CHB01-2ND-BOX-25,Storage,1.0,DSAT01,SCR08
2026-06-09,Dress - Blu,173.0,DSAT0-XS,Finished product,Second,APT02-CHB01-2ND-BOX-25,Storage,1.0,DSAT01,COS08
2026-06-09,Dress - Rose,173.0,DSAT0-XS,Finished product,Second,APT02-CHB01-2ND-BOX-25,Storage,1.0,DSAT01,ATO08
2026-06-09,Dress - Rust,173.0,DSAT0-XS,Finished product,Second,APT02-CHB01-2ND-BOX-25,Storage,1.0,DSAT01,SUT08
2026-06-09,Dress - Blu,173.0,DSAT0-M,Finished product,Second,APT02-CHB01-2ND-BOX-25,Storage,1.0,DSAT01,SUT08
2026-06-09,Dress - Vert,173.0,DSAT0-L,Finished product,Second,APT02-CHB01-2ND-BOX-25,Storage,1.0,DSAT01,SAL08
2026-06-09,Skirt - Cream,173.0,YSEU0-ML,Finished product,Second,APT02-CHB01-2ND-BOX-55,Storage,31.0,YSEU01,TIL08
2026-06-09,Skirt - Cream,173.0,YSEU0-2XL,Finished product,Second,APT02-CHB01-2ND-BOX-55,Storage,5.0,YSEU01,TIL08
2026-06-09,Skirt - Cream,173.0,YSEU0-XL,Finished product,Second,APT02-CHB01-2ND-BOX-55,Storage,2.0,YSEU01,TIL08
2026-06-09,Skirt - Cream,173.0,YSEU0-XSS,Finished product,Second,APT02-CHB01-2ND-BOX-55,Storage,1.0,YSEU01,TIL08
2026-06-09,Skirt - Navy,173.0,YSEU0-XSS,Finished product,Second,APT02-CHB01-2ND-BOX-55,Storage,15.0,YSEU01,COS08
2026-06-09,Skirt - Rose,173.0,YSEU0-XL,Finished product,Second,APT02-CHB01-2ND-BOX-55,Storage,3.0,YSEU01,ATO08
2026-06-09,Skirt - Gold,173.0,YSEU0-XSS,Finished product,Second,APT02-CHB01-2ND-BOX-55,Storage,1.0,YSEU01,FIO08
2026-06-09,Skirt - Gold,173.0,YSEU0-XL,Finished product,Second,APT02-CHB01-2ND-BOX-55,Storage,1.0,YSEU01,FIO08
2026-06-09,Skirt - Teal,173.0,YSEU0-ML,Finished product,Second,APT02-CHB01-2ND-BOX-55,Storage,1.0,YSEU01,BLO08
2026-06-09,Skirt - Teal,173.0,YSEU0-XSS,Finished product,Second,APT02-CHB01-2ND-BOX-55,Storage,2.0,YSEU01,BLO08
2026-06-09,Skirt - noir,173.0,YSEU0-XL,Finished product,Second,APT02-CHB01-2ND-BOX-55,Storage,2.0,YSEU01,ABS08
2026-06-09,Skirt - noir,173.0,YSEU0-XSS,Finished product,Second,APT02-CHB01-2ND-BOX-55,Storage,2.0,YSEU01,ABS08
2026-06-09,Skirt - Aqua,173.0,YSEU0-XL,Finished product,Second,APT02-CHB01-2ND-BOX-55,Storage,2.0,YSEU01,PLA08
2026-06-09,Top - Wine,,TLAM0-S,Finished product,First,APT02-CHB01-FST-BOX-23,Storage,1.0,TLAM01,AYE29
2026-06-09,Dress - Noir,173.0,DLAL0-S,Finished product,Second,APT02-CHB01-2ND-BOX-27,Storage,1.0,DLAL01,ALI08
2026-06-10,Dress - Aqua,173.0,DAMA0-M,Finished product,Second,APT02-CHB01-2ND-BOX-27,Storage,1.0,DAMA01,PLA08
2026-06-10,Pants - Noir,173.0,PJAN0-XS,Finished product,Second,APT02-CHB01-2ND-BOX-27,Storage,1.0,PJAN01,HER08
2026-06-10,Dress - Blu,173.0,DMAR0-L,Finished product,Second,APT02-CHB01-2ND-BOX-27,Storage,1.0,DMAR01,GYR08
2026-06-10,Top - Gold,173.0,TAJA0-XL,Finished product,Second,APT02-CHB01-2ND-BOX-27,Storage,1.0,TAJA01,FIO08
2026-06-10,Top - Noir,173.0,TZAN0-XS,Finished product,Second,APT02-CHB01-2ND-BOX-27,Storage,1.0,TZAN01,IMA08
2026-06-10,Kimono - Yellow,173.0,KMIN1-XSS,Finished product,Second,APT02-CHB01-2ND-BOX-27,Storage,1.0,KMIN11,ANA08
2026-06-11,Top - Rust,173.0,TAID0-S,Finished product,Second,APT02-CHB01-2ND-BOX-51,Storage,1.0,TAID01,SOL14
2026-06-11,Top - Blanc,173.0,TKIN0-XL,Finished product,Second,APT02-CHB01-2ND-BOX-51,Storage,1.0,TKIN01,RAI08
2026-06-11,Top - Noir,173.0,TNAK0-M,Finished product,Second,APT02-CHB01-2ND-BOX-51,Storage,1.0,TNAK01,HER08
2026-06-11,Dress - Blanc,173.0,DFAR0-S,Finished product,Second,APT02-CHB01-2ND-BOX-51,Storage,1.0,DFAR01,KHE28
2026-06-11,Dress - Teal,173.0,DAMA0-XS,Finished product,Second,APT02-CHB01-2ND-BOX-51,Storage,1.0,DAMA01,BAO08
2026-06-11,Top - Noir,173.0,TZAN0-XL,Finished product,Second,APT02-CHB01-2ND-BOX-51,Storage,1.0,TZAN01,SOL14
2026-06-11,Kimono - Teal,173.0,KMIN0-XSS,Finished product,Second,APT02-CHB01-2ND-BOX-51,Storage,2.0,KMIN01,BLO08
2026-06-12,Dress - Rust,173.0,DDIA0-3XL,Finished product,Second,APT02-CHB01-2ND-BOX-24,Destocking,-1.0,DDIA01,SOL14
2026-06-12,Dress - Cream,173.0,DFAN0-S,Finished product,Second,APT02-CHB01-2ND-BOX-32,Destocking,-1.0,DFAN01,TIL08
2026-06-12,Dress - Cream,173.0,DFAN0-XS,Finished product,Second,APT02-CHB01-2ND-BOX-32,Storage,3.0,DFAN01,TIL08
2026-06-12,Dress - Cream,173.0,DFAN0-XL,Finished product,Second,APT02-CHB01-2ND-BOX-32,Storage,1.0,DFAN01,TIL08
2026-06-12,Dress - Cream,173.0,DFAN0-2XL,Finished product,Second,APT02-CHB01-2ND-BOX-32,Storage,3.0,DFAN01,TIL08
2026-06-12,Dress - Cream,173.0,DFAN0-S,Finished product,Second,APT02-CHB01-2ND-BOX-32,Storage,3.0,DFAN01,TIL08
2026-06-12,Dress - Cream,173.0,DFAN0-L,Finished product,Second,APT02-CHB01-2ND-BOX-32,Storage,2.0,DFAN01,TIL08
2026-06-12,Dress - Cream,173.0,DFAN0-M,Finished product,Second,APT02-CHB01-2ND-BOX-32,Storage,1.0,DFAN01,TIL08
2026-06-12,Pants - Noir,173.0,PLEE0-XL,Finished product,Second,APT02-CHB01-2ND-BOX-5,Storage,1.0,PLEE01,HER08
2026-06-15,Jumpsuit - Noir,173.0,JUMY0-S,Finished product,Second,APT02-CHB01-2ND-BOX-25,Storage,2.0,JUMY01,TUK08
2026-06-16,Jumpsuit - Noir,173.0,JUMY0-2XL,Finished product,Second,APT02-CHB01-2ND-BOX-25,Storage,1.0,JUMY01,TUK08
2026-06-16,Jumpsuit - Noir,173.0,JUMY0-XS,Finished product,Second,APT02-CHB01-2ND-BOX-25,Storage,1.0,JUMY01,TUK08
2026-06-15,Jumpsuit - Vert,173.0,JUMYO-XL,Finished product,Second,APT02-CHB01-2ND-BOX-25,Storage,1.0,JUMYO1,SAL08
2026-06-15,Kimono - Noir,173.0,KMIN0-XSS,Finished product,Second,APT02-CHB01-2ND-BOX-25,Storage,1.0,KMIN01,HER08
2026-06-15,Kimono - Yellow,173.0,KMIN1-ML,Finished product,Second,APT02-CHB01-2ND-BOX-22,Storage,1.0,KMIN11,ANA08
2026-06-15,Kimono - Teal,173.0,KMIN0-XSS,Finished product,Second,APT02-CHB01-2ND-BOX-51,Storage,1.0,KMIN01,BLO08
2026-06-17,Pants - Ivory,173.0,PLEE0-XL,Finished product,First,APT02-CHB01-FST-BOX-26,Storage,7.0,PLEE01,LUZ08
2026-06-17,Pants - Ivory,173.0,PLEE0-L,Finished product,First,APT02-CHB01-FST-BOX-26,Storage,3.0,PLEE01,LUZ08
2026-06-17,Pants - Ivory,173.0,PLEE0-2XL,Finished product,First,APT02-CHB01-FST-BOX-26,Storage,2.0,PLEE01,LUZ08
2026-06-17,Pants - Ivory,173.0,PLEE0-3XL,Finished product,First,APT02-CHB01-FST-BOX-26,Storage,1.0,PLEE01,LUZ08
2026-06-17,Pants - Ivory,173.0,PLEE0-M,Finished product,First,APT02-CHB01-FST-BOX-26,Storage,1.0,PLEE01,LUZ08
2026-06-17,Dress - Ivory,173.0,DSAT0-M,Finished product,First,APT02-CHB01-FST-BOX-29,Storage,8.0,DSAT01,LUZ08
2026-06-17,Dress - Ivory,173.0,DSAT0-S,Finished product,First,APT02-CHB01-FST-BOX-29,Storage,3.0,DSAT01,LUZ08
2026-06-17,Dress - Ivory,173.0,DSAT0-L,Finished product,First,APT02-CHB01-FST-BOX-29,Storage,4.0,DSAT01,LUZ08
2026-06-17,Dress - Ivory,173.0,DSAT0-XL,Finished product,First,APT02-CHB01-FST-BOX-29,Storage,1.0,DSAT01,LUZ08
2026-06-17,Dress - Olive,173.0,DMAI0-XS,Finished product,First,APT02-CHB01-FST-BOX-29,Storage,1.0,DMAI01,AYE29
2026-06-17,Dress - Olive,173.0,DMAI0-S,Finished product,First,APT02-CHB01-FST-BOX-29,Storage,1.0,DMAI01,AYE29
2026-06-17,Dress - Blu,173.0,DTUB0-3XL,Finished product,First,APT02-CHB01-FST-BOX-29,Storage,1.0,DTUB01,SKY08
2026-06-17,kimono - teal,,KMIN0-ML,Finished product,First,APT02-CHB01-FST-BOX-29,Storage,1.0,KMIN01,ZEP08
2026-06-17,Dress - Rust,175.0,DDIA0-L-C,Finished product,First,APT02-CHB01-FST-BOX-29,Storage,1.0,DDIA01,SOL14
2026-06-19,Jumpsuit - Noir,173.0,JUMY0-L,Finished product,Second,APT02-CHB01-2ND-BOX-52,Storage,1.0,JUMY01,SOL14
2026-06-19,Jumpsuit - Noir,173.0,JUMY0-XL,Finished product,Second,APT02-CHB01-2ND-BOX-52,Storage,1.0,JUMY01,SOL14
2026-06-20,Jumpsuit - White,173.0,JUMY1-M,Finished product,Second,APT02-CHB01-2ND-BOX-52,Storage,1.0,JUMY11,SIN08
2026-06-22,Kimono - noir,173.0,KSIR0-XS,Finished product,First,APT02-CHB01-FST-BOX-25,Destocking,-1.0,KSIR01,ZHY12
2026-06-22,Dress - Navy,173.0,DSAT0-XL,Finished product,First,APT02-CHB01-FST-BOX-20,Destocking,-1.0,DSAT01,SOL14
2026-06-22,Dress - Gold,173.0,DMAY0-S,Finished product,Second,APT02-CHB01-2ND-BOX-3,Destocking,-1.0,DMAY01,TEX08
2026-06-23,Pants - Rose,173.0,PLEE0-L,Finished product,Second,APT02-CHB01-2ND-BOX-5,Storage,1.0,PLEE01,ATO08
2026-06-23,Pants - Rose,173.0,PLEE0-S,Finished product,Second,APT02-CHB01-2ND-BOX-5,Storage,1.0,PLEE01,ATO08
2026-06-23,Pants - Rose,173.0,PLEE0-XS,Finished product,Second,APT02-CHB01-2ND-BOX-5,Storage,1.0,PLEE01,ATO08
2026-06-23,Pants - Black,173.0,PLEE0-M,Finished product,Second,APT02-CHB01-2ND-BOX-5,Storage,2.0,PLEE01,SOK08
2026-06-23,Pants - Noir,173.0,PLEE0-XS,Finished product,Second,APT02-CHB01-2ND-BOX-5,Storage,1.0,PLEE01,HER08
2026-06-23,Pants - Noir,173.0,PLEE0-S,Finished product,Second,APT02-CHB01-2ND-BOX-5,Storage,1.0,PLEE01,HER08
2026-06-23,Pants - Noir,173.0,PLEE0-M,Finished product,Second,APT02-CHB01-2ND-BOX-5,Storage,2.0,PLEE01,HER08
2026-06-23,Pants - Noir,173.0,PLEE0-XL,Finished product,Second,APT02-CHB01-2ND-BOX-5,Storage,1.0,PLEE01,HER08
2026-06-23,Pants - Noir,173.0,PLEE0-2XL,Finished product,Second,APT02-CHB01-2ND-BOX-5,Storage,1.0,PLEE01,HER08
2026-06-23,Pants - Noir,173.0,PLEE0-3XL,Finished product,Second,APT02-CHB01-2ND-BOX-5,Storage,1.0,PLEE01,HER08
2026-06-23,Pants - Black,173.0,PLEE0-S,Finished product,Second,APT02-CHB01-2ND-BOX-5,Storage,1.0,PLEE01,SOK08
2026-06-23,Jumpsuit - Blue,173.0,JUMY0-XS,Finished product,Second,APT02-CHB01-2ND-BOX-25,Storage,2.0,JUMY01,YRA08
2026-06-23,Jumpsuit - Noir,173.0,JUMY0-L,Finished product,Second,APT02-CHB01-2ND-BOX-25,Storage,1.0,JUMY01,TUK08
2026-06-23,Jumpsuit - Noir,173.0,JUMY0-2XL,Finished product,Second,APT02-CHB01-2ND-BOX-25,Storage,1.0,JUMY01,TUK08
2026-06-23,Pants - Black,173.0,PLEE1-M,Finished product,Second,APT02-CHB01-2ND-BOX-5,Storage,2.0,PLEE11,LIN08
2026-06-23,Pants - Black,173.0,PLEE1-L,Finished product,Second,APT02-CHB01-2ND-BOX-5,Storage,1.0,PLEE11,LIN08
2026-06-23,Pants - Black,173.0,PLEE0-XS,Finished product,Second,APT02-CHB01-2ND-BOX-4,Storage,1.0,PLEE01,SUT08
2026-06-23,Pants - Gold,173.0,PLEE0-XS,Finished product,Second,APT02-CHB01-2ND-BOX-4,Storage,1.0,PLEE01,SUT08
2026-06-23,Pants - Rust,173.0,PLEE0-2XL,Finished product,Second,APT02-CHB01-2ND-BOX-4,Storage,1.0,PLEE01,SUT08
2026-06-23,Pants - White,173.0,PLEE0-XS,Finished product,Second,APT02-CHB01-2ND-BOX-4,Storage,1.0,PLEE01,ZEN08
2026-06-23,Pants - Noir,173.0,PLEE0-2XL,Finished product,Second,APT02-CHB01-2ND-BOX-4,Storage,1.0,PLEE01,TUK08
2026-06-23,Pants - Gold,173.0,PLEE0-XS,Finished product,Second,APT02-CHB01-2ND-BOX-4,Storage,1.0,PLEE01,DHA20
2026-06-23,Pants - Noir,173.0,PLEE0-XL,Finished product,Second,APT02-CHB01-2ND-BOX-4,Storage,1.0,PLEE01,SOL14
2026-06-23,Pants - Cream,173.0,PLEE0-3XL,Finished product,Second,APT02-CHB01-2ND-BOX-4,Storage,1.0,PLEE01,TIL08
2026-06-23,Skirt - Gold,173.0,YSEU0-XL,Finished product,Second,APT02-CHB01-2ND-BOX-55,Storage,6.0,YSEU01,FIO08
2026-06-23,Skirt - Gold,173.0,YSEU0-2XL,Finished product,Second,APT02-CHB01-2ND-BOX-55,Storage,4.0,YSEU01,FIO08
2026-06-23,Skirt - Gold,173.0,YSEU0-ML,Finished product,Second,APT02-CHB01-2ND-BOX-55,Storage,2.0,YSEU01,FIO08
2026-06-23,Pants - Cream,173.0,PLEE0-L,Finished product,Second,APT02-CHB01-2ND-BOX-5,Storage,3.0,PLEE01,TIL08
2026-06-23,Pants - Cream,173.0,PLEE0-S,Finished product,Second,APT02-CHB01-2ND-BOX-5,Storage,1.0,PLEE01,TIL08
2026-06-24,Dress - Gold,173.0,DMAY0-2XL,Finished product,Second,APT02-CHB01-2ND-BOX-40,Storage,1.0,DMAY01,FIO08
2026-06-24,Dress - Gold,173.0,DMAY0-L,Finished product,Second,APT02-CHB01-2ND-BOX-40,Storage,2.0,DMAY01,FIO08
2026-06-24,Dress - Gold,173.0,DMAY0-XL,Finished product,Second,APT02-CHB01-2ND-BOX-40,Storage,3.0,DMAY01,FIO08
2026-06-24,Dress - Mustard,173.0,DMAY0-2XL,Finished product,Second,APT02-CHB01-2ND-BOX-40,Storage,1.0,DMAY01,SOL14
2026-06-24,Dress - Cream,173.0,DFAN0-2XL,Finished product,Second,APT02-CHB01-2ND-BOX-53,Storage,3.0,DFAN01,TIL08
2026-06-24,Dress - Cream,173.0,DFAN0-L,Finished product,Second,APT02-CHB01-2ND-BOX-53,Storage,1.0,DFAN01,TIL08
2026-06-24,Dress - Cream,173.0,DFAN0-XS,Finished product,Second,APT02-CHB01-2ND-BOX-53,Storage,1.0,DFAN01,TIL08
2026-06-24,Dress - Cream,173.0,DFAN0-XL,Finished product,Second,APT02-CHB01-2ND-BOX-53,Storage,1.0,DFAN01,TIL08
2026-06-24,Dress - Vert,173.0,DFAN0-L,Finished product,Second,APT02-CHB01-2ND-BOX-53,Storage,5.0,DFAN01,SAL08
2026-06-24,Dress - Vert,173.0,DFAN0-M,Finished product,Second,APT02-CHB01-2ND-BOX-53,Storage,3.0,DFAN01,SAL08
2026-06-24,Dress - Vert,173.0,DFAN0-XS,Finished product,Second,APT02-CHB01-2ND-BOX-53,Storage,1.0,DFAN01,SAL08
2026-06-24,Dress - Vert,173.0,DFAN0-2XL,Finished product,Second,APT02-CHB01-2ND-BOX-53,Storage,1.0,DFAN01,SAL08
2026-07-02,Pants - Teal,173.0,PLEE0-XS,Finished product,First,APT02-CHB01-FST-BOX-27,Storage,1.0,PLEE01,TOY08
2026-07-02,Pants - Teal,173.0,PLEE0-S,Finished product,First,APT02-CHB01-FST-BOX-27,Storage,4.0,PLEE01,TOY08
2026-07-02,Pants - Teal,173.0,PLEE0-M,Finished product,First,APT02-CHB01-FST-BOX-27,Storage,7.0,PLEE01,TOY08
2026-07-02,Pants - Teal,173.0,PLEE0-L,Finished product,First,APT02-CHB01-FST-BOX-27,Storage,4.0,PLEE01,TOY08
2026-07-02,Pants - Teal,173.0,PLEE0-XL,Finished product,First,APT02-CHB01-FST-BOX-27,Storage,2.0,PLEE01,TOY08
2026-07-03,Dress - Blu,173.0,DFAR0-L,Finished product,First,APT02-CHB01-FST-BOX-20,Storage,4.0,DFAR01,RAY08
2026-07-03,Pants - Blu,173.0,PLEE0-XS,Finished product,First,APT02-CHB01-FST-BOX-24,Storage,1.0,PLEE01,RAY08
2026-07-03,Pants - Blu,173.0,PLEE0-S,Finished product,First,APT02-CHB01-FST-BOX-24,Storage,1.0,PLEE01,RAY08
2026-07-03,Pants - Blu,173.0,PLEE0-M,Finished product,First,APT02-CHB01-FST-BOX-24,Storage,4.0,PLEE01,RAY08
2026-06-29,Top - Rust,173.0,TAID0-2XL,Finished product,Second,APT02-CHB01-2ND-BOX-55,Storage,3.0,TAID01,SOL14
2026-06-29,Top - Rust,173.0,TAID0-L,Finished product,Second,APT02-CHB01-2ND-BOX-55,Storage,4.0,TAID01,SOL14
2026-06-29,Top - Rust,173.0,TAID0-S,Finished product,Second,APT02-CHB01-2ND-BOX-51,Destocking,-1.0,TAID01,SOL14
2026-06-30,Dress - Gold,173.0,DLAL0-2XL,Finished product,Second,APT02-CHB01-2ND-BOX-56,Storage,12.0,DLAL01,SUT08
2026-06-30,Dress - Gold,173.0,DLAL0-M,Finished product,Second,APT02-CHB01-2ND-BOX-56,Storage,7.0,DLAL01,SUT08
2026-06-30,Dress - Gold,173.0,DLAL0-L,Finished product,Second,APT02-CHB01-2ND-BOX-56,Storage,10.0,DLAL01,SUT08
2026-06-30,Dress - Gold,173.0,DLAL0-XS,Finished product,Second,APT02-CHB01-2ND-BOX-56,Storage,16.0,DLAL01,SUT08
2026-06-30,Dress - Gold,173.0,DLAL0-XL,Finished product,Second,APT02-CHB01-2ND-BOX-56,Storage,7.0,DLAL01,SUT08
2026-06-30,Dress - Gold,173.0,DLAL0-3XL,Finished product,Second,APT02-CHB01-2ND-BOX-56,Storage,1.0,DLAL01,SUT08
2026-06-30,Dress - Gold,173.0,DLAL0-S,Finished product,Second,APT02-CHB01-2ND-BOX-56,Storage,1.0,DLAL01,SUT08
2026-07-03,Jumpsuit - Blue,173.0,JUMY0-XL,Finished product,Second,APT02-CHB01-2ND-BOX-57,Storage,21.0,JUMY01,YRA08
2026-07-03,Jumpsuit - Blue,173.0,JUMY0-S,Finished product,Second,APT02-CHB01-2ND-BOX-57,Storage,12.0,JUMY01,YRA08
2026-07-03,Jumpsuit - Blue,173.0,JUMY0-3XL,Finished product,Second,APT02-CHB01-2ND-BOX-57,Storage,7.0,JUMY01,YRA08
2026-07-03,Jumpsuit - Blue,173.0,JUMY0-M,Finished product,Second,APT02-CHB01-2ND-BOX-57,Storage,5.0,JUMY01,YRA08
2026-07-03,Jumpsuit - Blue,173.0,JUMY0-XS,Finished product,Second,APT02-CHB01-2ND-BOX-57,Storage,2.0,JUMY01,YRA08
2026-07-03,Jumpsuit - Blue,173.0,JUMY0-2XL,Finished product,Second,APT02-CHB01-2ND-BOX-57,Storage,1.0,JUMY01,YRA08
2026-07-03,Pants - Blu,173.0,PLEE0-L,Finished product,First,APT02-CHB01-FST-BOX-24,Storage,1.0,PLEE01,RAY08
2026-07-03,Jumpsuit - Rose,173.0,JUMY0-XS,Finished product,First,APT02-CHB01-FST-BOX-24,Storage,1.0,JUMY01,ABS08
2026-07-03,Jumpsuit - Rose,173.0,JUMY0-S,Finished product,First,APT02-CHB01-FST-BOX-24,Storage,1.0,JUMY01,ABS08
2026-07-03,Jumpsuit - Rose,173.0,JUMY0-M,Finished product,First,APT02-CHB01-FST-BOX-24,Storage,3.0,JUMY01,ABS08
2026-07-03,Jumpsuit - Rose,173.0,JUMY0-L,Finished product,First,APT02-CHB01-FST-BOX-24,Storage,2.0,JUMY01,ABS08
2026-07-03,Jumpsuit - Rose,173.0,JUMY0-XL,Finished product,First,APT02-CHB01-FST-BOX-24,Storage,1.0,JUMY01,ABS08
2026-07-03,Dress - Blu,173.0,DSAT0-XS,Finished product,Second,APT02-CHB01-2ND-BOX-23,Storage,1.0,DSAT01,SUT08
2026-07-03,Dress - Blu,173.0,DSAT0-S,Finished product,Second,APT02-CHB01-2ND-BOX-23,Storage,1.0,DSAT01,SUT08
2026-07-03,Dress - Blu,173.0,DSAT0-M,Finished product,Second,APT02-CHB01-2ND-BOX-23,Storage,1.0,DSAT01,SUT08
2026-07-03,Dress - Noir,173.0,DSAT0-XS,Finished product,Second,APT02-CHB01-2ND-BOX-23,Storage,2.0,DSAT01,HER08
2026-07-03,Dress - Noir,173.0,DSAT0-XS,Finished product,Second,APT02-CHB01-2ND-BOX-23,Storage,1.0,DSAT01,SCR08
2026-07-03,Dress - Rust,173.0,DSAT0-XS,Finished product,Second,APT02-CHB01-2ND-BOX-23,Storage,1.0,DSAT01,SUT08
2026-07-03,Dress - Orange,173.0,DSAT0-XS,Finished product,Second,APT02-CHB01-2ND-BOX-23,Storage,1.0,DSAT01,PAL08
2026-07-04,Dress - Orange,173.0,DSAT0-XL,Finished product,Second,APT02-CHB01-2ND-BOX-23,Storage,1.0,DSAT01,PAL08
2026-07-03,Dress - Gold,173.0,DLAL0-2XL,Finished product,Second,APT02-CHB01-2ND-BOX-58,Storage,12.0,DLAL01,SUT08
2026-07-03,Dress - Gold,173.0,DLAL0-3XL,Finished product,Second,APT02-CHB01-2ND-BOX-58,Storage,6.0,DLAL01,SUT08
2026-07-03,Pants - Teal,173.0,PLEE0-XS,Finished product,First,APT02-CHB01-FST-BOX-20,Storage,1.0,PLEE01,PET08
2026-07-03,Pants - Teal,173.0,PLEE0-S,Finished product,First,APT02-CHB01-FST-BOX-20,Storage,1.0,PLEE01,PET08
2026-07-03,Pants - Teal,173.0,PLEE0-M,Finished product,First,APT02-CHB01-FST-BOX-20,Storage,3.0,PLEE01,PET08
2026-07-03,Pants - Teal,173.0,PLEE0-L,Finished product,First,APT02-CHB01-FST-BOX-20,Storage,2.0,PLEE01,PET08
2026-07-03,Dress - Gold,173.0,DLAL0-L,Finished product,Second,APT02-CHB01-2ND-BOX-58,Storage,4.0,DLAL01,SUT08
2026-07-03,Dress - Gold,173.0,DLAL0-XL,Finished product,Second,APT02-CHB01-2ND-BOX-58,Storage,2.0,DLAL01,SUT08
2026-07-03,Dress - Gold,173.0,DLAL0-M,Finished product,Second,APT02-CHB01-2ND-BOX-58,Storage,1.0,DLAL01,SUT08
2026-07-03,Jumpsuit - Blue,173.0,JUMY0-XL,Finished product,Second,APT02-CHB01-2ND-BOX-58,Storage,6.0,JUMY01,YRA08
2026-07-03,Jumpsuit - Blue,173.0,JUMY0-S,Finished product,Second,APT02-CHB01-2ND-BOX-58,Storage,7.0,JUMY01,YRA08
2026-07-03,Jumpsuit - Blue,173.0,JUMY0-L,Finished product,Second,APT02-CHB01-2ND-BOX-58,Storage,2.0,JUMY01,YRA08
2026-07-03,Jumpsuit - Blue,173.0,JUMY0-2XL,Finished product,Second,APT02-CHB01-2ND-BOX-58,Storage,1.0,JUMY01,YRA08
2026-07-03,Jumpsuit - Blue,173.0,JUMY0-3XL,Finished product,Second,APT02-CHB01-2ND-BOX-58,Storage,1.0,JUMY01,YRA08
2026-07-03,Pants - Black,173.0,PLEE0-M,Finished product,Second,APT02-CHB01-2ND-BOX-58,Storage,11.0,PLEE01,SOK08
2026-07-03,Pants - Black,173.0,PLEE0-XS,Finished product,Second,APT02-CHB01-2ND-BOX-58,Storage,7.0,PLEE01,SOK08
2026-07-03,Pants - Black,173.0,PLEE0-XL,Finished product,Second,APT02-CHB01-2ND-BOX-58,Storage,2.0,PLEE01,SOK08
2026-07-03,Pants - Black,173.0,PLEE0-L,Finished product,Second,APT02-CHB01-2ND-BOX-58,Storage,4.0,PLEE01,SOK08
2026-07-03,Pants - Black,173.0,PLEE0-2XL,Finished product,Second,APT02-CHB01-2ND-BOX-58,Storage,1.0,PLEE01,SOK08
2026-07-03,Dress - Gold,173.0,DSAT0-XS,Finished product,Second,APT02-CHB01-2ND-BOX-58,Storage,1.0,DSAT01,FIO08
2026-07-03,Dress - Blu,173.0,DSAT0-L,Finished product,Second,APT02-CHB01-2ND-BOX-58,Storage,1.0,DSAT01,ATO08
2026-07-03,Dress - Rust,173.0,DSAT0-XL,Finished product,Second,APT02-CHB01-2ND-BOX-58,Storage,1.0,DSAT01,SUT08
2026-07-03,Dress - Vert,173.0,DSAT0-M,Finished product,Second,APT02-CHB01-2ND-BOX-58,Storage,1.0,DSAT01,SAL08
2026-07-03,Dress - Teal,173.0,DNAI0-S,Finished product,First,APT02-CHB01-FST-BOX-31,Storage,6.0,DNAI01,ZEE24
2026-07-03,Dress - Teal,173.0,DNAI0-M,Finished product,First,APT02-CHB01-FST-BOX-31,Storage,9.0,DNAI01,ZEE24
2026-07-03,Dress - Teal,173.0,DNAI0-L,Finished product,First,APT02-CHB01-FST-BOX-31,Storage,2.0,DNAI01,ZEE24
2026-07-03,Dress - Teal,173.0,DNAI0-XL,Finished product,First,APT02-CHB01-FST-BOX-31,Storage,1.0,DNAI01,ZEE24
2026-07-03,Dress - Cream,173.0,DSAT0-XS,Finished product,First,APT02-CHB01-FST-BOX-31,Storage,1.0,DSAT01,LAV08
2026-07-03,Dress - Cream,173.0,DSAT0-S,Finished product,First,APT02-CHB01-FST-BOX-31,Storage,6.0,DSAT01,LAV08
2026-07-03,Dress - Cream,173.0,DSAT0-M,Finished product,First,APT02-CHB01-FST-BOX-31,Storage,10.0,DSAT01,LAV08
2026-07-03,Dress - Cream,173.0,DSAT0-L,Finished product,First,APT02-CHB01-FST-BOX-31,Storage,4.0,DSAT01,LAV08
2026-07-03,Dress - Ivory,173.0,DSAT0-M,Finished product,First,APT02-CHB01-FST-BOX-31,Storage,2.0,DSAT01,LUZ08
2026-07-03,Dress - Ivory,173.0,DSAT0-L,Finished product,First,APT02-CHB01-FST-BOX-31,Storage,1.0,DSAT01,LUZ08
2026-07-03,Dress - Blu,173.0,DMAI0-XS,Finished product,First,APT02-CHB01-FST-BOX-31,Storage,1.0,DMAI01,ARI08
2026-07-03,Dress - Blu,173.0,DMAI0-M,Finished product,First,APT02-CHB01-FST-BOX-31,Storage,4.0,DMAI01,ARI08
2026-07-03,Dress - Blu,173.0,DMAI0-L,Finished product,First,APT02-CHB01-FST-BOX-31,Storage,1.0,DMAI01,ARI08
2026-07-03,Dress - Blu,173.0,DMAI0-XL,Finished product,First,APT02-CHB01-FST-BOX-31,Storage,1.0,DMAI01,ARI08
2026-07-03,Dress - Vert,173.0,DFAR0-S,Finished product,First,APT02-CHB01-FST-BOX-31,Storage,1.0,DFAR01,NAR08
2026-07-03,Dress - Vert,173.0,DFAR0-M,Finished product,First,APT02-CHB01-FST-BOX-31,Storage,4.0,DFAR01,NAR08
2026-07-03,Dress - Vert,173.0,DFAR0-L,Finished product,First,APT02-CHB01-FST-BOX-31,Storage,1.0,DFAR01,NAR08
2026-07-03,Kimono - Blu,,KMIN0-XSS,Finished product,First,APT02-CHB01-FST-BOX-31,Storage,7.0,KMIN01,TOI41
2026-07-03,Kimono - Blu,,KMIN0-ML,Finished product,First,APT02-CHB01-FST-BOX-31,Storage,6.0,KMIN01,TOI41
2026-07-03,Dress - Noir,173.0,DSAT0-M,Finished product,First,APT02-CHB01-FST-BOX-31,Storage,2.0,DSAT01,PET08
2026-07-03,Dress - Noir,173.0,DSAT0-L,Finished product,First,APT02-CHB01-FST-BOX-31,Storage,0.0,DSAT01,PET08
2026-07-03,Shirt - Blanc,173.0,TIKA0-XS,Finished product,First,APT02-CHB01-FST-BOX-31,Storage,2.0,TIKA01,BEA27
2026-07-03,Shirt - Blanc,173.0,TIKA0-S,Finished product,First,APT02-CHB01-FST-BOX-31,Storage,2.0,TIKA01,BEA27
2026-07-03,Shirt - Blanc,173.0,TIKA0-M,Finished product,First,APT02-CHB01-FST-BOX-31,Storage,7.0,TIKA01,BEA27
2026-07-07,Jumpsuit - Noir,173.0,JUMY0-XL,Finished product,Second,APT02-CHB01-2ND-BOX-59,Storage,7.0,JUMY01,SOL14
2026-07-07,Jumpsuit - Noir,173.0,JUMY0-S,Finished product,Second,APT02-CHB01-2ND-BOX-59,Storage,13.0,JUMY01,SOL14
2026-07-07,Jumpsuit - Noir,173.0,JUMY0-L,Finished product,Second,APT02-CHB01-2ND-BOX-59,Storage,6.0,JUMY01,SOL14
2026-07-03,Dress - Gold,173.0,DMAY0-2XL,Finished product,Second,APT02-CHB01-2ND-BOX-12,Storage,1.0,DMAY01,FIO08
2026-07-03,Jumpsuit - Noir,173.0,JUMY0-M,Finished product,Second,APT02-CHB01-2ND-BOX-25,Storage,1.0,JUMY01,TUK08
2026-07-03,Jumpsuit - Vert,173.0,JUMYO-3XL,Finished product,Second,APT02-CHB01-2ND-BOX-25,Storage,1.0,JUMYO1,SAL08
2026-07-06,Dress - Noir,173.0,DRAY0-S,Finished product,First,APT02-CHB01-FST-BOX-23,Storage,-1.0,DRAY01,NAL40
2026-07-07,Dress - Noir,173.0,DRAY0-M,Finished product,First,APT02-CHB01-FST-BOX-23,Storage,-1.0,DRAY01,NAL40
2026-07-07,Jumpsuit - Noir,173.0,JUMY0-M,Finished product,Second,APT02-CHB01-2ND-BOX-59,Storage,2.0,JUMY01,SOL14
2026-07-07,Jumpsuit - Noir,173.0,JUMY0-2XL,Finished product,Second,APT02-CHB01-2ND-BOX-59,Storage,2.0,JUMY01,SOL14
2026-07-07,Jumpsuit - Teal,173.0,JUMY0-XS,Finished product,Second,APT02-CHB01-2ND-BOX-59,Storage,2.0,JUMY01,SOL14
2026-07-07,Jumpsuit - Teal,173.0,JUMY0-XS,Finished product,Second,APT02-CHB01-2ND-BOX-59,Storage,1.0,JUMY01,ZEE24
2026-07-08,Jumpsuit - Rust,173.0,JUMY0-M,Finished product,Second,APT02-CHB01-2ND-BOX-59,Storage,1.0,JUMY01,SOL14
2026-07-08,Jumpsuit - Rust,173.0,JUMY0-XS,Finished product,Second,APT02-CHB01-2ND-BOX-59,Storage,1.0,JUMY01,SOL14
2026-07-07,Jumpsuit - Vert,173.0,JUMYO-XS,Finished product,Second,APT02-CHB01-2ND-BOX-59,Storage,1.0,JUMYO1,SAL08
2026-07-07,Pants - Black,173.0,PLEE0-M,Finished product,Second,APT02-CHB01-2ND-BOX-60,Storage,12.0,PLEE01,SOK08
2026-07-07,Pants - Black,173.0,PLEE0-S,Finished product,Second,APT02-CHB01-2ND-BOX-60,Storage,10.0,PLEE01,SOK08
2026-07-07,Pants - Black,173.0,PLEE0-L,Finished product,Second,APT02-CHB01-2ND-BOX-60,Storage,5.0,PLEE01,SOK08
2026-07-07,Jumpsuit - Noir,173.0,JUMY0-M,Finished product,Second,APT02-CHB01-2ND-BOX-60,Storage,4.0,JUMY01,TUK08
2026-07-07,Jumpsuit - Noir,173.0,JUMY0-XL,Finished product,Second,APT02-CHB01-2ND-BOX-60,Storage,4.0,JUMY01,TUK08
2026-07-07,Jumpsuit - Noir,173.0,JUMY0-XS,Finished product,Second,APT02-CHB01-2ND-BOX-60,Storage,2.0,JUMY01,TUK08
2026-07-07,Jumpsuit - Noir,173.0,JUMY0-L,Finished product,Second,APT02-CHB01-2ND-BOX-60,Storage,2.0,JUMY01,TUK08
2026-07-08,Dress - Teal,173.0,DLAL0-XS,Finished product,Second,APT02-CHB01-2ND-BOX-60,Storage,2.0,DLAL01,WAL08
2026-07-08,Dress - Teal,173.0,DLAL0-L,Finished product,Second,APT02-CHB01-2ND-BOX-60,Storage,2.0,DLAL01,WAL08
2026-07-08,Dress - Noir,173.0,DLAL0-S,Finished product,Second,APT02-CHB01-2ND-BOX-60,Storage,3.0,DLAL01,ALI08
2026-07-08,Dress - Cream,173.0,DSAT0-3XL,Finished product,Second,APT02-CHB01-2ND-BOX-60,Storage,1.0,DSAT01,TIL08
2026-07-08,Dress - Cream,173.0,DSAT0-L,Finished product,Second,APT02-CHB01-2ND-BOX-60,Storage,1.0,DSAT01,TIL08
2026-07-08,Dress - Blu,173.0,DSAT0-2XL,Finished product,Second,APT02-CHB01-2ND-BOX-60,Storage,1.0,DSAT01,BAT08
2026-07-08,Top - Noir,173.0,TNAK0-L,Finished product,Second,APT02-CHB01-2ND-BOX-60,Storage,1.0,TNAK01,ISL08
2026-07-09,Dress - Teal,173.0,DLAL0-S,Finished product,Second,APT02-CHB01-2ND-BOX-60,Storage,1.0,DLAL01,WAL08
2026-07-09,Dress - Orange,173.0,DLAL0-S,Finished product,Second,APT02-CHB01-2ND-BOX-60,Storage,1.0,DLAL01,ARB08
2026-07-09,Dress - Gold,173.0,DLAL0-3XL,Finished product,Second,APT02-CHB01-2ND-BOX-60,Storage,3.0,DLAL01,SUT08
2026-07-09,Dress - Gold,173.0,DLAL0-XS,Finished product,Second,APT02-CHB01-2ND-BOX-60,Storage,3.0,DLAL01,SUT08
2026-07-09,Dress - Gold,173.0,DLAL0-M,Finished product,Second,APT02-CHB01-2ND-BOX-60,Storage,7.0,DLAL01,SUT08
2026-07-09,Dress - Gold,173.0,DLAL0-XL,Finished product,Second,APT02-CHB01-2ND-BOX-60,Storage,3.0,DLAL01,SUT08
2026-07-09,Dress - Blu,173.0,DLAL0-3XL,Finished product,Second,APT02-CHB01-2ND-BOX-60,Storage,1.0,DLAL01,COS08
2026-07-09,Pants - Cream,173.0,PLEE0-XS,Finished product,Second,APT02-CHB01-2ND-BOX-60,Storage,10.0,PLEE01,TIL08
2026-07-09,Pants - Cream,173.0,PLEE0-S,Finished product,Second,APT02-CHB01-2ND-BOX-60,Storage,13.0,PLEE01,TIL08
2026-07-09,Pants - Cream,173.0,PLEE0-M,Finished product,Second,APT02-CHB01-2ND-BOX-60,Storage,7.0,PLEE01,TIL08
2026-07-09,Pants - Cream,173.0,PLEE0-XL,Finished product,Second,APT02-CHB01-2ND-BOX-60,Storage,3.0,PLEE01,TIL08
2026-07-09,Pants - Vert,173.0,PLEE0-L,Finished product,Second,APT02-CHB01-2ND-BOX-60,Storage,10.0,PLEE01,SAL08
2026-07-09,Pants - Vert,173.0,PLEE0-2XL,Finished product,Second,APT02-CHB01-2ND-BOX-60,Storage,1.0,PLEE01,SAL08
2026-07-09,Pants - Gold,173.0,PLEE0-S,Finished product,Second,APT02-CHB01-2ND-BOX-60,Storage,3.0,PLEE01,TEX08
2026-07-09,Pants - Gold,173.0,PLEE0-XS,Finished product,Second,APT02-CHB01-2ND-BOX-60,Storage,1.0,PLEE01,TEX08
2026-07-09,Pants - Black,173.0,PLEE0-M,Finished product,Second,APT02-CHB01-2ND-BOX-60,Storage,3.0,PLEE01,SOK08
2026-07-09,Pants - Black,173.0,PLEE0-S,Finished product,Second,APT02-CHB01-2ND-BOX-60,Storage,2.0,PLEE01,SOK08
2026-07-09,Pants - Black,173.0,PLEE1-XS,Finished product,Second,APT02-CHB01-2ND-BOX-60,Storage,3.0,PLEE11,LIN08
2026-07-09,Pants - Rose,173.0,PLEE0-XS,Finished product,Second,APT02-CHB01-2ND-BOX-60,Storage,1.0,PLEE01,ATO08
2026-07-09,Pants - Rose,173.0,PLEE0-L,Finished product,Second,APT02-CHB01-2ND-BOX-60,Storage,1.0,PLEE01,ATO08
2026-07-09,Pants - Black,173.0,PLEE0-3XL,Finished product,Second,APT02-CHB01-2ND-BOX-60,Storage,1.0,PLEE01,SUT08
2026-07-09,Pants - Black,173.0,PLEE0-XS,Finished product,Second,APT02-CHB01-2ND-BOX-60,Storage,1.0,PLEE01,SUT08
2026-07-09,Pants - Gold,173.0,PLEE0-M,Finished product,Second,APT02-CHB01-2ND-BOX-60,Storage,5.0,PLEE01,SUT08
2026-07-09,Pants - Gold,173.0,PLEE0-S,Finished product,Second,APT02-CHB01-2ND-BOX-60,Storage,2.0,PLEE01,SUT08
2026-07-09,Pants - Noir,173.0,PLEE0-L,Finished product,Second,APT02-CHB01-2ND-BOX-60,Storage,2.0,PLEE01,SOL14
2026-07-09,Pants - Noir,173.0,PLEE0-3XL,Finished product,Second,APT02-CHB01-2ND-BOX-60,Storage,1.0,PLEE01,SOL14
2026-07-09,Pants - Noir,173.0,PLEE0-XS,Finished product,Second,APT02-CHB01-2ND-BOX-60,Storage,1.0,PLEE01,SOL14
2026-07-09,Pants - Rust,173.0,PLEE0-M,Finished product,Second,APT02-CHB01-2ND-BOX-60,Storage,1.0,PLEE01,SOL14
2026-07-09,Pants - Rust,173.0,PLEE0-L,Finished product,Second,APT02-CHB01-2ND-BOX-60,Storage,1.0,PLEE01,SOL14
2026-07-09,Pants - Rust,173.0,PLEE0-2XL,Finished product,Second,APT02-CHB01-2ND-BOX-60,Storage,1.0,PLEE01,SOL14
2026-07-09,Pants - Cream,173.0,PLEE0-S,Finished product,Second,APT02-CHB01-2ND-BOX-60,Storage,1.0,PLEE01,GAR08
2026-07-09,Pants - Rust,173.0,PLEE0-2XL,Finished product,Second,APT02-CHB01-2ND-BOX-60,Storage,1.0,PLEE01,SUT08
2026-07-09,Pants - Blu,173.0,PLEE0-XS,Finished product,Second,APT02-CHB01-2ND-BOX-60,Storage,2.0,PLEE01,BAT08
2026-07-09,Pants - Cream,173.0,PLEE0-3XL,Finished product,Second,APT02-CHB01-2ND-BOX-60,Storage,1.0,PLEE01,ZEN08
2026-07-09,Pants - Navy,173.0,PLEE0-XS,Finished product,Second,APT02-CHB01-2ND-BOX-60,Storage,1.0,PLEE01,COS08
2026-07-09,Pants - Rose,173.0,PLEE0-2XL,Finished product,Second,APT02-CHB01-2ND-BOX-60,Storage,1.0,PLEE01,BLO08
2026-07-09,Pants - White,173.0,PLEE0-L,Finished product,Second,APT02-CHB01-2ND-BOX-60,Storage,1.0,PLEE01,ZEN08
2026-07-09,Pants - Teal,173.0,PLEE0-L,Finished product,Second,APT02-CHB01-2ND-BOX-60,Storage,1.0,PLEE01,BLO08
2026-07-02,Pants - Blu,173.0,PLEE0-XS,Finished product,Second,APT02-CHB01-2ND-BOX-60,Storage,1.0,PLEE01,SUT08
2026-07-09,Pants - Azul,173.0,PLEE1-M,Finished product,Second,APT02-CHB01-2ND-BOX-60,Storage,1.0,PLEE11,LIN08
2026-07-09,Dress - Noir,173.0,DSAT0-2XL,Finished product,Second,APT02-CHB01-2ND-BOX-10,Destocking,-1.0,DSAT01,HER08
2026-07-10,Jumpsuit - Noir,173.0,JUMY0-L,Finished product,Second,APT02-CHB01-2ND-BOX-25,Storage,1.0,JUMY01,TUK08
2026-07-10,Jumpsuit - Blue,173.0,JUMY0-XL,Finished product,Second,APT02-CHB01-2ND-BOX-25,Storage,1.0,JUMY01,YRA08
2026-07-10,Jumpsuit - Blue,173.0,JUMY0-M,Finished product,Second,APT02-CHB01-2ND-BOX-25,Storage,1.0,JUMY01,YRA08
2026-07-10,Jumpsuit - Teal,173.0,JUMY0-M,Finished product,Second,APT02-CHB01-2ND-BOX-25,Storage,1.0,JUMY01,WAL08
2026-07-10,Jumpsuit - Teal,173.0,JUMY0-S,Finished product,Second,APT02-CHB01-2ND-BOX-25,Storage,1.0,JUMY01,WAL08
2026-07-10,Jumpsuit - Rust,173.0,JUMY0-XL,Finished product,Second,APT02-CHB01-2ND-BOX-25,Storage,1.0,JUMY01,SOL14
2026-07-10,Pants - Gold,173.0,PLEE0-M,Finished product,Second,APT02-CHB01-2ND-BOX-62,Storage,7.0,PLEE01,SUT08
2026-07-10,Pants - Gold,173.0,PLEE0-S,Finished product,Second,APT02-CHB01-2ND-BOX-62,Storage,10.0,PLEE01,SUT08
2026-07-10,Pants - Gold,173.0,PLEE0-2XL,Finished product,Second,APT02-CHB01-2ND-BOX-62,Storage,2.0,PLEE01,SUT08
2026-07-10,Pants - Gold,173.0,PLEE0-3XL,Finished product,Second,APT02-CHB01-2ND-BOX-62,Storage,2.0,PLEE01,SUT08
2026-07-10,Pants - Gold,173.0,PLEE0-L,Finished product,Second,APT02-CHB01-2ND-BOX-62,Storage,2.0,PLEE01,SUT08
2026-07-10,Pants - Black,173.0,PLEE0-XS,Finished product,Second,APT02-CHB01-2ND-BOX-62,Storage,2.0,PLEE01,SOK08
2026-07-10,Pants - Black,173.0,PLEE0-S,Finished product,Second,APT02-CHB01-2ND-BOX-62,Storage,2.0,PLEE01,SOK08
2026-07-10,Pants - Black,173.0,PLEE0-L,Finished product,Second,APT02-CHB01-2ND-BOX-62,Storage,2.0,PLEE01,SOK08
2026-07-10,Pants - Black,173.0,PLEE0-M,Finished product,Second,APT02-CHB01-2ND-BOX-62,Storage,2.0,PLEE01,SOK08
2026-07-10,Pants - Gold,173.0,PLEE0-S,Finished product,Second,APT02-CHB01-2ND-BOX-62,Storage,3.0,PLEE01,TEX08
2026-07-10,Pants - Gold,173.0,PLEE0-XS,Finished product,Second,APT02-CHB01-2ND-BOX-62,Storage,1.0,PLEE01,TEX08
2026-07-10,Pants - Black,173.0,PLEE1-3XL,Finished product,Second,APT02-CHB01-2ND-BOX-62,Storage,1.0,PLEE11,LIN08
2026-07-10,Pants - Black,173.0,PLEE1-XS,Finished product,Second,APT02-CHB01-2ND-BOX-62,Storage,1.0,PLEE11,LIN08
2026-07-10,Pants - Black,173.0,PLEE1-XL,Finished product,Second,APT02-CHB01-2ND-BOX-62,Storage,1.0,PLEE11,LIN08
2026-07-10,Pants - Black,173.0,PLEE1-S,Finished product,Second,APT02-CHB01-2ND-BOX-62,Storage,1.0,PLEE11,LIN08
2026-07-10,Pants - Vert,173.0,PLEE0-L,Finished product,Second,APT02-CHB01-2ND-BOX-62,Storage,2.0,PLEE01,SAL08
2026-07-10,Pants - Rust,173.0,PLEE0-M,Finished product,Second,APT02-CHB01-2ND-BOX-62,Storage,2.0,PLEE01,SOL14
2026-07-10,Pants - Rust,173.0,PLEE0-S,Finished product,Second,APT02-CHB01-2ND-BOX-62,Storage,1.0,PLEE01,SOL14
2026-07-10,Pants - Black,173.0,PLEE0-XS,Finished product,Second,APT02-CHB01-2ND-BOX-62,Storage,2.0,PLEE01,SUT08
2026-07-10,Pants - Noir,173.0,PLEE0-L,Finished product,Second,APT02-CHB01-2ND-BOX-62,Storage,1.0,PLEE01,SOL14
2026-07-11,Pants - Cream,173.0,PLEE0-M,Finished product,Second,APT02-CHB01-2ND-BOX-62,Storage,1.0,PLEE01,TIL08
2026-07-12,Pants - Blu,173.0,PLEE0-XS,Finished product,Second,APT02-CHB01-2ND-BOX-62,Storage,1.0,PLEE01,ATO08
2026-07-13,Pants - Noir,173.0,PLEE0-S,Finished product,Second,APT02-CHB01-2ND-BOX-62,Storage,1.0,PLEE01,HER08
2026-07-10,Jumpsuit - Noir,173.0,JUMY0-XL,Finished product,Second,APT02-CHB01-2ND-BOX-25,Storage,1.0,JUMY01,SOL14
2026-07-10,Pants - Navy,173.0,PJAN0-M,Finished product,First,APT02-CHB01-FST-BOX-31,Storage,1.0,PJAN01,SOR08
2026-07-10,Top - Navy,,TINA0-M,Finished product,First,APT02-CHB01-FST-BOX-31,Storage,1.0,TINA01,SOR08
2026-07-10,Pants - Navy,173.0,PJAN0-S,Finished product,First,APT02-CHB01-FST-BOX-31,Storage,1.0,PJAN01,ULA08
2026-07-10,Top - Navy,,XMOU0-OS,Finished product,First,APT02-CHB01-FST-BOX-31,Storage,1.0,XMOU01,ULA08
2026-07-10,Dress - Olive,186.0,DSAT0-3XL-C,Finished product,First,APT02-CHB01-FST-BOX-31,Storage,1.0,DSAT01,ALI08
2026-07-13,Dress - Noir,173.0,DRAY0-M,Finished product,First,APT02-CHB01-FST-BOX-23,Destocking,-1.0,DRAY01,NAL40
2026-07-13,Dress - Noir,173.0,DJWA0-L,Finished product,First,APT02-CHB01-FST-BOX-23,Destocking,-1.0,DJWA01,SIE08
2026-07-13,Dress - Rust,173.0,DDIA0-XS,Finished product,Second,APT02-CHB01-2ND-BOX-24,Destocking,-1.0,DDIA01,SOL14
2026-07-13,Swimsuit - Navy,,SNYR0-M,Finished product,First,APT01-CHA01-ARM02-NIV00,Destocking,-1.0,SNYR01,RAZ03
2026-07-13,Swimsuit - Noir,,SIDY0-L,Finished product,First,APT01-CHA01-ARM01-NIV03,Destocking,-1.0,SIDY01,ISL03
2026-07-14,Kimono - Vert,173.0,KMIN0-2XL,Finished product,Second,APT02-CHB01-2ND-BOX-63,Storage,10.0,KMIN01,SAL08
2026-07-14,Kimono - Vert,173.0,KMIN0-XSS,Finished product,Second,APT02-CHB01-2ND-BOX-63,Storage,3.0,KMIN01,SAL08
2026-07-14,Kimono - Cream,173.0,KMIN0-XL,Finished product,Second,APT02-CHB01-2ND-BOX-63,Storage,1.0,KMIN01,TIL08
2026-07-14,Kimono - Cream,173.0,KMIN0-3XL,Finished product,Second,APT02-CHB01-2ND-BOX-63,Storage,1.0,KMIN01,TIL08
2026-07-14,Kimono - Cream,173.0,KMIN0-2XL,Finished product,Second,APT02-CHB01-2ND-BOX-63,Storage,2.0,KMIN01,TIL08
2026-07-14,Kimono - Cream,173.0,KMIN0-XSS,Finished product,Second,APT02-CHB01-2ND-BOX-63,Storage,2.0,KMIN01,TIL08
2026-07-14,Kimono - Teal,173.0,KMIN0-XSS,Finished product,Second,APT02-CHB01-2ND-BOX-63,Storage,13.0,KMIN01,BLO08
2026-07-14,Kimono - Yellow,173.0,KMIN1-ML,Finished product,Second,APT02-CHB01-2ND-BOX-63,Storage,13.0,KMIN11,ANA08
2026-07-14,Kimono - Yellow,173.0,KMIN1-3XL,Finished product,Second,APT02-CHB01-2ND-BOX-63,Storage,4.0,KMIN11,ANA08
2026-07-14,Kimono - Noir,173.0,KMIN0-XL,Finished product,Second,APT02-CHB01-2ND-BOX-63,Storage,2.0,KMIN01,HER08
2026-07-14,Kimono - Noir,173.0,KMIN0-2XL,Finished product,Second,APT02-CHB01-2ND-BOX-63,Storage,1.0,KMIN01,HER08
2026-07-14,Kimono - Rose,173.0,KMIN0-XSS,Finished product,Second,APT02-CHB01-2ND-BOX-63,Storage,2.0,KMIN01,ATO08
2026-07-14,Kimono - Rose,173.0,KMIN0-XL,Finished product,Second,APT02-CHB01-2ND-BOX-63,Storage,1.0,KMIN01,ATO08
2026-07-14,Kimono - Gold,173.0,KMIN0-XSS,Finished product,Second,APT02-CHB01-2ND-BOX-63,Storage,1.0,KMIN01,SUT08
2026-07-14,Kimono - Rust,173.0,KMIN0-ML,Finished product,Second,APT02-CHB01-2ND-BOX-63,Storage,1.0,KMIN01,SUT08
2026-07-14,Kimono - Cream,173.0,KMIN0-2XL,Finished product,Second,APT02-CHB01-2ND-BOX-63,Storage,2.0,KMIN01,ZEN08
2026-07-14,Kimono - White,173.0,KMIN0-XSS,Finished product,Second,APT02-CHB01-2ND-BOX-63,Storage,1.0,KMIN01,NDA08
2026-07-14,Dress - Cream,173.0,DFAN0-L,Finished product,Second,APT02-CHB01-2ND-BOX-64,Storage,1.0,DFAN01,TIL08
2026-07-14,Dress - Cream,173.0,DFAN0-M,Finished product,Second,APT02-CHB01-2ND-BOX-64,Storage,1.0,DFAN01,TIL08
2026-07-14,Dress - Cream,173.0,DFAN0-3XL,Finished product,Second,APT02-CHB01-2ND-BOX-64,Storage,1.0,DFAN01,TIL08
2026-07-14,Dress - Cream,173.0,DFAN0-S,Finished product,Second,APT02-CHB01-2ND-BOX-64,Storage,1.0,DFAN01,TIL08
2026-07-14,Dress - Cream,173.0,DFAN0-2XL,Finished product,Second,APT02-CHB01-2ND-BOX-64,Storage,1.0,DFAN01,TIL08
2026-07-16,Dress - Noir,173.0,DJWA0-S,Finished product,First,APT02-CHB01-FST-BOX-23,Destocking,-1.0,DJWA01,SIE08
2026-07-16,Dress - Gold,173.0,DLAL0-XL,Finished product,Second,APT02-CHB01-2ND-BOX-64,Storage,9.0,DLAL01,SUT08
2026-07-16,Dress - Gold,173.0,DLAL0-M,Finished product,Second,APT02-CHB01-2ND-BOX-64,Storage,3.0,DLAL01,SUT08
2026-07-16,Dress - Gold,173.0,DLAL0-XS,Finished product,Second,APT02-CHB01-2ND-BOX-64,Storage,6.0,DLAL01,SUT08
2026-07-16,Dress - Blu,173.0,DMAR0-3XL,Finished product,Second,APT02-CHB01-2ND-BOX-64,Storage,2.0,DMAR01,GYR08
2026-07-16,Dress - Blu,173.0,DMAR0-XL,Finished product,Second,APT02-CHB01-2ND-BOX-64,Storage,1.0,DMAR01,GYR08
2026-07-16,Dress - Blu,173.0,DMAR0-L,Finished product,Second,APT02-CHB01-2ND-BOX-64,Storage,1.0,DMAR01,GYR08
2026-07-16,Dress - Blu,173.0,DMAR0-2XL,Finished product,Second,APT02-CHB01-2ND-BOX-64,Storage,1.0,DMAR01,GYR08
2026-07-16,Dress - Blu,173.0,DMAR0-XS,Finished product,Second,APT02-CHB01-2ND-BOX-64,Storage,7.0,DMAR01,GYR08
2026-07-16,Dress - Cream,173.0,DMAR0-XS,Finished product,Second,APT02-CHB01-2ND-BOX-64,Storage,1.0,DMAR01,GAR08
2026-07-16,Dress - Cream,173.0,DMAR0-S,Finished product,Second,APT02-CHB01-2ND-BOX-64,Storage,1.0,DMAR01,GAR08
2026-07-16,Pants - Vert,173.0,PLEE0-L,Finished product,Second,APT02-CHB01-2ND-BOX-62,Storage,4.0,PLEE01,SAL08
2026-07-16,Pants - Vert,173.0,PLEE0-2XL,Finished product,Second,APT02-CHB01-2ND-BOX-62,Storage,1.0,PLEE01,SAL08
2026-07-16,Pants - Gold,173.0,PLEE0-S,Finished product,Second,APT02-CHB01-2ND-BOX-62,Storage,1.0,PLEE01,TEX08
2026-07-16,Pants - Gold,173.0,PLEE0-XS,Finished product,Second,APT02-CHB01-2ND-BOX-62,Storage,2.0,PLEE01,TEX08
2026-07-16,Pants - Rust,173.0,PLEE0-2XL,Finished product,Second,APT02-CHB01-2ND-BOX-62,Storage,1.0,PLEE01,SOL14
2026-07-16,Pants - Rust,173.0,PLEE0-S,Finished product,Second,APT02-CHB01-2ND-BOX-62,Storage,1.0,PLEE01,SOL14
2026-07-16,Pants - Noir,173.0,PLEE0-XL,Finished product,Second,APT02-CHB01-2ND-BOX-62,Storage,1.0,PLEE01,SOL14
2026-07-16,Pants - Gold,173.0,PLEE0-M,Finished product,Second,APT02-CHB01-2ND-BOX-62,Storage,6.0,PLEE01,SUT08
2026-07-16,Pants - Gold,173.0,PLEE0-S,Finished product,Second,APT02-CHB01-2ND-BOX-62,Storage,2.0,PLEE01,SUT08
2026-07-16,Pants - Gold,173.0,PLEE0-2XL,Finished product,Second,APT02-CHB01-2ND-BOX-62,Storage,2.0,PLEE01,SUT08
2026-07-16,Pants - Gold,173.0,PLEE0-L,Finished product,Second,APT02-CHB01-2ND-BOX-62,Storage,3.0,PLEE01,SUT08
2026-07-17,Pants - Gold,173.0,PLEE0-XS,Finished product,Second,APT02-CHB01-2ND-BOX-62,Storage,1.0,PLEE01,SUT08
2026-07-17,Pants - Cream,173.0,PLEE0-XS,Finished product,Second,APT02-CHB01-2ND-BOX-62,Storage,2.0,PLEE01,TIL08
2026-07-17,Skirt - Noir,173.0,YSEU0-XSS,Finished product,Second,APT02-CHB01-2ND-BOX-64,Storage,1.0,YSEU01,HER08
2026-07-17,Skirt - Noir,173.0,YSEU0-XL,Finished product,Second,APT02-CHB01-2ND-BOX-64,Storage,2.0,YSEU01,HER08
2026-07-17,Skirt - Teal,173.0,YSEU0-XSS,Finished product,Second,APT02-CHB01-2ND-BOX-64,Storage,1.0,YSEU01,BLO08
2026-07-17,Skirt - Teal,173.0,YSEU0-ML,Finished product,Second,APT02-CHB01-2ND-BOX-64,Storage,1.0,YSEU01,BLO08
2026-07-17,Skirt - Blu,173.0,YSEU0-ML,Finished product,Second,APT02-CHB01-2ND-BOX-64,Storage,1.0,YSEU01,SUT08
2026-07-17,Skirt - Rose,173.0,YSEU0-XL,Finished product,Second,APT02-CHB01-2ND-BOX-64,Storage,1.0,YSEU01,ATO08
2026-07-17,Skirt - Noir,173.0,YSEU0-ML,Finished product,Second,APT02-CHB01-2ND-BOX-64,Storage,1.0,YSEU01,IMA08
2026-07-17,Skirt - Noir,173.0,YSEU0-XL,Finished product,Second,APT02-CHB01-2ND-BOX-64,Storage,1.0,YSEU01,IMA08
2026-07-17,Skirt - Noir,173.0,YSEU0-ML,Finished product,Second,APT02-CHB01-2ND-BOX-64,Storage,1.0,YSEU01,ABS08
2026-07-17,Jumpsuit - Vert,173.0,JUMYO-M,Finished product,Second,APT02-CHB01-2ND-BOX-25,Storage,1.0,JUMYO1,SAL08
2026-07-17,Jumpsuit - White,173.0,JUMY1-S,Finished product,Second,APT02-CHB01-2ND-BOX-25,Storage,1.0,JUMY11,SIN08
2026-07-17,Top - Vert,173.0,TREE0-3XL,Finished product,Second,APT02-CHB01-2ND-BOX-39,Storage,1.0,TREE01,SAL08
2026-07-20,Swimsuit - Navy,,SNYR0-S,Finished product,First,APT01-CHA01-ARM02-NIV00,Destocking,-1.0,SNYR01,RAZ03
2026-07-20,Cape - Cream,173.0,OWRA1-OS,Finished product,First,APT02-CHB01-FST-BOX-21,Destocking,-2.0,OWRA11,SOL17
2026-07-20,Dress - Noir,173.0,DSAT0-M,Finished product,First,APT02-CHB01-FST-BOX-26,Destocking,-1.0,DSAT01,SIE08
2026-07-21,Pants - Noir,173.0,PLEE0-2XL,Finished product,Second,APT02-CHB01-2ND-BOX-62,Storage,1.0,PLEE01,IMA08
2026-07-21,Pants - Black,173.0,PLEE0-2XL,Finished product,Second,APT02-CHB01-2ND-BOX-62,Storage,1.0,PLEE01,GUD08
2026-07-21,Pants - Mustard,173.0,PLEE0-2XL,Finished product,Second,APT02-CHB01-2ND-BOX-62,Storage,2.0,PLEE01,SOL14
2026-07-21,Dress - Gold,173.0,DLAL0-XS,Finished product,Second,APT02-CHB01-2ND-BOX-62,Storage,1.0,DLAL01,SUT08
2026-07-21,Dress - Gold,173.0,DLAL0-XS,Finished product,Second,APT02-CHB01-2ND-BOX-65,Storage,8.0,DLAL01,SUT08
2026-07-21,Dress - Gold,173.0,DLAL0-M,Finished product,Second,APT02-CHB01-2ND-BOX-65,Storage,5.0,DLAL01,SUT08
2026-07-21,Dress - Gold,173.0,DLAL0-L,Finished product,Second,APT02-CHB01-2ND-BOX-65,Storage,9.0,DLAL01,SUT08
2026-07-21,Dress - Gold,173.0,DLAL0-XL,Finished product,Second,APT02-CHB01-2ND-BOX-65,Storage,6.0,DLAL01,SUT08
2026-07-21,Skirt - aqua,173.0,YSEU0-2XL,Finished product,Second,APT02-CHB01-2ND-BOX-64,Storage,1.0,YSEU01,PLA08
2026-07-21,Skirt - Teal,173.0,YSEU0-XSS,Finished product,Second,APT02-CHB01-2ND-BOX-64,Storage,1.0,YSEU01,BLO08
2026-07-21,Dress - Teal,173.0,DYAL0-XL,Finished product,Second,APT02-CHB01-2ND-BOX-65,Storage,5.0,DYAL01,SOL14
2026-07-21,Kimono - Rose,173.0,KMIN0-XSS,Finished product,Second,APT02-CHB01-2ND-BOX-63,Storage,1.0,KMIN01,ATO08
2026-07-21,Dress - Vert,173.0,DSAT0-L,Finished product,Second,APT02-CHB01-2ND-BOX-23,Storage,1.0,DSAT01,PAL08
2026-07-21,Dress - Blanc,173.0,DSAT0-M,Finished product,Second,APT02-CHB01-2ND-BOX-23,Storage,1.0,DSAT01,DHA20
2026-07-21,Kimono - Teal,173.0,KBOU0-OS,Finished product,Second,APT02-CHB01-2ND-BOX-65,Storage,1.0,KBOU01,BWA08
2026-07-21,Jumpsuit - Noir,173.0,JLEA0-L,Finished product,Second,APT02-CHB01-2ND-BOX-65,Storage,1.0,JLEA01,HER08
2026-07-21,Jumpsuit - Noir,173.0,JLEA0-2XL,Finished product,Second,APT02-CHB01-2ND-BOX-65,Storage,1.0,JLEA01,HER08
2026-07-22,Dress - Gold,173.0,DMAY0-2XL,Finished product,Second,APT02-CHB01-2ND-BOX-54,Destocking,-1.0,DMAY01,FIO08
2026-07-22,Dress - Noir,173.0,DSAT0-L,Finished product,First,APT02-CHB01-FST-BOX-26,Destocking,-1.0,DSAT01,SIE08
2026-07-22,Dress - Rust,173.0,DDIA0-2XL,Finished product,Second,APT02-CHB01-2ND-BOX-24,Destocking,-1.0,DDIA01,SOL14
2026-07-22,Dress - Teal,173.0,DNAI0-XL,Finished product,First,APT02-CHB01-FST-BOX-25,Destocking,-1.0,DNAI01,ZEE24
2026-07-23,Pants - Blanc,173.0,PJAN0-XS,Finished product,First,APT02-CHB01-FST-BOX-20,Storage,-1.0,PJAN01,KHE28
2026-07-23,Cape - Cream,173.0,OWRA1-OS,Finished product,First,APT02-CHB01-FST-BOX-21,Storage,-1.0,OWRA11,SOL17
2026-07-24,Swimsuit - Navy,,SNYR0-M,Finished product,First,APT01-CHA01-ARM02-NIV00,Destocking,-1.0,SNYR01,RAZ03
2026-07-24,Swimsuit - Noir,,SAYL0-L,Finished product,First,APT01-CHA01-ARM01-NIV02,Destocking,-1.0,SAYL01,LAV03
2026-07-27,Dress - Navy,173.0,DSAT0-M,Finished product,First,APT02-CHB01-FST-BOX-20,Destocking,-1.0,DSAT01,SOL14
2026-07-28,Swimsuit - Rose,,SLEI0-M,Finished product,First,APT01-CHA01-ARM02-NIV01,Destocking,-1.0,SLEI01,BLO03
2026-07-28,Swimsuit - Rose,,SDIO0-M,Finished product,First,APT01-CHA01-ARM02-NIV01,Destocking,-1.0,SDIO01,BLO03
2026-07-31,Pants - Teal,173.0,PLEE0-M,Finished product,First,APT02-CHB01-FST-BOX-27,Destocking,-1.0,PLEE01,TOY08
2026-08-06,Dress - Rust,173.0,DMED0-XL,Finished product,First,APT02-CHB01-FST-BOX-31,Storage,1.0,DMED01,SCR12
2026-08-06,Dress - Navy,173.0,DTUB0-2XL,Finished product,First,APT02-CHB01-FST-BOX-31,Storage,1.0,DTUB01,LUM08
2026-08-07,Cape - Cream,173.0,OWRA1-OS,Finished product,First,APT02-CHB01-FST-BOX-8,Destocking,-1.0,OWRA11,SOL17
2026-08-18,Top - Vert,,TREE0-S,Finished product,Second,APT02-CHB01-2ND-BOX-55,Storage,2.0,TREE01,SAL08
2026-08-18,Top - Cream,,TZAN0-M,Finished product,Second,APT02-CHB01-2ND-BOX-55,Storage,1.0,TZAN01,TIL08
2026-08-18,Top - Cream,,TZAN0-3XL,Finished product,Second,APT02-CHB01-2ND-BOX-55,Storage,1.0,TZAN01,TIL08
2026-08-18,Jumpsuit - Rose,173.0,JUMY0-L,Finished product,Second,APT02-CHB01-2ND-BOX-55,Storage,1.0,JUMY01,ABS08
2026-08-18,Dress - Vert,173.0,DSAT0-M,Finished product,Second,APT02-CHB01-2ND-BOX-55,Storage,1.0,DSAT01,SAL08
2026-08-18,Dress - Vert,173.0,DSAT0-L,Finished product,Second,APT02-CHB01-2ND-BOX-55,Storage,1.0,DSAT01,SAL08
2026-08-18,Dress - Noir,173.0,DAMA0-S,Finished product,Second,APT02-CHB01-2ND-BOX-55,Storage,1.0,DAMA01,SOL14
2026-08-20,Dress - Blanc,173.0,DTIA0-M,Finished product,First,APT02-CHB01-FST-BOX-28,Storage,1.0,DTIA01,BYU28
2026-08-20,Top - Gold,,TZAN0-M,Finished product,First,APT02-CHB01-FST-BOX-28,Storage,1.0,TZAN01,DHA20
2026-08-20,Dress - Gold,173.0,DNAI0-L,Finished product,First,APT02-CHB01-FST-BOX-28,Storage,1.0,DNAI01,DHA20
2026-08-20,Pants - Rose,173.0,PJAN0-S,Finished product,First,APT02-CHB01-FST-BOX-28,Storage,1.0,PJAN01,SAN08
2026-08-20,Dress - Gold,176.0,DSAT0-L-C,Finished product,First,APT02-CHB01-FST-BOX-28,Storage,1.0,DSAT01,TEX08
2026-08-20,Dress - Gold,176.0,DSAT0-M-C,Finished product,First,APT02-CHB01-FST-BOX-28,Storage,1.0,DSAT01,TEX08
2026-08-20,Dress - Rose,176.0,DSAT0-L-C,Finished product,First,APT02-CHB01-FST-BOX-28,Storage,1.0,DSAT01,PLA08
2026-08-20,Dress - Gold,178.0,DSAT0-L-C,Finished product,First,APT02-CHB01-FST-BOX-28,Storage,1.0,DSAT01,DHA20
2026-08-20,Dress - Blu,173.0,DTUB0-M,Finished product,First,APT02-CHB01-FST-BOX-28,Storage,1.0,DTUB01,AUR08
2026-08-20,Skirt - Olive,173.0,YSEU0-XSS,Finished product,First,APT02-CHB01-FST-BOX-28,Storage,1.0,YSEU01,ALI08
2026-08-20,Top - Mustard,,TFAT0-S,Finished product,Second,APT02-CHB01-2ND-BOX-55,Storage,1.0,TFAT01,JAR08
2026-08-20,Skirt - Rust,173.0,YLYS0-M,Finished product,First,APT02-CHB01-FST-BOX-28,Storage,1.0,YLYS01,DHA20
2026-08-20,Pants - Blu,173.0,PLEE0-XS,Finished product,First,APT02-CHB01-FST-BOX-28,Storage,1.0,PLEE01,COS08
2026-08-21,Dress - Navy,173.0,DSAT0-3XL,Finished product,First,APT02-CHB01-FST-BOX-20,Destocking,-1.0,DSAT01,SOL14
2026-08-21,Dress - White,173.0,DMAI0-M,Finished product,Second,APT02-CHB01-2ND-BOX-24,Storage,3.0,DMAI01,SIN08
2026-08-21,Dress - White,171.0,DMAI0-M-C,Finished product,Second,APT02-CHB01-2ND-BOX-24,Storage,2.0,DMAI01,SIN08
2026-08-21,Dress - White,170.0,DMAI0-L-C,Finished product,Second,APT02-CHB01-2ND-BOX-24,Storage,1.0,DMAI01,SIN08
2026-08-21,Dress - White,170.0,DMAI0-XL-C,Finished product,Second,APT02-CHB01-2ND-BOX-24,Storage,1.0,DMAI01,SIN08
2026-08-21,Dress - White,170.0,DMAI0-M-C,Finished product,Second,APT02-CHB01-2ND-BOX-24,Storage,2.0,DMAI01,SIN08
2026-08-21,Dress - White,166.0,DMAI0-XS-C,Finished product,Second,APT02-CHB01-2ND-BOX-24,Storage,1.0,DMAI01,SIN08
2026-08-21,Dress - White,168.0,DMAI0-M-C,Finished product,Second,APT02-CHB01-2ND-BOX-24,Storage,2.0,DMAI01,SIN08
2026-08-21,Dress - White,171.0,DMAI0-L-C,Finished product,Second,APT02-CHB01-2ND-BOX-24,Storage,1.0,DMAI01,SIN08
2026-08-21,Dress - White,169.0,DMAI0-M-C,Finished product,Second,APT02-CHB01-2ND-BOX-24,Storage,1.0,DMAI01,SIN08
2026-08-21,Dress - White,170.0,DMAI0-2XL-C,Finished product,Second,APT02-CHB01-2ND-BOX-24,Storage,1.0,DMAI01,SIN08
2026-08-21,Dress - White,165.0,DMAI0-XS-C,Finished product,Second,APT02-CHB01-2ND-BOX-24,Storage,1.0,DMAI01,SIN08
2026-08-21,Dress - Noir,169.0,DMAI0-L-C,Finished product,Second,APT02-CHB01-2ND-BOX-54,Storage,1.0,DMAI01,SCR08
2026-08-21,Dress - Noir,170.0,DMAI0-L-C,Finished product,Second,APT02-CHB01-2ND-BOX-54,Storage,2.0,DMAI01,SCR08
2026-08-21,Dress - Noir,171.0,DMAI0-M-C,Finished product,Second,APT02-CHB01-2ND-BOX-54,Storage,1.0,DMAI01,SCR08
2026-08-21,Dress - Noir,170.0,DMAI0-XS-C,Finished product,Second,APT02-CHB01-2ND-BOX-54,Storage,1.0,DMAI01,SCR08
2026-08-21,Dress - Gold,172.0,DMAI0-M-C,Finished product,Second,APT02-CHB01-2ND-BOX-54,Storage,1.0,DMAI01,SUT08
2026-08-21,Dress - Gold,173.0,DMAI0-S,Finished product,Second,APT02-CHB01-2ND-BOX-54,Storage,1.0,DMAI01,SUT08
2026-08-21,Dress - Gold,173.0,DMAI0-L,Finished product,Second,APT02-CHB01-2ND-BOX-54,Storage,1.0,DMAI01,SUT08
2026-08-21,Dress - Gold,172.0,DMAI0-S-C,Finished product,Second,APT02-CHB01-2ND-BOX-54,Storage,1.0,DMAI01,SUT08
2026-08-21,Dress - Noir,173.0,DLAL0-S,Finished product,Second,APT02-CHB01-2ND-BOX-55,Storage,1.0,DLAL01,ALI08
2026-08-21,top - Navy,173.0,TSAR0-S,Finished product,Second,APT02-CHB01-2ND-BOX-55,Storage,2.0,TSAR01,COS08
2026-08-27,Dress - Noir,173.0,DAMA0-XL,Finished product,Second,APT02-CHB01-2ND-BOX-22,Destocking,-1.0,DAMA01,SOL14
2026-08-27,Dress - Noir,173.0,DAMA0-S,Finished product,Second,APT02-CHB01-2ND-BOX-55,Destocking,-1.0,DAMA01,SOL14
2026-08-27,Dress - Noir,173.0,DSAT0-M,Finished product,First,APT02-CHB01-FST-BOX-27,Destocking,-1.0,DSAT01,SCR08
2026-08-27,Dress - White,173.0,DMAI0-XL,Finished product,Second,APT02-CHB01-2ND-BOX-52,Destocking,-1.0,DMAI01,SIN08
2026-08-27,Kimono - Noir,173.0,KSIR0-2XL,Finished product,Second,APT02-CHB01-2ND-BOX-46,Destocking,-1.0,KSIR01,ISL12
2026-08-27,Kimono - Noir,173.0,KSIR0-3XL,Finished product,Second,APT02-CHB01-2ND-BOX-49,Destocking,0.0,KSIR01,ISL12
2026-08-27,Dress - Coral,173.0,DMAI0-M,Finished product,First,APT02-CHB01-FST-BOX-27,Destocking,-1.0,DMAI01,SOL18
2026-08-27,Jumpsuit - Noir,173.0,JUMY0-XS,Finished product,Second,APT02-CHB01-2ND-BOX-35,Destocking,-1.0,JUMY01,SOL14
2026-08-27,Dress - Orange,173.0,DLAL0-XL,Finished product,Second,APT02-CHB01-2ND-BOX-19,Destocking,-1.0,DLAL01,ARB08
2026-08-27,Top - Vert,,TREE0-S,Finished product,Second,APT02-CHB01-2ND-BOX-55,Destocking,-1.0,TREE01,SAL08
2026-08-27,Dress - Gold,173.0,DSAT0-L,Finished product,First,APT02-CHB01-FST-BOX-26,Destocking,-1.0,DSAT01,TEX08
2026-08-27,Dress - Cream,173.0,DFAN0-2XL,Finished product,Second,APT02-CHB01-2ND-BOX-14,Destocking,-1.0,DFAN01,TIL08
2026-08-27,Top - Blanc,173.0,TKIN0-XL,Finished product,Second,APT02-CHB01-2ND-BOX-51,Destocking,-1.0,TKIN01,RAI08
2026-08-27,Swimsuit - blue,,SNAB0-M,Finished product,First,APT01-CHA01-ARM02-NIV04,Destocking,-1.0,SNAB01,KAI03
2026-08-27,Swimsuit - Rose,,SNIA0-XL,Finished product,First,APT01-CHA01-ARM02-NIV00,Destocking,-1.0,SNIA01,ABS03
2026-08-27,Poncho - Teal,173.0,OAMY1-OS,Finished product,First,APT02-CHB01-FST-BOX-12,Destocking,-1.0,OAMY11,BAO08
2026-08-27,Dress - Vert,173.0,DSAT0-S,Finished product,Second,APT02-CHB01-2ND-BOX-50,Destocking,-1.0,DSAT01,SAL08
2026-08-27,Dress - Vert,173.0,DSAT0-L,Finished product,Second,APT02-CHB01-2ND-BOX-15,Destocking,-1.0,DSAT01,SAL08
2026-08-28,Dress - White,173.0,DMAI0-2XL,Finished product,Second,APT02-CHB01-2ND-BOX-26,Storage,1.0,DMAI01,SIN08
2026-08-27,Jumpsuit - Red,173.0,JUMY0-2XL,Finished product,Second,APT02-CHB01-2ND-BOX-24,Destocking,-1.0,JUMY01,SOL14
2026-08-28,Pants - Yellow,173.0,PJAN0-M,Finished product,First,APT02-CHB01-FST-BOX-23,Storage,1.0,PJAN01,ROC08
2026-08-28,Kimono - Noir,173.0,KSIR0-M,Finished product,First,APT02-CHB01-FST-BOX-25,Destocking,-1.0,KSIR01,ISL12
2026-08-28,Dress - Cream,173.0,DSAT0-M,Finished product,Second,APT02-CHB01-2ND-BOX-10,Destocking,-1.0,DSAT01,TIL08
2026-08-28,Dress - Noir,173.0,DMAY0-XL,Finished product,Second,APT02-CHB01-2ND-BOX-26,Destocking,-1.0,DMAY01,SCR08
2026-08-28,Dress - Noir,173.0,DSAT0-2XL,Finished product,Second,APT02-CHB01-2ND-BOX-51,Destocking,-1.0,DSAT01,SCR08
2026-08-28,Pants - Blanc,173.0,PJAN1-S,Finished product,Second,APT02-CHB01-2ND-BOX-24,Destocking,-1.0,PJAN11,RAI08
2026-08-28,Top - Cream,173.0,TZAN0-L,Finished product,Second,APT02-CHB01-2ND-BOX-27,Destocking,-1.0,TZAN01,TIL08
2026-08-28,Dress - Blu,173.0,DNUR0-XL,Finished product,Second,APT02-CHB01-2ND-BOX-50,Destocking,-1.0,DNUR01,BAT08
2026-08-28,Jumpsuit - Blu,173.0,JUMY0-L,Finished product,Second,APT02-CHB01-2ND-BOX-8,Destocking,-1.0,JUMY01,YRA08
2026-08-28,Cape - Brown,173.0,OWRA1-OS,Finished product,First,APT02-CHB01-FST-BOX-22,Destocking,-1.0,OWRA11,SOL17
2026-08-31,Dress - Gold,173.0,DMAY0-XS,Finished product,Second,APT02-CHB01-2ND-BOX-8,Destocking,-1.0,DMAY01,FIO08
2026-08-31,Dress - Gold,173.0,DMAI0-M,Finished product,Second,APT02-CHB01-2ND-BOX-43,Destocking,-1.0,DMAI01,SUT08
2026-08-31,Dress - Gold,173.0,DSAT0-S,Finished product,First,APT02-CHB01-FST-BOX-26,Destocking,-1.0,DSAT01,TEX08
2026-08-31,Dress - Noir,173.0,DMAY0-3XL,Finished product,Second,APT02-CHB01-2ND-BOX-26,Destocking,-1.0,DMAY01,SCR08
2026-08-31,Kimono - Rust,173.0,KMIN0-ML,Finished product,Second,APT02-CHB01-2ND-BOX-63,Destocking,-1.0,KMIN01,SUT08
2026-08-31,Poncho - Teal,173.0,OAMY1-OS,Finished product,First,APT02-CHB01-FST-BOX-5,Destocking,-1.0,OAMY11,BAO08
2026-08-31,Dress - Gold,173.0,DSAT0-L,Finished product,First,APT02-CHB01-FST-BOX-26,Destocking,-1.0,DSAT01,TEX08
2026-08-31,Pants - Cream,173.0,PLEE0-M,Finished product,Second,APT02-CHB01-2ND-BOX-53,Destocking,-1.0,PLEE01,TIL08
2026-08-31,Dress - Blu,173.0,DSAT0-S,Finished product,Second,APT02-CHB01-2ND-BOX-11,Destocking,-1.0,DSAT01,COS08
2026-08-31,Skirt - Gold,173.0,YSEU0-ML,Finished product,Second,APT02-CHB01-2ND-BOX-39,Destocking,-1.0,YSEU01,FIO08
2026-08-31,Dress - Blue,173.0,DSAT0-L,Finished product,First,APT02-CHB01-FST-BOX-24,Destocking,-1.0,DSAT01,GYR08
2026-08-31,Jumpsuit - Blue,173.0,JUMY0-L,Finished product,Second,APT02-CHB01-2ND-BOX-8,Destocking,-1.0,JUMY01,YRA08
2026-08-31,Poncho - Teal,173.0,OAMY1-OS,Finished product,First,APT02-CHB01-FST-BOX-5,Destocking,-1.0,OAMY11,BAO08
2026-08-31,Dress - Blue,173.0,DMAR0-L,Finished product,Second,APT02-CHB01-2ND-BOX-32,Destocking,-1.0,DMAR01,GYR08
2026-08-31,Dress - Cream,173.0,DFAN0-L,Finished product,Second,APT02-CHB01-2ND-BOX-14,Destocking,-1.0,DFAN01,TIL08
2026-08-31,Pants - Blu,173.0,PLEE0-L,Finished product,Second,APT02-CHB01-2ND-BOX-4,Destocking,-1.0,PLEE01,BAT08
2026-08-31,Pants - Black,173.0,PLEE0-L,Finished product,Second,APT02-CHB01-2ND-BOX-17,Destocking,-1.0,PLEE01,SOK08
2026-08-31,Dress - Blue,173.0,DSAT0-S,Finished product,First,APT02-CHB01-FST-BOX-24,Destocking,-1.0,DSAT01,GYR08
2026-08-31,Dress - Blu,173.0,DSAT0-S,Finished product,Second,APT02-CHB01-2ND-BOX-23,Destocking,-1.0,DSAT01,SUT08
2026-08-31,Dress - Navy,173.0,DSAT0-XL,Finished product,First,APT02-CHB01-FST-BOX-20,Destocking,-1.0,DSAT01,SOL14
2026-08-31,Pants - Black,173.0,PLEE0-3XL,Finished product,Second,APT02-CHB01-2ND-BOX-60,Destocking,-1.0,PLEE01,SUT08
2026-08-31,cape - Black,173.0,OWRA1-OS,Finished product,First,APT02-CHB01-FST-BOX-10,Destocking,-1.0,OWRA11,SOL17
2026-08-31,Dress - Blanc,173.0,DRAM0-XL,Finished product,First,APT02-CHB01-FST-BOX-26,Destocking,-1.0,DRAM01,BAN27
2026-08-31,Dress - White,173.0,DMAI0-M,Finished product,Second,APT02-CHB01-2ND-BOX-26,Destocking,-1.0,DMAI01,SIN08
2026-08-31,Kimono - Yellow,173.0,KMIN1-XSS,Finished product,Second,APT02-CHB01-2ND-BOX-30,Destocking,-1.0,KMIN11,ANA08
2026-08-31,Cape - Cream,173.0,OWRA1-OS,Finished product,First,APT02-CHB01-FST-BOX-6,Destocking,-1.0,OWRA11,SOL17
2026-08-31,Skirt - Noir,173.0,YSEU0-ML,Finished product,Second,APT02-CHB01-2ND-BOX-19,Destocking,-1.0,YSEU01,HER08
2026-08-31,Dress - Cream,173.0,DMAR0-2XL,Finished product,Second,APT02-CHB01-2ND-BOX-48,Destocking,-1.0,DMAR01,GAR08
2026-08-31,Dress - White,173.0,DADA0-L,Finished product,First,APT02-CHB01-FST-BOX-25,Destocking,-1.0,DADA01,JOA08
2026-08-31,Pants - Navy,173.0,PLEE0-XS,Finished product,Second,APT02-CHB01-2ND-BOX-60,Destocking,-1.0,PLEE01,COS08
2026-08-31,Swimsuit - Blu,,SNAB0-3XL,Finished product,First,APT01-CHA01-ARM01-NIV02,Destocking,-1.0,SNAB01,BAT03
2026-09-02,Swimsuit - Rose,,SNAB0-L,Finished product,First,APT01-CHA01-ARM01-NIV04,Destocking,-1.0,SNAB01,JAR03
2026-09-02,Dress - Noir,173.0,DSAT0-XL,Finished product,Second,APT02-CHB01-2ND-BOX-10,Destocking,-1.0,DSAT01,HER08
2026-09-02,Poncho - Teal,173.0,OAMY1-OS,Finished product,First,APT02-CHB01-FST-BOX-12,Destocking,-1.0,OAMY11,BAO08
2026-09-02,Dress - Gold,173.0,DSAT0-XS,Finished product,First,APT02-CHB01-FST-BOX-26,Destocking,-1.0,DSAT01,TEX08
2026-09-02,Kimono - Cream,173.0,KMIN0-ML,Finished product,Second,APT02-CHB01-2ND-BOX-22,Destocking,-1.0,KMIN01,TIL08
2026-09-02,Dress - Cream,173.0,DFAN0-L,Finished product,Second,APT02-CHB01-2ND-BOX-53,Destocking,-1.0,DFAN01,TIL08
2026-09-03,Dress - Vert,173.0,DFAN0-M,Finished product,Second,APT02-CHB01-2ND-BOX-14,Destocking,-1.0,DFAN01,SAL08
2026-09-07,Cape - Brown,173.0,OWRA1-OS,Finished product,First,APT02-CHB01-FST-BOX-22,Destocking,-1.0,OWRA11,SOL17
2026-09-07,Dress - Navy,173.0,DSAT0-M,Finished product,First,APT02-CHB01-FST-BOX-20,Destocking,-1.0,DSAT01,SOL14
2026-09-09,Poncho - Red,173.0,OAMY1-OS,Finished product,First,APT02-CHB01-FST-BOX-32,Storage,10.0,OAMY11,ZAR08
2026-09-09,Poncho - black,173.0,OAMY1-OS,Finished product,First,APT02-CHB01-FST-BOX-32,Storage,2.0,OAMY11,SUT08
2026-09-09,Dress - gold,173.0,DLAL0-L,Finished product,Second,APT02-CHB01-2ND-BOX-50,Storage,18.0,DLAL01,SUT08
2026-09-09,Dress - gold,173.0,DMAI0-M,Finished product,Second,APT02-CHB01-2ND-BOX-42,Storage,7.0,DMAI01,SUT08
2026-09-09,Dress - Gold,168.0,DMAY0-2XL-C,Finished product,Second,APT02-CHB01-2ND-BOX-51,Storage,5.0,DMAY01,FIO08
2026-09-09,Dress - Gold,173.0,DMAY0-XS,Finished product,Second,APT02-CHB01-2ND-BOX-40,Storage,1.0,DMAY01,FIO08
2026-09-09,Dress - gold,173.0,DMAI0-S,Finished product,Second,APT02-CHB01-2ND-BOX-51,Storage,2.0,DMAI01,SUT08
2026-09-09,Dress - gold,173.0,DLAL0-S,Finished product,Second,APT02-CHB01-2ND-BOX-55,Storage,2.0,DLAL01,SUT08
2026-09-09,Dress - gold,173.0,DLAL0-M,Finished product,Second,APT02-CHB01-2ND-BOX-55,Storage,2.0,DLAL01,SUT08
2026-09-09,Dress - gold,173.0,DLAL0-XL,Finished product,Second,APT02-CHB01-2ND-BOX-55,Storage,1.0,DLAL01,SUT08
2026-09-09,Top - Vert,173.0,TREE0-3XL,Finished product,Second,APT02-CHB01-2ND-BOX-27,Storage,3.0,TREE01,SAL08
2026-09-09,Dress - Gold,180.0,DMAY0-XL-C,Finished product,Second,APT02-CHB01-2ND-BOX-3,Storage,1.0,DMAY01,TEX08
2026-09-09,Dress - Noir,175.0,DMAY0-XL-C,Finished product,Second,APT02-CHB01-2ND-BOX-54,Storage,1.0,DMAY01,SOL14
2026-09-09,Dress - Mustard,173.0,DMAI0-M,Finished product,Second,APT02-CHB01-2ND-BOX-54,Storage,1.0,DMAI01,SOL14
2026-09-14,Pants - Vert,173.0,PLEE0-XS,Finished product,Second,APT02-CHB01-2ND-BOX-46,Destocking,-1.0,PLEE01,ZEE24
2026-09-14,Dress - Blanc,173.0,DTIA0-M,Finished product,First,APT02-CHB01-FST-BOX-28,Destocking,-1.0,DTIA01,BYU28
2026-09-14,Dress - Rust,173.0,DAMA0-S,Finished product,Second,APT02-CHB01-2ND-BOX-22,Destocking,-1.0,DAMA01,SUT08
2026-09-15,Dress - blu,173.0,DMAR0-XL,Finished product,Second,APT02-CHB01-2ND-BOX-34,Destocking,-1.0,DMAR01,GYR08
2026-09-15,Pants - Navy,173.0,PJAN0-M,Finished product,First,APT02-CHB01-FST-BOX-23,Storage,1.0,PJAN01,SOR08
2026-09-15,Pants - Noir,173.0,PLEE0-XS,Finished product,First,APT02-CHB01-FST-BOX-23,Storage,1.0,PLEE01,ZEE24
2026-09-15,Poncho - Rust,173.0,OAMY1-OS,Finished product,First,APT02-CHB01-FST-BOX-23,Storage,1.0,OAMY11,CHI08
2026-09-15,Dress - blue,173.0,DYAL0-L,Finished product,First,APT02-CHB01-FST-BOX-33,Storage,35.0,DYAL01,GYR08
2026-09-16,Dress - blue,173.0,DYAL0-M,Finished product,First,APT02-CHB01-FST-BOX-33,Storage,15.0,DYAL01,GYR08
2026-09-17,Dress - blue,173.0,DYAL0-XL,Finished product,First,APT02-CHB01-FST-BOX-33,Storage,6.0,DYAL01,GYR08
2026-09-15,Dress - Gold,173.0,DMAI0-M,Finished product,Second,APT02-CHB01-2ND-BOX-42,Storage,2.0,DMAI01,SUT08
2026-09-17,Cape - Blue,173.0,OWRA1-OS,Finished product,First,APT02-CHB01-FST-BOX-12,Destocking,-1.0,OWRA11,SOL17
2026-09-17,Pants - rose,171.0,PHAN0-S-C,Finished product,First,APT02-CHB01-FST-BOX-23,Storage,1.0,PHAN01,PLA08
2026-09-17,Dress - Gold,173.0,DMAI0-XS,Finished product,Second,APT02-CHB01-2ND-BOX-51,Storage,1.0,DMAI01,SUT08
2026-09-17,Dress - White,173.0,DMAI0-S,Finished product,Second,APT02-CHB01-2ND-BOX-51,Storage,1.0,DMAI01,SIN08
2026-09-17,Dress - Rust,170.0,DSAT0-3XL-C,Finished product,First,APT02-CHB01-FST-BOX-29,Storage,1.0,DSAT01,CHI08
2026-09-18,Dress - White,173.0,DTUN0-2XL,Finished product,Second,APT02-CHB01-2ND-BOX-63,Storage,4.0,DTUN01,SIN08
2026-09-18,Dress - White,173.0,DTUN0-XS,Finished product,Second,APT02-CHB01-2ND-BOX-63,Storage,1.0,DTUN01,SIN08
2026-09-18,Dress - White,173.0,DTUN0-S,Finished product,Second,APT02-CHB01-2ND-BOX-63,Storage,1.0,DTUN01,SIN08
2026-09-18,Jumpsuit - Teal,173.0,JALA0-2XL,Finished product,Second,APT02-CHB01-2ND-BOX-22,Storage,1.0,JALA01,WAL08
2026-09-18,Jumpsuit - Noir,173.0,JALA0-3XL,Finished product,Second,APT02-CHB01-2ND-BOX-22,Storage,1.0,JALA01,SOL09
2026-09-18,Dress - White,173.0,DMAI0-XS,Finished product,Second,APT02-CHB01-2ND-BOX-54,Storage,1.0,DMAI01,SIN08
2026-09-18,Dress - White,173.0,DMAI0-3XL,Finished product,Second,APT02-CHB01-2ND-BOX-54,Storage,1.0,DMAI01,SIN08
2026-09-18,Dress - Gold,173.0,DMAI0-M,Finished product,Second,APT02-CHB01-2ND-BOX-54,Storage,1.0,DMAI01,SUT08
