appartment,room,box,stock_category,product_quality,product_sku,product_type,product_name,size,height,oh,product_model,fabric_sku
APT02,CHB01,2ND-BOX-3,Finished product,Second,DMAY0-2XL,Dress,Dress - Noir,2XL,173.0,6,DMAY01,SOL14
APT02,CHB01,2ND-BOX-3,Finished product,Second,DMAY0-3XL,Dress,Dress - Noir,3XL,173.0,2,DMAY01,SOL14
APT02,CHB01,2ND-BOX-1,Finished product,Second,JUMYO-S,Jumpsuit,Jumpsuit - vert,S,173.0,9,JUMYO1,SAL08
APT02,CHB01,2ND-BOX-1,Finished product,Second,JUMYO-XS,Jumpsuit,Jumpsuit - vert,XS,173.0,8,JUMYO1,SAL08
APT02,CHB01,2ND-BOX-1,Finished product,Second,JUMYO-2XL,Jumpsuit,Jumpsuit - vert,2XL,173.0,7,JUMYO1,SAL08
APT02,CHB01,2ND-BOX-1,Finished product,Second,JUMYO-L,Jumpsuit,Jumpsuit - vert,L,173.0,8,JUMYO1,SAL08
APT02,CHB01,2ND-BOX-1,Finished product,Second,JUMYO-3XL,Jumpsuit,Jumpsuit - vert,3XL,173.0,1,JUMYO1,SAL08
APT02,CHB01,2ND-BOX-1,Finished product,Second,JUMYO-XL,Jumpsuit,Jumpsuit - vert,XL,173.0,15,JUMYO1,SAL08
APT02,CHB01,2ND-BOX-3,Finished product,Second,JUMY0-M,Jumpsuit,Jumpsuit - Rust,M,173.0,4,JUMY01,SOL14
APT02,CHB01,2ND-BOX-3,Finished product,Second,JUMY0-XS,Jumpsuit,Jumpsuit - Rust,XS,173.0,4,JUMY01,SOL14
APT02,CHB01,2ND-BOX-3,Finished product,Second,JUMY0-L,Jumpsuit,Jumpsuit - Rust,L,173.0,7,JUMY01,SOL14
APT02,CHB01,2ND-BOX-3,Finished product,Second,JUMY0-XL,Jumpsuit,Jumpsuit - Rust,XL,173.0,3,JUMY01,SOL14
APT02,CHB01,2ND-BOX-3,Finished product,Second,JUMY0-2XL,Jumpsuit,Jumpsuit - Rust,2XL,173.0,1,JUMY01,SOL14
APT02,CHB01,2ND-BOX-3,Finished product,Second,JUMY0-XS,Jumpsuit,Jumpsuit - Teal,XS,173.0,1,JUMY01,SOL14
APT02,CHB01,2ND-BOX-3,Finished product,Second,JUMY0-XL,Jumpsuit,Jumpsuit - Teal,XL,173.0,2,JUMY01,SOL14
APT02,CHB01,2ND-BOX-3,Finished product,Second,JUMY0-2XL,Jumpsuit,Jumpsuit - Teal,2XL,173.0,1,JUMY01,SOL14
APT02,CHB01,2ND-BOX-3,Finished product,Second,JUMY0-3XL,Jumpsuit,Jumpsuit - Teal,3XL,173.0,1,JUMY01,SOL14
APT02,CHB01,2ND-BOX-1,Finished product,Second,JUMY0-XS,Jumpsuit,Jumpsuit - Noir,XS,173.0,4,JUMY01,TUK08
APT02,CHB01,2ND-BOX-1,Finished product,Second,JUMY0-XL,Jumpsuit,Jumpsuit - Noir,XL,173.0,4,JUMY01,TUK08
APT02,CHB01,2ND-BOX-1,Finished product,Second,JUMY0-2XL,Jumpsuit,Jumpsuit - Noir,2XL,173.0,3,JUMY01,TUK08
APT02,CHB01,2ND-BOX-1,Finished product,Second,JUMY0-3XL,Jumpsuit,Jumpsuit - Noir,3XL,173.0,1,JUMY01,TUK08
APT02,CHB01,2ND-BOX-1,Finished product,Second,JUMY0-S,Jumpsuit,Jumpsuit - Noir,S,173.0,2,JUMY01,TUK08
APT02,CHB01,2ND-BOX-53,Finished product,Second,JUMY1-2XL,Jumpsuit,Jumpsuit - White,2XL,173.0,1,JUMY11,SIN08
APT02,CHB01,2ND-BOX-2,Finished product,Second,PLEE0-L,Pants,Pants - Noir,L,173.0,24,PLEE01,SOL14
APT02,CHB01,2ND-BOX-2,Finished product,Second,PLEE0-S,Pants,Pants - Noir,S,173.0,21,PLEE01,SOL14
APT02,CHB01,2ND-BOX-2,Finished product,Second,PLEE0-M,Pants,Pants - Noir,M,173.0,24,PLEE01,SOL14
APT02,CHB01,2ND-BOX-2,Finished product,Second,PLEE0-XS,Pants,Pants - Noir,XS,173.0,13,PLEE01,SOL14
APT02,CHB01,2ND-BOX-2,Finished product,Second,PLEE0-2XL,Pants,Pants - Noir,2XL,173.0,5,PLEE01,SOL14
APT02,CHB01,2ND-BOX-4,Finished product,Second,PLEE0-XS,Pants,Pants - Rust,XS,173.0,4,PLEE01,SOL14
APT02,CHB01,2ND-BOX-4,Finished product,Second,PLEE0-S,Pants,Pants - Rust,S,173.0,4,PLEE01,SOL14
APT02,CHB01,2ND-BOX-4,Finished product,Second,PLEE0-3XL,Pants,Pants - Rust,3XL,173.0,1,PLEE01,SOL14
APT02,CHB01,2ND-BOX-4,Finished product,Second,PLEE0-XL,Pants,Pants - Rust,XL,173.0,2,PLEE01,SOL14
APT02,CHB01,2ND-BOX-4,Finished product,Second,PLEE0-2XL,Pants,Pants - Rust,2XL,173.0,1,PLEE01,SOL14
APT02,CHB01,2ND-BOX-4,Finished product,Second,PLEE0-L,Pants,Pants - White,L,173.0,3,PLEE01,ZEN08
APT02,CHB01,2ND-BOX-4,Finished product,Second,PLEE0-M,Pants,Pants - White,M,173.0,3,PLEE01,ZEN08
APT02,CHB01,2ND-BOX-4,Finished product,Second,PLEE0-XL,Pants,Pants - White,XL,173.0,3,PLEE01,ZEN08
APT02,CHB01,2ND-BOX-4,Finished product,Second,PLEE0-XS,Pants,Pants - White,XS,173.0,3,PLEE01,ZEN08
APT02,CHB01,2ND-BOX-4,Finished product,Second,PLEE0-2XL,Pants,Pants - White,2XL,173.0,1,PLEE01,ZEN08
APT02,CHB01,2ND-BOX-4,Finished product,Second,PLEE0-XL,Pants,Pants - Blu,XL,173.0,3,PLEE01,BAT08
APT02,CHB01,2ND-BOX-4,Finished product,Second,PLEE0-L,Pants,Pants - Blu,L,173.0,3,PLEE01,BAT08
APT02,CHB01,2ND-BOX-4,Finished product,Second,PLEE0-XS,Pants,Pants - Blu,XS,173.0,2,PLEE01,BAT08
APT02,CHB01,2ND-BOX-4,Finished product,Second,PLEE0-2XL,Pants,Pants - Blu,2XL,173.0,1,PLEE01,BAT08
APT02,CHB01,2ND-BOX-4,Finished product,Second,PLEE0-3XL,Pants,Pants - Blu,3XL,173.0,1,PLEE01,BAT08
APT02,CHB01,2ND-BOX-4,Finished product,Second,PLEE0-XS,Pants,Pants - Navy,XS,173.0,3,PLEE01,COS08
APT02,CHB01,2ND-BOX-4,Finished product,Second,PLEE0-L,Pants,Pants - Navy,L,173.0,1,PLEE01,COS08
APT02,CHB01,2ND-BOX-4,Finished product,Second,PLEE0-M,Pants,Pants - Navy,M,173.0,1,PLEE01,COS08
APT02,CHB01,2ND-BOX-4,Finished product,Second,PLEE0-XL,Pants,Pants - Navy,XL,173.0,1,PLEE01,COS08
APT02,CHB01,2ND-BOX-4,Finished product,Second,PLEE0-2XL,Pants,Pants - Gold,2XL,173.0,2,PLEE01,TEX08
APT02,CHB01,2ND-BOX-4,Finished product,Second,PLEE0-XS,Pants,Pants - Rose,XS,173.0,2,PLEE01,BLO08
APT02,CHB01,2ND-BOX-4,Finished product,Second,PLEE0-L,Pants,Pants - Rust,L,173.0,1,PLEE01,SUT08
APT02,CHB01,2ND-BOX-4,Finished product,Second,PLEE0-XS,Pants,Pants - Rust,XS,173.0,1,PLEE01,SUT08
APT02,CHB01,2ND-BOX-4,Finished product,Second,PLEE0-XS,Pants,Pants - Gold,XS,173.0,2,PLEE01,SUT08
APT02,CHB01,2ND-BOX-4,Finished product,Second,PLEE0-M,Pants,Pants - Gold,M,173.0,1,PLEE01,SUT08
APT02,CHB01,2ND-BOX-4,Finished product,Second,PLEE0-L,Pants,Pants - vert,L,173.0,1,PLEE01,SAL08
APT02,CHB01,2ND-BOX-4,Finished product,Second,PLEE0-XS,Pants,Pants - vert,XS,173.0,1,PLEE01,SAL08
APT02,CHB01,2ND-BOX-4,Finished product,Second,PLEE0-2XL,Pants,Pants - Cream,2XL,173.0,1,PLEE01,ZEN08
APT02,CHB01,2ND-BOX-5,Finished product,Second,PLEE0-XL,Pants,Pants - Cream,XL,173.0,11,PLEE01,TIL08
APT02,CHB01,2ND-BOX-5,Finished product,Second,PLEE0-2XL,Pants,Pants - Cream,2XL,173.0,8,PLEE01,TIL08
APT02,CHB01,2ND-BOX-5,Finished product,Second,PLEE0-L,Pants,Pants - Cream,L,173.0,10,PLEE01,TIL08
APT02,CHB01,2ND-BOX-5,Finished product,Second,PLEE0-S,Pants,Pants - Cream,S,173.0,3,PLEE01,TIL08
APT02,CHB01,2ND-BOX-5,Finished product,Second,PLEE0-3XL,Pants,Pants - Cream,3XL,173.0,3,PLEE01,TIL08
APT02,CHB01,2ND-BOX-5,Finished product,Second,PLEE0-M,Pants,Pants - Cream,M,173.0,7,PLEE01,TIL08
APT02,CHB01,2ND-BOX-5,Finished product,Second,PLEE0-XS,Pants,Pants - Cream,XS,173.0,1,PLEE01,TIL08
APT02,CHB01,2ND-BOX-5,Finished product,Second,PLEE1-XS,Pants,Pants - Black,XS,173.0,17,PLEE11,LIN08
APT02,CHB01,2ND-BOX-5,Finished product,Second,PLEE1-M,Pants,Pants - Black,M,173.0,3,PLEE11,LIN08
APT02,CHB01,2ND-BOX-5,Finished product,Second,PLEE1-S,Pants,Pants - Black,S,173.0,1,PLEE11,LIN08
APT02,CHB01,2ND-BOX-5,Finished product,Second,PLEE0-M,Pants,Pants - Black,M,173.0,5,PLEE01,SUT08
APT02,CHB01,2ND-BOX-5,Finished product,Second,PLEE0-L,Pants,Pants - Black,L,173.0,1,PLEE01,SUT08
APT02,CHB01,FST-BOX-1,Finished product,First,OWRA1-OS,Cape,Cape - Blue,OS,173.0,10,OWRA11,SOL17
APT02,CHB01,FST-BOX-2,Finished product,First,OWRA1-OS,Cape,Cape - Blue,OS,173.0,10,OWRA11,SOL17
APT02,CHB01,FST-BOX-3,Finished product,First,OWRA1-OS,Cape,Cape - Blue,OS,173.0,10,OWRA11,SOL17
APT02,CHB01,FST-BOX-4,Finished product,First,OWRA1-OS,Cape,Cape - Blue,OS,173.0,10,OWRA11,SOL17
APT02,CHB01,FST-BOX-5,Finished product,First,OWRA1-OS,Cape,Cape - Blue,OS,173.0,9,OWRA11,SOL17
APT02,CHB01,FST-BOX-6,Finished product,First,OWRA1-OS,Cape,Cape - Cream,OS,173.0,8,OWRA11,SOL17
APT02,CHB01,FST-BOX-7,Finished product,First,OWRA1-OS,Cape,Cape - Cream,OS,173.0,10,OWRA11,SOL17
APT02,CHB01,FST-BOX-8,Finished product,First,OWRA1-OS,Cape,Cape - Cream,OS,173.0,5,OWRA11,SOL17
APT02,CHB01,2ND-BOX-5,Finished product,Second,PLEE0-XS,Pants,Pants - Black,XS,,1,PLEE01,SUT08
APT02,CHB01,FST-BOX-10,Finished product,First,OWRA1-OS,Cape,Cape - Black,OS,173.0,9,OWRA11,SOL17
APT02,CHB01,FST-BOX-11,Finished product,First,OAMY1-OS,Poncho,Poncho - Teal,OS,173.0,10,OAMY11,BAO08
APT02,CHB01,FST-BOX-11,Finished product,First,OAMY1-OS,Poncho,Poncho - White,OS,173.0,4,OAMY11,ZEN08
APT02,CHB01,FST-BOX-12,Finished product,First,OAMY1-OS,Poncho,Poncho - Teal,OS,173.0,10,OAMY11,BAO08
APT02,CHB01,FST-BOX-14,Finished product,First,OAMY1-OS,Poncho,Poncho - Blue,OS,173.0,11,OAMY11,GYR08
APT02,CHB01,FST-BOX-14,Finished product,First,OAMY1-OS,Poncho,Poncho - White,OS,173.0,3,OAMY11,ZEN08
APT02,CHB01,2ND-BOX-5,Finished product,Second,PLEE0-XS,Pants,Pants - Noir,XS,173.0,4,PLEE01,HER08
APT02,CHB01,2ND-BOX-5,Finished product,Second,PLEE0-3XL,Pants,Pants - Noir,3XL,173.0,2,PLEE01,HER08
APT02,CHB01,2ND-BOX-5,Finished product,Second,PLEE0-2XL,Pants,Pants - Noir,2XL,173.0,2,PLEE01,HER08
APT02,CHB01,2ND-BOX-5,Finished product,Second,PLEE0-XL,Pants,Pants - Noir,XL,173.0,2,PLEE01,HER08
APT02,CHB01,2ND-BOX-5,Finished product,Second,PLEE0-3XL,Pants,Pants - Noir,3XL,173.0,1,PLEE01,TUK08
APT02,CHB01,2ND-BOX-6,Finished product,Second,JUMY0-M,Jumpsuit,Jumpsuit - Noir,M,173.0,27,JUMY01,SOL14
APT02,CHB01,2ND-BOX-6,Finished product,Second,JUMY0-S,Jumpsuit,Jumpsuit - Noir,S,173.0,20,JUMY01,SOL14
APT02,CHB01,2ND-BOX-6,Finished product,Second,JUMY0-XS,Jumpsuit,Jumpsuit - Noir,XS,173.0,1,JUMY01,SOL14
APT02,CHB01,2ND-BOX-6,Finished product,Second,JUMY0-2XL,Jumpsuit,Jumpsuit - Noir,2XL,173.0,1,JUMY01,SOL14
APT02,CHB01,FST-BOX-15,Finished product,First,OAMY1-OS,Poncho,Poncho - Blue,OS,173.0,12,OAMY11,GYR08
APT02,CHB01,FST-BOX-16,Finished product,First,OWRA1-OS,Cape,Cape - Black,OS,173.0,9,OWRA11,SOL17
APT02,CHB01,FST-BOX-17,Finished product,First,OAMY1-OS,Poncho,Poncho - White,OS,173.0,16,OAMY11,ZEN08
APT02,CHB01,FST-BOX-18,Finished product,First,OWRA1-OS,Cape,Cape - Brown,OS,173.0,10,OWRA11,SOL17
APT02,CHB01,FST-BOX-19,Finished product,First,OAMY1-OS,Poncho,Poncho - Teal,OS,173.0,5,OAMY11,BAO08
APT02,CHB01,FST-BOX-19,Finished product,First,OAMY1-OS,Poncho,Poncho - White,OS,173.0,6,OAMY11,ZEN08
APT02,CHB01,2ND-BOX-7,Finished product,Second,PLEE0-2XL,Pants,Pants - Black,2XL,173.0,23,PLEE01,SOK08
APT02,CHB01,2ND-BOX-7,Finished product,Second,PLEE0-M,Pants,Pants - Black,M,173.0,12,PLEE01,SOK08
APT02,CHB01,2ND-BOX-7,Finished product,Second,PLEE0-S,Pants,Pants - Black,S,173.0,7,PLEE01,SOK08
APT02,CHB01,2ND-BOX-7,Finished product,Second,PLEE0-XS,Pants,Pants - Black,XS,173.0,4,PLEE01,SOK08
APT02,CHB01,2ND-BOX-7,Finished product,Second,PLEE0-XL,Pants,Pants - Black,XL,173.0,7,PLEE01,SOK08
APT02,CHB01,2ND-BOX-7,Finished product,Second,PLEE0-3XL,Pants,Pants - Black,3XL,173.0,6,PLEE01,SOK08
APT02,CHB01,2ND-BOX-7,Finished product,Second,PLEE0-L,Pants,Pants - Black,L,173.0,13,PLEE01,SOK08
APT02,CHB01,FST-BOX-21,Finished product,First,OWRA1-OS,Cape,Cape - Cream,OS,173.0,4,OWRA11,SOL17
APT02,CHB01,FST-BOX-22,Finished product,First,OWRA1-OS,Cape,Cape - Brown,OS,173.0,11,OWRA11,SOL17
APT02,CHB01,2ND-BOX-8,Finished product,Second,JUMY0-2XL,Jumpsuit,Jumpsuit - Blue,2XL,173.0,18,JUMY01,YRA08
APT02,CHB01,2ND-BOX-8,Finished product,Second,JUMY0-L,Jumpsuit,Jumpsuit - Blue,L,173.0,9,JUMY01,YRA08
APT02,CHB01,2ND-BOX-8,Finished product,Second,JUMY0-XL,Jumpsuit,Jumpsuit - Blue,XL,173.0,7,JUMY01,YRA08
APT02,CHB01,2ND-BOX-8,Finished product,Second,JUMY0-XS,Jumpsuit,Jumpsuit - Blue,XS,173.0,3,JUMY01,YRA08
APT02,CHB01,2ND-BOX-8,Finished product,Second,JUMY0-S,Jumpsuit,Jumpsuit - Blue,S,173.0,1,JUMY01,YRA08
APT02,CHB01,2ND-BOX-8,Finished product,Second,TREE0-2XL,Top,Top - Vert,2XL,,9,TREE01,SAL08
APT02,CHB01,FST-BOX-23,Finished product,First,DJWA0-S,Dress,Dress - Noir,S,173.0,1,DJWA01,SIE08
APT02,CHB01,FST-BOX-23,Finished product,First,DJWA0-L,Dress,Dress - Noir,L,173.0,1,DJWA01,SIE08
APT02,CHB01,FST-BOX-23,Finished product,First,DJWA0-2XL,Dress,Dress - Noir,2XL,173.0,1,DJWA01,SIE08
APT02,CHB01,2ND-BOX-9,Finished product,Second,DSAT0-M,Dress,Dress - Vert,M,173.0,52,DSAT01,SAL08
APT02,CHB01,2ND-BOX-9,Finished product,Second,DSAT0-2XL,Dress,Dress - Vert,2XL,173.0,20,DSAT01,SAL08
APT02,CHB01,2ND-BOX-9,Finished product,Second,DSAT0-XL,Dress,Dress - Vert,XL,173.0,4,DSAT01,SAL08
APT02,CHB01,2ND-BOX-9,Finished product,Second,DSAT0-L,Dress,Dress - Vert,L,173.0,3,DSAT01,SAL08
APT02,CHB01,FST-BOX-23,Finished product,First,DSAT0-M,Dress,Dress - Olive,M,173.0,1,DSAT01,COR08
APT02,CHB01,FST-BOX-23,Finished product,First,DNAI0-XS,Dress,Dress - Blu,XS,173.0,1,DNAI01,AUR08
APT02,CHB01,2ND-BOX-9,Finished product,Second,DSAT0-S,Dress,Dress - Vert,S,173.0,1,DSAT01,SAL08
APT02,CHB01,2ND-BOX-9,Finished product,Second,DSAT0-XS,Dress,Dress - Vert,XS,173.0,1,DSAT01,SAL08
APT02,CHB01,2ND-BOX-10,Finished product,Second,DSAT0-XL,Dress,Dress - Noir,XL,173.0,13,DSAT01,SCR08
APT02,CHB01,2ND-BOX-10,Finished product,Second,DSAT0-XL,Dress,Dress - Vert,XL,173.0,14,DSAT01,SAL08
APT02,CHB01,2ND-BOX-10,Finished product,Second,DSAT0-L,Dress,Dress - Vert,L,173.0,4,DSAT01,SAL08
APT02,CHB01,2ND-BOX-10,Finished product,Second,DSAT0-3XL,Dress,Dress - Vert,3XL,173.0,8,DSAT01,SAL08
APT02,CHB01,2ND-BOX-10,Finished product,Second,DSAT0-2XL,Dress,Dress - Noir,2XL,173.0,2,DSAT01,HER08
APT02,CHB01,2ND-BOX-10,Finished product,Second,DSAT0-3XL,Dress,Dress - Noir,3XL,173.0,5,DSAT01,HER08
APT02,CHB01,2ND-BOX-11,Finished product,Second,DSAT0-M,Dress,Dress - Blue,M,173.0,8,DSAT01,YRA08
APT02,CHB01,2ND-BOX-11,Finished product,Second,DSAT0-L,Dress,Dress - Blue,L,173.0,4,DSAT01,YRA08
APT02,CHB01,2ND-BOX-11,Finished product,Second,DSAT0-2XL,Dress,Dress - Blue,2XL,173.0,6,DSAT01,YRA08
APT02,CHB01,2ND-BOX-11,Finished product,Second,DSAT0-XL,Dress,Dress - Blue,XL,173.0,1,DSAT01,YRA08
APT02,CHB01,2ND-BOX-11,Finished product,Second,DSAT0-3XL,Dress,Dress - Blue,3XL,173.0,1,DSAT01,YRA08
APT02,CHB01,2ND-BOX-11,Finished product,Second,DSAT0-L,Dress,Dress - Blu,L,173.0,7,DSAT01,BAT08
APT02,CHB01,2ND-BOX-11,Finished product,Second,DSAT0-2XL,Dress,Dress - Blu,2XL,173.0,3,DSAT01,BAT08
APT02,CHB01,2ND-BOX-11,Finished product,Second,DSAT0-XL,Dress,Dress - Blu,XL,173.0,1,DSAT01,BAT08
APT02,CHB01,2ND-BOX-11,Finished product,Second,DSAT0-2XL,Dress,Dress - Blu,2XL,173.0,4,DSAT01,COS08
APT02,CHB01,2ND-BOX-11,Finished product,Second,DSAT0-L,Dress,Dress - Blu,L,173.0,2,DSAT01,COS08
APT02,CHB01,2ND-BOX-11,Finished product,Second,DSAT0-XL,Dress,Dress - Blu,XL,173.0,4,DSAT01,COS08
APT02,CHB01,2ND-BOX-11,Finished product,Second,DSAT0-M,Dress,Dress - Blu,M,173.0,1,DSAT01,COS08
APT02,CHB01,2ND-BOX-11,Finished product,Second,DSAT0-2XL,Dress,Dress - Cream,2XL,173.0,2,DSAT01,TIL08
APT02,CHB01,2ND-BOX-11,Finished product,Second,DSAT0-XL,Dress,Dress - Cream,XL,173.0,2,DSAT01,TIL08
APT02,CHB01,FST-BOX-23,Finished product,First,PLEE0-M,Pants,Pants - Navy,M,173.0,1,PLEE01,SOL14
APT02,CHB01,FST-BOX-23,Finished product,First,DTUB0-XS-C,Dress,Dress - Blu,XS,160.0,1,DTUB01,SKY08
APT02,CHB01,FST-BOX-23,Finished product,First,PHAN0-L-C,Pants,Pants - Olive,L,157.0,1,PHAN01,AYE29
APT02,CHB01,2ND-BOX-11,Finished product,Second,DSAT0-3XL,Dress,Dress - Cream,3XL,173.0,1,DSAT01,TIL08
APT02,CHB01,2ND-BOX-11,Finished product,Second,DSAT0-L,Dress,Dress - Teal,L,173.0,2,DSAT01,BLO08
APT02,CHB01,2ND-BOX-11,Finished product,Second,DSAT0-XL,Dress,Dress - Teal,XL,173.0,2,DSAT01,BLO08
APT02,CHB01,2ND-BOX-11,Finished product,Second,DSAT0-2XL,Dress,Dress - Blu,2XL,173.0,2,DSAT01,SUT08
APT02,CHB01,2ND-BOX-11,Finished product,Second,DSAT0-3XL,Dress,Dress - Blu,3XL,173.0,1,DSAT01,SUT08
APT02,CHB01,2ND-BOX-11,Finished product,Second,DSAT0-XL,Dress,Dress - Rose,XL,173.0,2,DSAT01,ATO08
APT02,CHB01,2ND-BOX-11,Finished product,Second,DSAT0-XL,Dress,Dress - Gold,XL,173.0,1,DSAT01,SUT08
APT02,CHB01,2ND-BOX-11,Finished product,Second,DSAT0-2XL,Dress,Dress - Rust,2XL,173.0,2,DSAT01,SUT08
APT02,CHB01,2ND-BOX-11,Finished product,Second,DSAT0-XL,Dress,Dress - Cream,XL,173.0,1,DSAT01,ZEN08
APT02,CHB01,2ND-BOX-11,Finished product,Second,DSAT0-S,Dress,Dress - Cream,S,173.0,6,DSAT01,TIL08
APT02,CHB01,FST-BOX-23,Finished product,First,DSAT0-XL-C,Dress,Dress - Olive,XL,168.0,1,DSAT01,COR08
APT02,CHB01,FST-BOX-23,Finished product,First,PJAN0-L,Pants,Pants - Mustard,L,173.0,1,PJAN01,AVE08
APT02,CHB01,FST-BOX-23,Finished product,First,PJAN0-2XL,Pants,Pants - Mustard,2XL,173.0,1,PJAN01,AVE08
APT02,CHB01,FST-BOX-23,Finished product,First,PHAN0-S-C,Pants,Pants - Terracota,S,153.0,1,PHAN01,COC08
APT02,CHB01,FST-BOX-23,Finished product,First,DTUB0-S,Dress,Dress - Noir,S,173.0,1,DTUB01,ZEE24
APT02,CHB01,2ND-BOX-11,Finished product,Second,DSAT0-M,Dress,Dress - Blu,M,173.0,2,DSAT01,SUT08
APT02,CHB01,2ND-BOX-11,Finished product,Second,DSAT0-XS,Dress,Dress - Blu,XS,173.0,1,DSAT01,SUT08
APT02,CHB01,2ND-BOX-11,Finished product,Second,DSAT0-S,Dress,Dress - Blu,S,173.0,2,DSAT01,COS08
APT02,CHB01,2ND-BOX-11,Finished product,Second,DSAT0-S,Dress,Dress - Blue,S,173.0,4,DSAT01,YRA08
APT02,CHB01,2ND-BOX-11,Finished product,Second,DSAT0-M,Dress,Dress - Blu,M,173.0,1,DSAT01,ATO08
APT02,CHB01,2ND-BOX-10,Finished product,Second,DSAT0-XS,Dress,Dress - Blue,XS,173.0,3,DSAT01,YRA08
APT02,CHB01,2ND-BOX-10,Finished product,Second,DSAT0-XS,Dress,Dress - Cream,XS,173.0,1,DSAT01,TIL08
APT02,CHB01,FST-BOX-23,Finished product,First,DLAL0-M-C,Dress,Dress - Rust,M,165.0,1,DLAL01,CHI08
APT02,CHB01,FST-BOX-23,Finished product,First,DSAT0-M-C,Dress,Dress - Noir,M,160.0,1,DSAT01,LAV08
APT02,CHB01,FST-BOX-23,Finished product,First,DNAI0-2XL-C,Dress,Dress - Vert,2XL,160.0,1,DNAI01,BEL08
APT02,CHB01,FST-BOX-23,Finished product,First,DSAT0-XS-C,Dress,Dress - Ivory,XS,165.0,1,DSAT01,LUZ08
APT02,CHB01,FST-BOX-23,Finished product,First,TJAI0-M,Top,Top - Olive,M,,1,TJAI01,COR08
APT02,CHB01,FST-BOX-23,Finished product,First,TMIIA0-S,Top,Top - Terracota,S,,1,TMIIA01,COC08
APT02,CHB01,2ND-BOX-14,Finished product,Second,DFAN0-2XL,Dress,Dress - Vert,2XL,173.0,12,DFAN01,SAL08
APT02,CHB01,2ND-BOX-14,Finished product,Second,DFAN0-L,Dress,Dress - Vert,L,173.0,1,DFAN01,SAL08
APT02,CHB01,2ND-BOX-14,Finished product,Second,DFAN0-M,Dress,Dress - Vert,M,173.0,1,DFAN01,SAL08
APT02,CHB01,2ND-BOX-14,Finished product,Second,DFAN0-3XL,Dress,Dress - Vert,3XL,173.0,1,DFAN01,SAL08
APT02,CHB01,2ND-BOX-11,Finished product,Second,DSAT0-S,Dress,Dress - Blu,S,173.0,1,DSAT01,BAT08
APT02,CHB01,2ND-BOX-12,Finished product,Second,DSAT0-S,Dress,Dress - Vert,S,173.0,32,DSAT01,SAL08
APT02,CHB01,2ND-BOX-12,Finished product,Second,DSAT0-XS,Dress,Dress - Vert,XS,173.0,7,DSAT01,SAL08
APT02,CHB01,2ND-BOX-54,Finished product,Second,DMAY0-2XL,Dress,Dress - Gold,2XL,173.0,4,DMAY01,FIO08
APT02,CHB01,2ND-BOX-8,Finished product,Second,DMAY0-XS,Dress,Dress - Gold,XS,173.0,4,DMAY01,FIO08
APT02,CHB01,2ND-BOX-8,Finished product,Second,DMAY0-3XL,Dress,Dress - Gold,3XL,173.0,8,DMAY01,FIO08
APT02,CHB01,2ND-BOX-14,Finished product,Second,DFAN0-L,Dress,Dress - Cream,L,173.0,14,DFAN01,TIL08
APT02,CHB01,2ND-BOX-14,Finished product,Second,DFAN0-M,Dress,Dress - Cream,M,173.0,9,DFAN01,TIL08
APT02,CHB01,2ND-BOX-14,Finished product,Second,DFAN0-XS,Dress,Dress - Vert,XS,173.0,1,DFAN01,SAL08
APT02,CHB01,2ND-BOX-14,Finished product,Second,DFAN0-2XL,Dress,Dress - Cream,2XL,173.0,14,DFAN01,TIL08
APT02,CHB01,2ND-BOX-15,Finished product,Second,YLYS0-M,Skirt,Skirt - Cream,M,173.0,28,YLYS01,TIL08
APT02,CHB01,2ND-BOX-15,Finished product,Second,YLYS0-L,Skirt,Skirt - Cream,L,173.0,5,YLYS01,TIL08
APT02,CHB01,2ND-BOX-15,Finished product,Second,YLYS0-3XL,Skirt,Skirt - Cream,3XL,173.0,3,YLYS01,TIL08
APT02,CHB01,2ND-BOX-15,Finished product,Second,YLYS0-S,Skirt,Skirt - Cream,S,173.0,1,YLYS01,TIL08
APT02,CHB01,2ND-BOX-15,Finished product,Second,YLYS0-XL,Skirt,Skirt - Cream,XL,173.0,1,YLYS01,TIL08
APT02,CHB01,2ND-BOX-15,Finished product,Second,YLYS0-2XL,Skirt,Skirt - Cream,2XL,173.0,1,YLYS01,TIL08
APT02,CHB01,2ND-BOX-15,Finished product,Second,DSAT0-M,Dress,Dress - Vert,M,173.0,13,DSAT01,SAL08
APT02,CHB01,2ND-BOX-15,Finished product,Second,DSAT0-L,Dress,Dress - Vert,L,173.0,7,DSAT01,SAL08
APT02,CHB01,2ND-BOX-15,Finished product,Second,DSAT0-S,Dress,Dress - Vert,S,173.0,7,DSAT01,SAL08
APT02,CHB01,2ND-BOX-15,Finished product,Second,DSAT0-2XL,Dress,Dress - Vert,2XL,173.0,6,DSAT01,SAL08
APT02,CHB01,2ND-BOX-15,Finished product,Second,DSAT0-3XL,Dress,Dress - Vert,3XL,173.0,3,DSAT01,SAL08
APT02,CHB01,2ND-BOX-15,Finished product,Second,DSAT0-XL,Dress,Dress - Vert,XL,173.0,6,DSAT01,SAL08
APT02,CHB01,2ND-BOX-15,Finished product,Second,DSAT0-XS,Dress,Dress - Vert,XS,173.0,4,DSAT01,SAL08
APT02,CHB01,2ND-BOX-16,Finished product,Second,PLEE0-XS,Pants,Pants - Vert,XS,173.0,8,PLEE01,SAL08
APT02,CHB01,2ND-BOX-16,Finished product,Second,PLEE0-S,Pants,Pants - Vert,S,173.0,8,PLEE01,SAL08
APT02,CHB01,2ND-BOX-16,Finished product,Second,PLEE0-M,Pants,Pants - Vert,M,173.0,1,PLEE01,SAL08
APT02,CHB01,2ND-BOX-16,Finished product,Second,PLEE0-2XL,Pants,Pants - Vert,2XL,173.0,11,PLEE01,SAL08
APT02,CHB01,2ND-BOX-16,Finished product,Second,PLEE0-XL,Pants,Pants - Vert,XL,173.0,9,PLEE01,SAL08
APT02,CHB01,2ND-BOX-16,Finished product,Second,PLEE0-3XL,Pants,Pants - Vert,3XL,173.0,1,PLEE01,SAL08
APT02,CHB01,2ND-BOX-16,Finished product,Second,PLEE0-XL,Pants,Pants - Cream,XL,173.0,7,PLEE01,TIL08
APT02,CHB01,2ND-BOX-16,Finished product,Second,PLEE0-M,Pants,Pants - Cream,M,173.0,7,PLEE01,TIL08
APT02,CHB01,2ND-BOX-16,Finished product,Second,PLEE0-3XL,Pants,Pants - Cream,3XL,173.0,2,PLEE01,TIL08
APT02,CHB01,2ND-BOX-16,Finished product,Second,PLEE0-2XL,Pants,Pants - Cream,2XL,173.0,4,PLEE01,TIL08
APT02,CHB01,2ND-BOX-16,Finished product,Second,PLEE0-L,Pants,Pants - Cream,L,173.0,4,PLEE01,TIL08
APT02,CHB01,2ND-BOX-16,Finished product,Second,PLEE0-S,Pants,Pants - Cream,S,173.0,2,PLEE01,TIL08
APT02,CHB01,2ND-BOX-16,Finished product,Second,PLEE0-XS,Pants,Pants - Cream,XS,173.0,1,PLEE01,TIL08
APT02,CHB01,2ND-BOX-16,Finished product,Second,PLEE1-L,Pants,Pants - Black,L,173.0,3,PLEE11,LIN08
APT02,CHB01,2ND-BOX-16,Finished product,Second,PLEE1-XS,Pants,Pants - Black,XS,173.0,3,PLEE11,LIN08
APT02,CHB01,2ND-BOX-16,Finished product,Second,PLEE1-XL,Pants,Pants - Black,XL,173.0,1,PLEE11,LIN08
APT02,CHB01,2ND-BOX-17,Finished product,Second,PLEE0-XS,Pants,Pants - White,XS,173.0,3,PLEE01,ZEN08
APT02,CHB01,2ND-BOX-17,Finished product,Second,PLEE0-S,Pants,Pants - White,S,173.0,1,PLEE01,ZEN08
APT02,CHB01,2ND-BOX-17,Finished product,Second,PLEE0-M,Pants,Pants - White,M,173.0,6,PLEE01,ZEN08
APT02,CHB01,2ND-BOX-17,Finished product,Second,PLEE0-XL,Pants,Pants - White,XL,173.0,1,PLEE01,ZEN08
APT02,CHB01,2ND-BOX-17,Finished product,Second,PLEE0-2XL,Pants,Pants - Noir,2XL,173.0,3,PLEE01,HER08
APT02,CHB01,2ND-BOX-17,Finished product,Second,PLEE0-3XL,Pants,Pants - Noir,3XL,173.0,1,PLEE01,HER08
APT02,CHB01,2ND-BOX-17,Finished product,Second,PLEE0-XS,Pants,Pants - Noir,XS,173.0,1,PLEE01,HER08
APT02,CHB01,2ND-BOX-17,Finished product,Second,PLEE0-L,Pants,Pants - Navy,L,173.0,3,PLEE01,COS08
APT02,CHB01,2ND-BOX-17,Finished product,Second,PLEE0-XL,Pants,Pants - Navy,XL,173.0,1,PLEE01,COS08
APT02,CHB01,2ND-BOX-17,Finished product,Second,PLEE0-S,Pants,Pants - Navy,S,173.0,1,PLEE01,COS08
APT02,CHB01,2ND-BOX-17,Finished product,Second,PLEE0-L,Pants,Pants - Rust,L,173.0,7,PLEE01,SOL14
APT02,CHB01,2ND-BOX-17,Finished product,Second,PLEE0-S,Pants,Pants - Rust,S,173.0,3,PLEE01,SOL14
APT02,CHB01,2ND-BOX-17,Finished product,Second,PLEE0-XS,Pants,Pants - Rust,XS,173.0,2,PLEE01,SOL14
APT02,CHB01,2ND-BOX-17,Finished product,Second,PLEE0-S,Pants,Pants - Gold,S,173.0,3,PLEE01,TEX08
APT02,CHB01,2ND-BOX-17,Finished product,Second,PLEE0-XS,Pants,Pants - Gold,XS,173.0,2,PLEE01,TEX08
APT02,CHB01,2ND-BOX-17,Finished product,Second,PLEE0-3XL,Pants,Pants - Gold,3XL,173.0,4,PLEE01,TEX08
APT02,CHB01,2ND-BOX-17,Finished product,Second,PLEE0-2XL,Pants,Pants - Gold,2XL,173.0,1,PLEE01,TEX08
APT02,CHB01,2ND-BOX-17,Finished product,Second,PLEE0-XS,Pants,Pants - Noir,XS,173.0,1,PLEE01,SOL14
APT02,CHB01,2ND-BOX-17,Finished product,Second,PLEE0-XS,Pants,Pants - Navy,XS,173.0,1,PLEE01,SOL14
APT02,CHB01,2ND-BOX-17,Finished product,Second,PLEE0-S,Pants,Pants - Black,S,173.0,5,PLEE01,SOK08
APT02,CHB01,2ND-BOX-17,Finished product,Second,PLEE0-XL,Pants,Pants - Black,XL,173.0,1,PLEE01,SOK08
APT02,CHB01,2ND-BOX-17,Finished product,Second,PLEE0-2XL,Pants,Pants - Navy,2XL,173.0,2,PLEE01,COS08
APT02,CHB01,2ND-BOX-17,Finished product,Second,PLEE0-3XL,Pants,Pants - Vert,3XL,173.0,1,PLEE01,ZEE24
APT02,CHB01,2ND-BOX-17,Finished product,Second,PLEE0-XS,Pants,Pants - Olive,XS,173.0,1,PLEE01,AYE29
APT02,CHB01,2ND-BOX-17,Finished product,Second,PLEE0-S,Pants,Pants - Vert,S,173.0,1,PLEE01,ZEE24
APT02,CHB01,2ND-BOX-17,Finished product,Second,PLEE0-M-C,Pants,Pants - Vert,M,163.0,1,PLEE01,ZEE24
APT02,CHB01,2ND-BOX-17,Finished product,Second,PLEE0-XS,Pants,Pants - Black,XS,173.0,5,PLEE01,SUT08
APT02,CHB01,2ND-BOX-17,Finished product,Second,PLEE0-L,Pants,Pants - Black,L,173.0,1,PLEE01,SUT08
APT02,CHB01,2ND-BOX-17,Finished product,Second,PLEE0-XS,Pants,Pants - Rust,XS,173.0,1,PLEE01,SUT08
APT02,CHB01,2ND-BOX-17,Finished product,Second,PLEE0-S,Pants,Pants - Gold,S,173.0,1,PLEE01,SUT08
APT02,CHB01,2ND-BOX-17,Finished product,Second,PLEE0-M,Pants,Pants - Gold,M,173.0,1,PLEE01,SUT08
APT02,CHB01,2ND-BOX-49,Finished product,Second,PLEE0-2XL,Pants,Pants - Rose,2XL,173.0,1,PLEE01,ATO08
APT02,CHB01,2ND-BOX-49,Finished product,Second,PLEE0-L,Pants,Pants - Rose,L,173.0,1,PLEE01,BLO08
APT02,CHB01,2ND-BOX-49,Finished product,Second,PLEE0-XS,Pants,Pants - Rose,XS,173.0,1,PLEE01,BLO08
APT02,CHB01,2ND-BOX-49,Finished product,Second,PLEE0-S,Pants,Pants - Teal,S,173.0,1,PLEE01,BLO08
APT02,CHB01,2ND-BOX-49,Finished product,Second,PLEE0-XS,Pants,Pants - Cream,XS,173.0,2,PLEE01,ZEN08
APT02,CHB01,2ND-BOX-49,Finished product,Second,PLEE0-S,Pants,Pants - Cream,S,173.0,1,PLEE01,ZEN08
APT02,CHB01,2ND-BOX-49,Finished product,Second,PLEE0-2XL-C,Pants,Pants - Cream,2XL,183.0,1,PLEE01,ZEN08
APT02,CHB01,2ND-BOX-49,Finished product,Second,PLEE0-S,Pants,Pants - Blu,S,173.0,2,PLEE01,SUT08
APT02,CHB01,2ND-BOX-19,Finished product,Second,YSEU0-XSS,Skirt,Skirt - Cream,XSS,173.0,26,YSEU01,TIL08
APT02,CHB01,2ND-BOX-19,Finished product,Second,YSEU0-XL,Skirt,Skirt - Cream,XL,173.0,5,YSEU01,TIL08
APT02,CHB01,2ND-BOX-19,Finished product,Second,YSEU0-ML,Skirt,Skirt - Teal,ML,173.0,4,YSEU01,BLO08
APT02,CHB01,2ND-BOX-19,Finished product,Second,YSEU0-2XL,Skirt,Skirt - Rose,2XL,173.0,1,YSEU01,BLO08
APT02,CHB01,2ND-BOX-19,Finished product,Second,YSEU0-2XL,Skirt,Skirt - Aqua,2XL,173.0,1,YSEU01,PLA08
APT02,CHB01,2ND-BOX-19,Finished product,Second,YSEU0-3XL,Skirt,Skirt - Aqua,3XL,173.0,1,YSEU01,PLA08
APT02,CHB01,2ND-BOX-19,Finished product,Second,YSEU0-ML,Skirt,Skirt - Navy,ML,173.0,3,YSEU01,COS08
APT02,CHB01,2ND-BOX-19,Finished product,Second,YSEU0-XL,Skirt,Skirt - Navy,XL,173.0,3,YSEU01,COS08
APT02,CHB01,2ND-BOX-19,Finished product,Second,YSEU0-2XL,Skirt,Skirt - Navy,2XL,173.0,3,YSEU01,COS08
APT02,CHB01,2ND-BOX-19,Finished product,Second,YSEU0-XSS,Skirt,Skirt - Gold,XSS,173.0,4,YSEU01,FIO08
APT02,CHB01,2ND-BOX-19,Finished product,Second,YSEU0-ML,Skirt,Skirt - Gold,ML,173.0,1,YSEU01,FIO08
APT02,CHB01,2ND-BOX-19,Finished product,Second,YSEU0-2XL,Skirt,Skirt - Gold,2XL,173.0,3,YSEU01,FIO08
APT02,CHB01,2ND-BOX-19,Finished product,Second,YSEU0-XL,Skirt,Skirt - Noir,XL,173.0,2,YSEU01,ABS08
APT02,CHB01,2ND-BOX-22,Finished product,Second,KMIN0-2XL,Kimono,Kimono - Rust,2XL,173.0,1,KMIN01,SUT08
APT02,CHB01,2ND-BOX-22,Finished product,Second,KMIN0-3XL,Kimono,Kimono - Rust,3XL,173.0,1,KMIN01,SUT08
APT02,CHB01,2ND-BOX-22,Finished product,Second,KMIN0-3XL,Kimono,Kimono - Gold,3XL,173.0,1,KMIN01,SUT08
APT02,CHB01,2ND-BOX-22,Finished product,Second,KMIN0-3XL,Kimono,Kimono - Blu,3XL,173.0,1,KMIN01,LAV08
APT02,CHB01,2ND-BOX-20,Finished product,Second,DSAT0-XL,Dress,Dress - blue,XL,173.0,1,DSAT01,YRA08
APT02,CHB01,2ND-BOX-20,Finished product,Second,DSAT0-3XL,Dress,Dress - blue,3XL,173.0,1,DSAT01,YRA08
APT02,CHB01,2ND-BOX-20,Finished product,Second,DSAT0-M,Dress,Dress - blue,M,173.0,1,DSAT01,YRA08
APT02,CHB01,2ND-BOX-20,Finished product,Second,DSAT0-XS,Dress,Dress - blue,XS,173.0,1,DSAT01,YRA08
APT02,CHB01,2ND-BOX-20,Finished product,Second,DSAT0-3XL,Dress,Dress - Rose,3XL,173.0,1,DSAT01,ATO08
APT02,CHB01,2ND-BOX-20,Finished product,Second,DSAT0-S,Dress,Dress - Blu,S,173.0,2,DSAT01,COS08
APT02,CHB01,2ND-BOX-20,Finished product,Second,DSAT0-M,Dress,Dress - Blu,M,173.0,2,DSAT01,COS08
APT02,CHB01,2ND-BOX-20,Finished product,Second,DSAT0-L,Dress,Dress - Blu,L,173.0,2,DSAT01,COS08
APT02,CHB01,2ND-BOX-20,Finished product,Second,DSAT0-2XL,Dress,Dress - Blu,2XL,173.0,1,DSAT01,COS08
APT02,CHB01,2ND-BOX-20,Finished product,Second,DSAT0-XS,Dress,Dress - Blu,XS,173.0,1,DSAT01,COS08
APT02,CHB01,2ND-BOX-20,Finished product,Second,DSAT0-XS,Dress,Dress - Rust,XS,173.0,1,DSAT01,SUT08
APT02,CHB01,2ND-BOX-20,Finished product,Second,DSAT0-M,Dress,Dress - Noir,M,173.0,2,DSAT01,SCR08
APT02,CHB01,2ND-BOX-20,Finished product,Second,DSAT0-3XL,Dress,Dress - Noir,3XL,173.0,1,DSAT01,SCR08
APT02,CHB01,2ND-BOX-20,Finished product,Second,DSAT0-S,Dress,Dress - Noir,S,173.0,2,DSAT01,SCR08
APT02,CHB01,2ND-BOX-20,Finished product,Second,DSAT0-XL,Dress,Dress - Noir,XL,173.0,3,DSAT01,HER08
APT02,CHB01,2ND-BOX-20,Finished product,Second,DSAT0-3XL,Dress,Dress - Noir,3XL,173.0,2,DSAT01,HER08
APT02,CHB01,2ND-BOX-20,Finished product,Second,PLEE0-2XL,Pants,Pants - Cream,2XL,173.0,1,PLEE01,GAR08
APT02,CHB01,2ND-BOX-20,Finished product,Second,PLEE0-3XL,Pants,Pants - Blu,3XL,173.0,1,PLEE01,LAV08
APT02,CHB01,2ND-BOX-20,Finished product,Second,PLEE0-XS,Pants,Pants - Cream,XS,173.0,1,PLEE01,SOL14
APT02,CHB01,2ND-BOX-20,Finished product,Second,PLEE0-S,Pants,Pants - Orange,S,173.0,1,PLEE01,BEL12
APT02,CHB01,2ND-BOX-20,Finished product,Second,PLEE0-XS,Pants,Pants - White,XS,173.0,1,PLEE01,NDA08
APT02,CHB01,2ND-BOX-20,Finished product,Second,PLEE0-XS,Pants,Pants - Blue,XS,173.0,1,PLEE01,KAI08
APT02,CHB01,2ND-BOX-20,Finished product,Second,PLEE0-XS,Pants,Pants - Rust,XS,173.0,1,PLEE01,SUT08
APT02,CHB01,2ND-BOX-20,Finished product,Second,PLEE0-S,Pants,Pants - Rust,S,173.0,1,PLEE01,DHA20
APT02,CHB01,2ND-BOX-20,Finished product,Second,DSAT0-XS,Dress,Dress - Blu,XS,173.0,1,DSAT01,SUT08
APT02,CHB01,2ND-BOX-20,Finished product,Second,DSAT0-XL,Dress,Dress - Gold,XL,173.0,1,DSAT01,SUT08
APT02,CHB01,2ND-BOX-20,Finished product,Second,DSAT0-2XL,Dress,Dress - Blu,2XL,173.0,1,DSAT01,ATO08
APT02,CHB01,2ND-BOX-20,Finished product,Second,DSAT0-3XL,Dress,Dress - Noir,3XL,173.0,1,DSAT01,ALI08
APT02,CHB01,2ND-BOX-21,Finished product,Second,JUMY0-L,Jumpsuit,Jumpsuit - Noir,L,173.0,12,JUMY01,SOL14
APT02,CHB01,2ND-BOX-21,Finished product,Second,JUMY0-XL,Jumpsuit,Jumpsuit - Noir,XL,173.0,2,JUMY01,SOL14
APT02,CHB01,2ND-BOX-21,Finished product,Second,JUMY0-XS,Jumpsuit,Jumpsuit - Noir,XS,173.0,1,JUMY01,SOL14
APT02,CHB01,2ND-BOX-21,Finished product,Second,JUMY0-2XL,Jumpsuit,Jumpsuit - Noir,2XL,173.0,1,JUMY01,SOL14
APT02,CHB01,2ND-BOX-21,Finished product,Second,JUMY0-S,Jumpsuit,Jumpsuit - Noir,S,173.0,1,JUMY01,SOL14
APT02,CHB01,2ND-BOX-21,Finished product,Second,JUMY0-M,Jumpsuit,jumpsuit - blue,M,173.0,2,JUMY01,YRA08
APT02,CHB01,2ND-BOX-21,Finished product,Second,JUMY0-XL,Jumpsuit,jumpsuit - blue,XL,173.0,2,JUMY01,YRA08
APT02,CHB01,2ND-BOX-21,Finished product,Second,JUMY0-3XL,Jumpsuit,jumpsuit - blue,3XL,173.0,2,JUMY01,YRA08
APT02,CHB01,2ND-BOX-21,Finished product,Second,JUMY0-2XL,Jumpsuit,jumpsuit - blue,2XL,173.0,1,JUMY01,YRA08
APT02,CHB01,2ND-BOX-21,Finished product,Second,JUMY0-L,Jumpsuit,jumpsuit - blue,L,173.0,1,JUMY01,YRA08
APT02,CHB01,2ND-BOX-21,Finished product,Second,JUMY0-S-C,Jumpsuit,jumpsuit - blue,S,163.0,1,JUMY01,YRA08
APT02,CHB01,2ND-BOX-21,Finished product,Second,JUMY0-XS-C,Jumpsuit,jumpsuit - blue,XS,161.0,1,JUMY01,YRA08
APT02,CHB01,2ND-BOX-21,Finished product,Second,JUMYO-L,Jumpsuit,jumpsuit - Vert,L,173.0,2,JUMYO1,SAL08
APT02,CHB01,2ND-BOX-21,Finished product,Second,JUMYO-XL,Jumpsuit,jumpsuit - Vert,XL,173.0,1,JUMYO1,SAL08
APT02,CHB01,2ND-BOX-21,Finished product,Second,JUMY0-M,Jumpsuit,Jumpsuit - Blanc,M,173.0,3,JUMY01,SOL10
APT02,CHB01,2ND-BOX-21,Finished product,Second,JUMY0-L,Jumpsuit,Jumpsuit - Blanc,L,173.0,1,JUMY01,SOL10
APT02,CHB01,2ND-BOX-21,Finished product,Second,JUMY0-M,Jumpsuit,Jumpsuit - Teal,M,173.0,1,JUMY01,SOL14
APT02,CHB01,2ND-BOX-22,Finished product,Second,KMIN0-2XL,Kimono,Kimono - Cream,2XL,173.0,9,KMIN01,TIL08
APT02,CHB01,2ND-BOX-22,Finished product,Second,KMIN0-XSS,Kimono,Kimono - Teal,XSS,173.0,5,KMIN01,BLO08
APT02,CHB01,2ND-BOX-22,Finished product,Second,KMIN0-2XL,Kimono,Kimono - Teal,2XL,173.0,1,KMIN01,BLO08
APT02,CHB01,2ND-BOX-22,Finished product,Second,KMIN1-ML,Kimono,Kimono - yellow,ML,173.0,2,KMIN11,ANA08
APT02,CHB01,2ND-BOX-22,Finished product,Second,KMIN0-2XL,Kimono,Kimono - Noir,2XL,173.0,1,KMIN01,HER08
APT02,CHB01,2ND-BOX-22,Finished product,Second,KMIN0-XL,Kimono,Kimono - Noir,XL,173.0,1,KMIN01,HER08
APT02,CHB01,2ND-BOX-22,Finished product,Second,KMIN0-3XL,Kimono,Kimono - Blu,3XL,173.0,1,KMIN01,BAT08
APT02,CHB01,2ND-BOX-22,Finished product,Second,JUMY0-XS,Jumpsuit,jumpsuit - Vert,XS,173.0,1,JUMY01,BEL08
APT02,CHB01,2ND-BOX-22,Finished product,Second,JUMY0-XS,Jumpsuit,jumpsuit - Noir,XS,173.0,1,JUMY01,TUK08
APT02,CHB01,2ND-BOX-22,Finished product,Second,JUMY1-XL,Jumpsuit,jumpsuit - White,XL,173.0,1,JUMY11,ZEN08
APT02,CHB01,2ND-BOX-22,Finished product,Second,JUMY0-XS,Jumpsuit,jumpsuit - Rose,XS,173.0,1,JUMY01,ABS08
APT02,CHB01,2ND-BOX-22,Finished product,Second,JUMY0-XL,Jumpsuit,Jumpsuit - Salmon,XL,173.0,1,JUMY01,SOL10
APT02,CHB01,2ND-BOX-22,Finished product,Second,JUMY0-S,Jumpsuit,Jumpsuit - Rust,S,173.0,1,JUMY01,SOL14
APT02,CHB01,2ND-BOX-19,Finished product,Second,DLAL0-XL,Dress,Dress - Orange,XL,173.0,2,DLAL01,ARB08
APT02,CHB01,2ND-BOX-19,Finished product,Second,DLAL0-2XL,Dress,Dress - Orange,2XL,173.0,1,DLAL01,ARB08
APT02,CHB01,2ND-BOX-19,Finished product,Second,DLAL0-3XL,Dress,Dress - Orange,3XL,173.0,1,DLAL01,ARB08
APT02,CHB01,2ND-BOX-19,Finished product,Second,DLAL0-2XL,Dress,Dress - Blu,2XL,173.0,1,DLAL01,COS08
APT02,CHB01,2ND-BOX-19,Finished product,Second,DLAL0-S,Dress,Dress - Blu,S,173.0,1,DLAL01,COS08
APT02,CHB01,2ND-BOX-19,Finished product,Second,DLAL0-XS,Dress,Dress - Blu,XS,173.0,1,DLAL01,COS08
APT02,CHB01,2ND-BOX-19,Finished product,Second,DLAL0-2XL,Dress,Dress - Teal,2XL,173.0,2,DLAL01,WAL08
APT02,CHB01,2ND-BOX-19,Finished product,Second,DLAL0-2XL,Dress,Dress - Rose,2XL,173.0,1,DLAL01,BAT08
APT02,CHB01,2ND-BOX-19,Finished product,Second,DLAL0-3XL,Dress,Dress - Mustard,3XL,173.0,1,DLAL01,ZEE24
APT02,CHB01,2ND-BOX-26,Finished product,Second,DMAI0-S,Dress,Dress - Noir,S,173.0,4,DMAI01,HER08
APT02,CHB01,2ND-BOX-26,Finished product,Second,DMAI0-XS,Dress,Dress - Noir,XS,173.0,3,DMAI01,HER08
APT02,CHB01,2ND-BOX-26,Finished product,Second,DMAI0-XL,Dress,Dress - Noir,XL,173.0,3,DMAI01,HER08
APT02,CHB01,2ND-BOX-26,Finished product,Second,DMAI0-M,Dress,Dress - Noir,M,173.0,2,DMAI01,HER08
APT02,CHB01,2ND-BOX-26,Finished product,Second,DMAI0-2XL,Dress,Dress - Noir,2XL,173.0,2,DMAI01,HER08
APT02,CHB01,2ND-BOX-26,Finished product,Second,DMAI0-2XL,Dress,Dress - Cream,2XL,173.0,1,DMAI01,ZEN08
APT02,CHB01,2ND-BOX-26,Finished product,Second,DMAI0-3XL,Dress,Dress - Cream,3XL,173.0,1,DMAI01,ZEN08
APT02,CHB01,2ND-BOX-26,Finished product,Second,DMAI0-XL,Dress,Dress - rose,XL,173.0,2,DMAI01,BLO08
APT02,CHB01,2ND-BOX-26,Finished product,Second,DMAI0-2XL,Dress,Dress - White,2XL,173.0,5,DMAI01,SIN08
APT02,CHB01,2ND-BOX-26,Finished product,Second,DMAI0-XL,Dress,Dress - White,XL,173.0,2,DMAI01,SIN08
APT02,CHB01,2ND-BOX-26,Finished product,Second,DMAI0-S,Dress,Dress - Gold,S,173.0,2,DMAI01,FIO08
APT02,CHB01,2ND-BOX-23,Finished product,Second,DMAR0-M,Dress,Dress - Blue,M,173.0,1,DMAR01,GYR08
APT02,CHB01,2ND-BOX-23,Finished product,Second,DMAR0-2XL,Dress,Dress - Blue,2XL,173.0,2,DMAR01,GYR08
APT02,CHB01,2ND-BOX-23,Finished product,Second,DMAR0-XS,Dress,Dress - Blue,XS,173.0,1,DMAR01,GYR08
APT02,CHB01,2ND-BOX-23,Finished product,Second,DMAR0-2XL-C,Dress,Dress - Blue,2XL,180.0,1,DMAR01,GYR08
APT02,CHB01,2ND-BOX-23,Finished product,Second,DMAR0-3XL-C,Dress,Dress - Noir,3XL,169.0,1,DMAR01,SOL14
APT02,CHB01,2ND-BOX-23,Finished product,Second,DMAR0-XS,Dress,Dress - Salmon,XS,173.0,1,DMAR01,SOL10
APT02,CHB01,2ND-BOX-23,Finished product,Second,DMAY0-S,Dress,Dress - Gold,S,173.0,2,DMAY01,FIO08
APT02,CHB01,2ND-BOX-23,Finished product,Second,DMAY0-XL,Dress,Dress - Gold,XL,173.0,1,DMAY01,FIO08
APT02,CHB01,2ND-BOX-23,Finished product,Second,DMAY0-M,Dress,Dress - Noir,M,173.0,1,DMAY01,SCR08
APT02,CHB01,2ND-BOX-23,Finished product,Second,DMAY0-XS,Dress,Dress - Noir,XS,173.0,1,DMAY01,SCR08
APT02,CHB01,2ND-BOX-23,Finished product,Second,DMAY0-XL,Dress,Dress - Mustard,XL,173.0,1,DMAY01,SOL14
APT02,CHB01,2ND-BOX-23,Finished product,Second,KAWA0-3XL,Kimono,Kimono - White,3XL,173.0,1,KAWA01,ZEN08
APT02,CHB01,2ND-BOX-23,Finished product,Second,KAWA0-XL,Kimono,Kimono - White,XL,173.0,1,KAWA01,ZEN08
APT02,CHB01,2ND-BOX-23,Finished product,Second,KAWA0-2XL,Kimono,Kimono - White,2XL,173.0,1,KAWA01,ZEN08
APT02,CHB01,2ND-BOX-23,Finished product,Second,KAWA0-2XL,Kimono,Kimono - Black,2XL,173.0,2,KAWA01,SUT08
APT02,CHB01,2ND-BOX-23,Finished product,Second,KAWA0-3XL,Kimono,Kimono - Black,3XL,173.0,1,KAWA01,SUT08
APT02,CHB01,2ND-BOX-23,Finished product,Second,TREE0-3XL,Top,Top - Vert,3XL,,2,TREE01,SAL08
APT02,CHB01,2ND-BOX-23,Finished product,Second,TREE0-2XL,Top,Top - Vert,2XL,,1,TREE01,SAL08
APT02,CHB01,2ND-BOX-23,Finished product,Second,TREE0-XS,Top,Top - Vert,XS,,1,TREE01,SAL08
APT02,CHB01,2ND-BOX-23,Finished product,Second,KBOU0-OS,Kimono,Kimono - Teal,OS,173.0,3,KBOU01,BWA08
APT02,CHB01,2ND-BOX-22,Finished product,Second,DAMA0-M,Dress,Dress - Aqua,M,173.0,1,DAMA01,PLA08
APT02,CHB01,2ND-BOX-22,Finished product,Second,DAMA0-M,Dress,Dress - Blu,M,173.0,3,DAMA01,ATO08
APT02,CHB01,2ND-BOX-22,Finished product,Second,DAMA0-S,Dress,Dress - Noir,S,173.0,1,DAMA01,TUK08
APT02,CHB01,2ND-BOX-22,Finished product,Second,DAMA0-M,Dress,Dress - Noir,M,173.0,2,DAMA01,ABS08
APT02,CHB01,2ND-BOX-24,Finished product,Second,DKON0-3XL,Dress,Dress - Cream,3XL,173.0,1,DKON01,TIL08
APT02,CHB01,2ND-BOX-24,Finished product,Second,DKON0-XS,Dress,Dress - Cream,XS,173.0,1,DKON01,TIL08
APT02,CHB01,2ND-BOX-26,Finished product,Second,DKUD0-3XL,Dress,Dress - Rust,3XL,173.0,1,DKUD01,SOL14
APT02,CHB01,2ND-BOX-26,Finished product,Second,DKUD0-3XL,Dress,Dress - Rose,3XL,173.0,1,DKUD01,BAT08
APT02,CHB01,2ND-BOX-26,Finished product,Second,DKUD0-M,Dress,Dress - Rose,M,173.0,1,DKUD01,BAT08
APT02,CHB01,2ND-BOX-39,Finished product,Second,DYAL0-S,Dress,Dress - Rose,S,173.0,1,DYAL01,BAT08
APT02,CHB01,2ND-BOX-39,Finished product,Second,DYAL0-XL,Dress,Dress - Rose,XL,173.0,1,DYAL01,BAT08
APT02,CHB01,2ND-BOX-39,Finished product,Second,DYAL0-3XL,Dress,Dress - Rose,3XL,173.0,1,DYAL01,BAT08
APT02,CHB01,2ND-BOX-26,Finished product,Second,DKUD0-M,Dress,Dress - (crepe),M,173.0,1,DKUD01,SOL09
APT02,CHB01,2ND-BOX-26,Finished product,Second,DGNO0-S,Dress,Dress - (crepe),S,173.0,2,DGNO01,SOL09
APT02,CHB01,2ND-BOX-24,Finished product,Second,DTUN0-2XL,Dress,Dress - White,2XL,173.0,1,DTUN01,SIN08
APT02,CHB01,2ND-BOX-24,Finished product,Second,DDIA0-XS,Dress,Dress - Rose,XS,173.0,1,DDIA01,SAL08
APT02,CHB01,2ND-BOX-49,Finished product,Second,PJAN0-2XL,Pants,Pants - Noir,2XL,173.0,7,PJAN01,ISL08
APT02,CHB01,2ND-BOX-24,Finished product,Second,PJAN1-XL,Jant,Pants - Blanc,XL,173.0,1,PJAN11,RAI08
APT02,CHB01,2ND-BOX-24,Finished product,Second,JUMY0-M,Jumpsuit,Jumpsuit - Blanc,M,173.0,1,JUMY01,SOL10
APT02,CHB01,2ND-BOX-24,Finished product,Second,JUMY0-XL,Jumpsuit,Jumpsuit - Blanc,XL,173.0,1,JUMY01,SOL10
APT02,CHB01,2ND-BOX-24,Finished product,Second,JUMY0-S,Jumpsuit,Jumpsuit - Salmon,S,173.0,1,JUMY01,SOL10
APT02,CHB01,2ND-BOX-24,Finished product,Second,JUMY0-XS,Jumpsuit,Jumpsuit - Salmon,XS,173.0,2,JUMY01,SOL10
APT02,CHB01,2ND-BOX-24,Finished product,Second,JUMY0-2XL,Jumpsuit,Jumpsuit - Noir,2XL,173.0,1,JUMY01,TUK08
APT02,CHB01,2ND-BOX-24,Finished product,Second,JUMY0-L,Jumpsuit,Jumpsuit - Blue,L,173.0,1,JUMY01,YRA08
APT02,CHB01,2ND-BOX-24,Finished product,Second,JUMY0-XS,Jumpsuit,Jumpsuit - Rose,XS,173.0,1,JUMY01,ABS08
APT02,CHB01,2ND-BOX-26,Finished product,Second,PFEK0-3XL,Shorts,Shorts - Black,3XL,173.0,1,PFEK01,SUT08
APT02,CHB01,2ND-BOX-26,Finished product,Second,JALA0-XS,Jumpsuit,Jumpsuit - Teal,XS,173.0,2,JALA01,WAL08
APT02,CHB01,2ND-BOX-26,Finished product,Second,PHAN0-M,Pants,Pants - White,M,173.0,1,PHAN01,NDA08
APT02,CHB01,2ND-BOX-24,Finished product,Second,PJAN1-2XL,Jant,Pants - Blanc,2XL,173.0,1,PJAN11,RAI08
APT02,CHB01,2ND-BOX-26,Finished product,Second,JNAF0-XS,Jumpsuit,Jumpsuit - Vert,XS,173.0,1,JNAF01,ZEE24
APT02,CHB01,2ND-BOX-26,Finished product,Second,DMAI0-S,Dress,Dress - Blanc,S,173.0,1,DMAI01,SOL09
APT02,CHB01,2ND-BOX-24,Finished product,Second,DAMA0-M,Dress,Dress - Noir,M,173.0,1,DAMA01,ABS08
APT02,CHB01,2ND-BOX-20,Finished product,Second,DNUR0-2XL,Dress,Dress - Blu,2XL,173.0,1,DNUR01,BAT08
APT02,CHB01,2ND-BOX-20,Finished product,Second,DNAI0-S-C,Dress,Dress - Vert,S,164.0,1,DNAI01,BEL08
APT02,CHB01,2ND-BOX-20,Finished product,Second,DNAI0-M,Dress,Dress - Gold,M,173.0,1,DNAI01,DHA20
APT02,CHB01,2ND-BOX-26,Finished product,Second,DMAI0-3XL,Dress,Dress - Gold,3XL,173.0,2,DMAI01,FIO08
APT02,CHB01,2ND-BOX-26,Finished product,Second,DMAI0-L,Dress,Dress - Gold,L,173.0,1,DMAI01,FIO08
APT02,CHB01,2ND-BOX-26,Finished product,Second,DMAI0-3XL,Dress,Dress - White,3XL,173.0,2,DMAI01,ZEN08
APT02,CHB01,2ND-BOX-26,Finished product,Second,DMAI0-S,Dress,Dress - White,S,173.0,2,DMAI01,ZEN08
APT02,CHB01,2ND-BOX-26,Finished product,Second,DMAI0-2XL,Dress,Dress - White,2XL,173.0,2,DMAI01,ZEN08
APT02,CHB01,2ND-BOX-26,Finished product,Second,DMAI0-XL,Dress,Dress - White,XL,173.0,3,DMAI01,ZEN08
APT02,CHB01,2ND-BOX-26,Finished product,Second,DMAI0-XS,Dress,Dress - White,XS,173.0,3,DMAI01,ZEN08
APT02,CHB01,2ND-BOX-26,Finished product,Second,DMAI0-3XL,Dress,Dress - Blu,3XL,173.0,1,DMAI01,ARI08
APT02,CHB01,2ND-BOX-26,Finished product,Second,DMAI0-XS,Dress,Dress - Gold,XS,173.0,1,DMAI01,FIO08
APT02,CHB01,2ND-BOX-26,Finished product,Second,DMAI0-XS,Dress,Dress - Blu,XS,173.0,1,DMAI01,ARI08
APT02,CHB01,2ND-BOX-26,Finished product,Second,DMAI0-2XL,Dress,Dress - Gold,2XL,173.0,1,DMAI01,SUT08
APT02,CHB01,2ND-BOX-26,Finished product,Second,DMAI0-M,Dress,Dress - Mustard,M,173.0,1,DMAI01,SOL14
APT02,CHB01,2ND-BOX-26,Finished product,Second,DMAI0-S,Dress,Dress - Mustard,S,173.0,1,DMAI01,SOL14
APT02,CHB01,2ND-BOX-26,Finished product,Second,DMAI0-XS,Dress,Dress - Mustard,XS,173.0,1,DMAI01,JAR08
APT02,CHB01,2ND-BOX-26,Finished product,Second,DMAI0-S,Dress,Dress - Coral,S,173.0,1,DMAI01,SOL18
APT02,CHB01,2ND-BOX-24,Finished product,Second,DOAN0-M,Dress,Dress - Blu,M,173.0,1,DOAN01,ARI08
APT02,CHB01,2ND-BOX-24,Finished product,Second,DOAN0-L,Dress,Dress - Blu,L,173.0,1,DOAN01,ARI08
APT02,CHB01,2ND-BOX-24,Finished product,Second,DNEN0-XL,Dress,Dress - Mustard,XL,173.0,1,DNEN01,ZEE24
APT02,CHB01,2ND-BOX-24,Finished product,Second,DANJ0-XS-C,Dress,Dress - Gold,XS,160.0,1,DANJ01,DHA20
APT02,CHB01,2ND-BOX-24,Finished product,Second,DSAN0-2XL,Dress,Dress - Noir,2XL,173.0,2,DSAN01,ALI08
APT02,CHB01,2ND-BOX-24,Finished product,Second,DUDA0-XS,Dress,Dress - Noir,XS,173.0,1,DUDA01,SOL09
APT02,CHB01,2ND-BOX-24,Finished product,Second,DNAI0-XS-C,Dress,Dress - Fuchsia,XS,163.0,1,DNAI01,ZEE24
APT02,CHB01,2ND-BOX-24,Finished product,Second,DDAL0-M,Dress,Dress - Blu,M,173.0,1,DDAL01,ZAH23
APT02,CHB01,2ND-BOX-24,Finished product,Second,DDAL0-S-C,Dress,Dress - Noir,S,176.0,1,DDAL01,ZEE24
APT02,CHB01,2ND-BOX-24,Finished product,Second,DYAL0-3XL,Dress,Dress - Mustard,3XL,173.0,1,DYAL01,ZEE24
APT02,CHB01,2ND-BOX-24,Finished product,Second,DFAR0-XS,Dress,Dress - Copper,XS,173.0,1,DFAR01,AYE29
APT02,CHB01,2ND-BOX-23,Finished product,Second,KSIR0-M,Kimono,Kimono - Blu,M,173.0,1,KSIR01,ARI08
APT02,CHB01,2ND-BOX-23,Finished product,Second,KSIR0-S,Kimono,Kimono - Rose,S,173.0,1,KSIR01,ABS12
APT02,CHB01,2ND-BOX-24,Finished product,Second,DNEN0-S-C,Dress,Dress - Mustard,S,150.0,1,DNEN01,ZEE24
APT02,CHB01,2ND-BOX-27,Finished product,Second,TFAT0-2XL,Top,Top - Black,2XL,173.0,1,TFAT01,LIN08
APT02,CHB01,2ND-BOX-27,Finished product,Second,TFAT0-3XL,Top,Top - Black,3XL,173.0,3,TFAT01,LIN08
APT02,CHB01,2ND-BOX-27,Finished product,Second,TZAN0-2XL,Top,Top - Cream,2XL,173.0,2,TZAN01,TIL08
APT02,CHB01,2ND-BOX-27,Finished product,Second,TZAN0-XS,Top,Top - Cream,XS,173.0,7,TZAN01,TIL08
APT02,CHB01,2ND-BOX-27,Finished product,Second,TZAN0-S,Top,Top - Cream,S,173.0,4,TZAN01,TIL08
APT02,CHB01,2ND-BOX-27,Finished product,Second,TZAN0-L,Top,Top - Cream,L,173.0,8,TZAN01,TIL08
APT02,CHB01,2ND-BOX-27,Finished product,Second,TAJA0-3XL,Top,Top - Gold,3XL,173.0,1,TAJA01,FIO08
APT02,CHB01,2ND-BOX-46,Finished product,Second,TAID0-3XL,Top,Top - Rust,3XL,173.0,1,TAID01,SOL14
APT02,CHB01,2ND-BOX-27,Finished product,Second,TWAI0-3XL,Top,Top - Teal,3XL,173.0,1,TWAI01,BAO08
APT02,CHB01,2ND-BOX-27,Finished product,Second,TWAI0-2XL,Top,Top - Teal,2XL,173.0,1,TWAI01,BAO08
APT02,CHB01,2ND-BOX-27,Finished product,Second,TSAR0-XS,Top,Top - Navy,XS,173.0,3,TSAR01,COS08
APT02,CHB01,2ND-BOX-27,Finished product,Second,TNAK0-S,Top,Top - Noir,S,173.0,1,TNAK01,HER08
APT02,CHB01,2ND-BOX-27,Finished product,Second,TEVA0-3XL,Top,Top - Gold,3XL,173.0,2,TEVA01,TEX08
APT02,CHB01,2ND-BOX-27,Finished product,Second,TNAK0-XS,Top,Top - Aqua,XS,173.0,1,TNAK01,PLA08
APT02,CHB01,2ND-BOX-27,Finished product,Second,TMOR0-S,Top,Top - (crepe),S,173.0,1,TMOR01,SOL09
APT02,CHB01,2ND-BOX-27,Finished product,Second,TMOR0-XL,Top,Top - (crepe),XL,173.0,1,TMOR01,SOL09
APT02,CHB01,2ND-BOX-27,Finished product,Second,TSAH0-XS,Top,Top - Rust,XS,173.0,2,TSAH01,SOL14
APT02,CHB01,2ND-BOX-27,Finished product,Second,TKIN0-3XL,Top,Top - Blanc,3XL,173.0,1,TKIN01,RAI08
APT02,CHB01,2ND-BOX-27,Finished product,Second,TKIN0-M,Top,Top - Blanc,M,173.0,1,TKIN01,SOL14
APT02,CHB01,2ND-BOX-27,Finished product,Second,TZAN0-S,Top,Top - Noir,S,173.0,1,TZAN01,LUZ08
APT02,CHB01,2ND-BOX-27,Finished product,Second,TSAH1-3XL,Sahel,Top - Teal,3XL,173.0,1,TSAH11,BAO08
APT02,CHB01,2ND-BOX-27,Finished product,Second,TWAI0-M,Top,Top - White,M,173.0,1,TWAI01,NDA08
APT02,CHB01,2ND-BOX-27,Finished product,Second,TINA0-L,Top,Top - Blu,L,173.0,1,TINA01,ZAH23
APT02,CHB01,2ND-BOX-27,Finished product,Second,TWAI0-S,Top,Top - Coral,S,173.0,1,TWAI01,LIN08
APT02,CHB01,2ND-BOX-27,Finished product,Second,TINA0-L,Top,Top - Blu,L,173.0,1,TINA01,SWI08
APT02,CHB01,2ND-BOX-27,Finished product,Second,TLAM0-XL,Top,Top - Vert,XL,173.0,1,TLAM01,PAL08
APT02,CHB01,2ND-BOX-27,Finished product,Second,TRIT0-S,Top,top - Fuchsia,S,173.0,1,TRIT01,ZEE24
APT02,CHB01,2ND-BOX-27,Finished product,Second,XMOU0-S,Headwrap,Headwrap - Navy,S,173.0,1,XMOU01,TAO25
APT02,CHB01,2ND-BOX-27,Finished product,Second,XMOU0-S,Headwrap,Headwrap - Cream,S,173.0,1,XMOU01,GAR08
APT02,CHB01,2ND-BOX-27,Finished product,Second,XMOU0-S,Headwrap,Headwrap - Rose,S,173.0,1,XMOU01,SAL08
APT02,CHB01,2ND-BOX-27,Finished product,Second,XMOU0-S,Headwrap,Headwrap - noir,S,173.0,1,XMOU01,ISL08
APT02,CHB01,2ND-BOX-27,Finished product,Second,XMOU0-S,Headwrap,Headwrap - Rust,S,173.0,1,XMOU01,SCR08
APT02,CHB01,2ND-BOX-27,Finished product,Second,XMOU0-L,Headwrap,Headwrap - Vert,L,173.0,1,XMOU01,PAL08
APT02,CHB01,2ND-BOX-22,Finished product,Second,DMAY0-M,Dress,Dress - Noir,M,173.0,4,DMAY01,SCR08
APT02,CHB01,2ND-BOX-17,Finished product,Second,DMAY0-2XL,Dress,Dress - Noir,2XL,173.0,9,DMAY01,SCR08
APT02,CHB01,2ND-BOX-26,Finished product,Second,DMAY0-S,Dress,Dress - Noir,S,173.0,4,DMAY01,SCR08
APT02,CHB01,2ND-BOX-26,Finished product,Second,DMAY0-L,Dress,Dress - Noir,L,173.0,2,DMAY01,SCR08
APT02,CHB01,2ND-BOX-26,Finished product,Second,DMAY0-XS,Dress,Dress - Noir,XS,173.0,2,DMAY01,SCR08
APT02,CHB01,FST-BOX-25,Finished product,First,DMAI0-XS,Dress,Dress - mustard,XS,173.0,1,DMAI01,SOL14
APT02,CHB01,FST-BOX-25,Finished product,First,DMAI0-S,Dress,Dress - mustard,S,173.0,3,DMAI01,SOL14
APT02,CHB01,FST-BOX-25,Finished product,First,DMAI0-M,Dress,Dress - mustard,M,173.0,5,DMAI01,SOL14
APT02,CHB01,FST-BOX-25,Finished product,First,DMAI0-L,Dress,Dress - mustard,L,173.0,1,DMAI01,SOL14
APT02,CHB01,FST-BOX-25,Finished product,First,DMAI0-XL,Dress,Dress - mustard,XL,173.0,1,DMAI01,SOL14
APT02,CHB01,FST-BOX-25,Finished product,First,DMAI0-2XL,Dress,Dress - mustard,2XL,173.0,1,DMAI01,SOL14
APT02,CHB01,2ND-BOX-48,Finished product,Second,TZAN0-2XL,Top,Top - Cream,2XL,173.0,2,TZAN01,TIL08
APT02,CHB01,2ND-BOX-48,Finished product,Second,TZAN0-3XL,Top,Top - Cream,3XL,173.0,1,TZAN01,TIL08
APT02,CHB01,2ND-BOX-53,Finished product,Second,DFAN0-M,Dress,Dress - Cream,M,173.0,2,DFAN01,TIL08
APT02,CHB01,2ND-BOX-53,Finished product,Second,DFAN0-3XL,Dress,Dress - Cream,3XL,173.0,5,DFAN01,TIL08
APT02,CHB01,2ND-BOX-4,Finished product,Second,PLEE0-XL,Pants,Pants - Black,XL,173.0,11,PLEE01,SOK08
APT02,CHB01,2ND-BOX-4,Finished product,Second,PLEE0-L,Pants,Pants - Cream,L,173.0,1,PLEE01,TIL08
APT02,CHB01,2ND-BOX-50,Finished product,Second,DNUR0-XL,Dress,Dress - Blu,XL,173.0,4,DNUR01,BAT08
APT02,CHB01,2ND-BOX-50,Finished product,Second,DNUR0-2XL,Dress,Dress - Blu,2XL,173.0,5,DNUR01,BAT08
APT02,CHB01,2ND-BOX-50,Finished product,Second,DNUR0-L,Dress,Dress - Blu,L,173.0,2,DNUR01,BAT08
APT02,CHB01,2ND-BOX-50,Finished product,Second,DNUR0-XS,Dress,Dress - Blu,XS,173.0,1,DNUR01,BAT08
APT02,CHB01,2ND-BOX-34,Finished product,Second,DMAR0-XL,Dress,Dress - Blue,XL,173.0,13,DMAR01,GYR08
APT02,CHB01,2ND-BOX-34,Finished product,Second,DMAR0-M,Dress,Dress - Blue,M,173.0,3,DMAR01,GYR08
APT02,CHB01,2ND-BOX-34,Finished product,Second,DMAR0-2XL,Dress,Dress - Blue,2XL,173.0,7,DMAR01,GYR08
APT02,CHB01,2ND-BOX-33,Finished product,Second,DMAI0-XS,Dress,Dress - Gold,XS,173.0,23,DMAI01,SUT08
APT02,CHB01,2ND-BOX-43,Finished product,Second,DMAI0-M,Dress,Dress - Gold,M,173.0,3,DMAI01,SUT08
APT02,CHB01,2ND-BOX-44,Finished product,Second,DMAI0-2XL,Dress,Dress - Gold,2XL,173.0,6,DMAI01,SUT08
APT02,CHB01,2ND-BOX-40,Finished product,Second,DLAL0-3XL,Dress,Dress - Teal,3XL,173.0,2,DLAL01,WAL08
APT02,CHB01,2ND-BOX-40,Finished product,Second,DLAL0-2XL,Dress,Dress - Teal,2XL,173.0,1,DLAL01,WAL08
APT02,CHB01,2ND-BOX-40,Finished product,Second,DLAL0-XS,Dress,Dress - Teal,XS,173.0,1,DLAL01,WAL08
APT02,CHB01,2ND-BOX-40,Finished product,Second,DLAL0-XL,Dress,Dress - Teal,XL,173.0,1,DLAL01,WAL08
APT02,CHB01,2ND-BOX-4,Finished product,Second,PLEE0-3XL,Pants,Pants - Cream,3XL,173.0,4,PLEE01,TIL08
APT02,CHB01,2ND-BOX-32,Finished product,Second,DMAR0-L,Dress,Dress - Blue,L,173.0,5,DMAR01,GYR08
APT02,CHB01,2ND-BOX-43,Finished product,Second,DMAI0-XL,Dress,Dress - Gold,XL,173.0,6,DMAI01,SUT08
APT02,CHB01,2ND-BOX-44,Finished product,Second,DMAI0-3XL,Dress,Dress - Gold,3XL,173.0,3,DMAI01,SUT08
APT02,CHB01,2ND-BOX-33,Finished product,Second,DMAI0-L,Dress,Dress - Gold,L,173.0,21,DMAI01,SUT08
APT02,CHB01,2ND-BOX-38,Finished product,Second,YSEU0-ML,Skirt,Skirt - Teal,ML,173.0,14,YSEU01,BLO08
APT02,CHB01,2ND-BOX-38,Finished product,Second,YSEU0-XSS,Skirt,Skirt - Teal,XSS,173.0,10,YSEU01,BLO08
APT02,CHB01,2ND-BOX-38,Finished product,Second,YSEU0-XL,Skirt,Skirt - Teal,XL,173.0,7,YSEU01,BLO08
APT02,CHB01,2ND-BOX-38,Finished product,Second,YSEU0-3XL,Skirt,Skirt - Teal,3XL,173.0,3,YSEU01,BLO08
APT02,CHB01,2ND-BOX-38,Finished product,Second,YSEU0-2XL,Skirt,Skirt - Teal,2XL,173.0,3,YSEU01,BLO08
APT02,CHB01,2ND-BOX-31,Finished product,Second,DMAR0-2XL,Dress,Dress - Blue,2XL,173.0,19,DMAR01,GYR08
APT02,CHB01,2ND-BOX-31,Finished product,Second,DMAR0-XL,Dress,Dress - Blue,XL,173.0,6,DMAR01,GYR08
APT02,CHB01,2ND-BOX-30,Finished product,Second,KMIN1-2XL,Kimono,Kimono - Yellow,2XL,173.0,20,KMIN11,ANA08
APT02,CHB01,2ND-BOX-30,Finished product,Second,KMIN1-XSS,Kimono,Kimono - Yellow,XSS,173.0,11,KMIN11,ANA08
APT02,CHB01,2ND-BOX-30,Finished product,Second,KMIN1-3XL,Kimono,Kimono - Yellow,3XL,173.0,5,KMIN11,ANA08
APT02,CHB01,2ND-BOX-30,Finished product,Second,KMIN0-2XL,Kimono,Kimono - Noir,2XL,173.0,6,KMIN01,HER08
APT02,CHB01,2ND-BOX-30,Finished product,Second,KMIN0-XL,Kimono,Kimono - Noir,XL,173.0,2,KMIN01,HER08
APT02,CHB01,2ND-BOX-30,Finished product,Second,KMIN0-3XL,Kimono,Kimono - Noir,3XL,173.0,1,KMIN01,HER08
APT02,CHB01,2ND-BOX-30,Finished product,Second,DMAR0-3XL,Dress,Dress - Blue,3XL,173.0,11,DMAR01,GYR08
APT02,CHB01,2ND-BOX-30,Finished product,Second,DMAR0-L,Dress,Dress - Blue,L,173.0,1,DMAR01,GYR08
APT02,CHB01,2ND-BOX-32,Finished product,Second,DMAR0-S,Dress,Dress - Blue,S,173.0,5,DMAR01,GYR08
APT02,CHB01,FST-BOX-25,Finished product,First,PJAN1-XS,Jant,Pants - Blanc,XS,173.0,1,PJAN11,RAI08
APT02,CHB01,2ND-BOX-48,Finished product,Second,DMAR0-2XL,Dress,Dress - Cream,2XL,173.0,9,DMAR01,GAR08
APT02,CHB01,2ND-BOX-48,Finished product,Second,DMAR0-3XL,Dress,Dress - Cream,3XL,173.0,3,DMAR01,GAR08
APT02,CHB01,2ND-BOX-48,Finished product,Second,DMAI0-2XL,Dress,Dress - White,2XL,173.0,5,DMAI01,SIN08
APT02,CHB01,2ND-BOX-48,Finished product,Second,DMAI0-XL,Dress,Dress - White,XL,173.0,12,DMAI01,SIN08
APT02,CHB01,2ND-BOX-48,Finished product,Second,DMAI0-3XL,Dress,Dress - White,3XL,173.0,7,DMAI01,SIN08
APT02,CHB01,2ND-BOX-48,Finished product,Second,DMAI0-XS,Dress,Dress - White,XS,173.0,3,DMAI01,SIN08
APT01,CHA01,ARM01-NIV00,Finished product,First,SRAE0-L,Swimsuit,Swimsuit - Noir,L,,6,SRAE01,ALI03
APT01,CHA01,ARM01-NIV00,Finished product,First,SRAE0-M,Swimsuit,Swimsuit - Noir,M,,1,SRAE01,ALI03
APT01,CHA01,ARM01-NIV01,Finished product,First,SNAB0-S,Swimsuit,Swimsuit - Rose,S,,5,SNAB01,SAL03
APT01,CHA01,ARM01-NIV01,Finished product,First,SNAB0-M,Swimsuit,Swimsuit - Rose,M,,3,SNAB01,SAL03
APT01,CHA01,ARM01-NIV01,Finished product,First,SNAB0-3XL,Swimsuit,Swimsuit - Rose,3XL,,4,SNAB01,SAL03
APT02,CHB01,FST-BOX-25,Finished product,First,PJAN1-S,Jant,Pants - Blanc,S,173.0,2,PJAN11,RAI08
APT02,CHB01,2ND-BOX-30,Finished product,Second,DMAR0-M,Dress,Dress - Blue,M,173.0,2,DMAR01,GYR08
APT02,CHB01,2ND-BOX-30,Finished product,Second,DMAR0-XS,Dress,Dress - Blue,XS,173.0,2,DMAR01,GYR08
APT02,CHB01,2ND-BOX-32,Finished product,Second,DMAR0-XL,Dress,Dress - Blue,XL,173.0,7,DMAR01,GYR08
APT02,CHB01,2ND-BOX-32,Finished product,Second,DMAR0-2XL,Dress,Dress - Blue,2XL,173.0,7,DMAR01,GYR08
APT02,CHB01,2ND-BOX-29,Finished product,Second,YSEU0-ML,Skirt,Skirt - Cream,ML,173.0,20,YSEU01,TIL08
APT02,CHB01,2ND-BOX-29,Finished product,Second,YSEU0-XL,Skirt,Skirt - Cream,XL,173.0,10,YSEU01,TIL08
APT02,CHB01,2ND-BOX-29,Finished product,Second,YSEU0-2XL,Skirt,Skirt - Cream,2XL,173.0,10,YSEU01,TIL08
APT02,CHB01,2ND-BOX-29,Finished product,Second,YSEU0-3XL,Skirt,Skirt - Cream,3XL,173.0,2,YSEU01,TIL08
APT02,CHB01,2ND-BOX-44,Finished product,Second,DMAI0-M,Dress,Dress - Noir,M,173.0,9,DMAI01,HER08
APT02,CHB01,2ND-BOX-44,Finished product,Second,DMAI0-L,Dress,Dress - Noir,L,173.0,2,DMAI01,HER08
APT02,CHB01,2ND-BOX-44,Finished product,Second,DMAI0-XL,Dress,Dress - Noir,XL,173.0,4,DMAI01,HER08
APT02,CHB01,2ND-BOX-44,Finished product,Second,DMAI0-2XL,Dress,Dress - Noir,2XL,173.0,4,DMAI01,HER08
APT02,CHB01,2ND-BOX-44,Finished product,Second,DMAI0-3XL,Dress,Dress - Noir,3XL,173.0,3,DMAI01,HER08
APT02,CHB01,2ND-BOX-41,Finished product,Second,DMAI0-S,Dress,Dress - Gold,S,173.0,8,DMAI01,FIO08
APT02,CHB01,2ND-BOX-41,Finished product,Second,DMAI0-L,Dress,Dress - Gold,L,173.0,20,DMAI01,FIO08
APT02,CHB01,2ND-BOX-41,Finished product,Second,DMAI0-XS,Dress,Dress - Gold,XS,173.0,8,DMAI01,FIO08
APT02,CHB01,2ND-BOX-41,Finished product,Second,DMAI0-M,Dress,Dress - Gold,M,173.0,12,DMAI01,FIO08
APT02,CHB01,2ND-BOX-41,Finished product,Second,DMAI0-XL,Dress,Dress - Gold,XL,173.0,3,DMAI01,FIO08
APT02,CHB01,2ND-BOX-41,Finished product,Second,DMAI0-3XL,Dress,Dress - Gold,3XL,173.0,3,DMAI01,FIO08
APT02,CHB01,2ND-BOX-41,Finished product,Second,DMAI0-2XL,Dress,Dress - Gold,2XL,173.0,7,DMAI01,FIO08
APT02,CHB01,2ND-BOX-27,Finished product,Second,DLAL0-2XL,Dress,Dress - Teal,2XL,173.0,6,DLAL01,WAL08
APT02,CHB01,2ND-BOX-27,Finished product,Second,DLAL0-L,Dress,Dress - Teal,L,173.0,4,DLAL01,WAL08
APT02,CHB01,2ND-BOX-27,Finished product,Second,DLAL0-XL,Dress,Dress - Teal,XL,173.0,9,DLAL01,WAL08
APT02,CHB01,2ND-BOX-27,Finished product,Second,DLAL0-XS,Dress,Dress - Teal,XS,173.0,4,DLAL01,WAL08
APT02,CHB01,2ND-BOX-27,Finished product,Second,DLAL0-3XL,Dress,Dress - Teal,3XL,173.0,3,DLAL01,WAL08
APT02,CHB01,2ND-BOX-27,Finished product,Second,DLAL0-S,Dress,Dress - Teal,S,173.0,4,DLAL01,WAL08
APT02,CHB01,2ND-BOX-27,Finished product,Second,DLAL0-M,Dress,Dress - Teal,M,173.0,1,DLAL01,WAL08
APT02,CHB01,2ND-BOX-36,Finished product,Second,KAWA0-2XL,Kimono,Kimono - Black,2XL,173.0,8,KAWA01,SUT08
APT02,CHB01,2ND-BOX-36,Finished product,Second,KAWA0-3XL,Kimono,Kimono - Black,3XL,173.0,1,KAWA01,SUT08
APT02,CHB01,2ND-BOX-29,Finished product,Second,YSEU0-XSS,Skirt,Skirt - Cream,XSS,173.0,23,YSEU01,TIL08
APT02,CHB01,2ND-BOX-27,Finished product,Second,YSEU0-XSS,Skirt,Skirt - Gold,XSS,173.0,15,YSEU01,FIO08
APT02,CHB01,2ND-BOX-27,Finished product,Second,YSEU0-ML,Skirt,Skirt - Gold,ML,173.0,9,YSEU01,FIO08
APT02,CHB01,2ND-BOX-27,Finished product,Second,YSEU0-3XL,Skirt,Skirt - Gold,3XL,173.0,2,YSEU01,FIO08
APT02,CHB01,2ND-BOX-27,Finished product,Second,YSEU0-2XL,Skirt,Skirt - Gold,2XL,173.0,1,YSEU01,FIO08
APT02,CHB01,2ND-BOX-27,Finished product,Second,YSEU0-2XL,Skirt,Skirt - Noir,2XL,173.0,6,YSEU01,ABS08
APT02,CHB01,2ND-BOX-27,Finished product,Second,YSEU0-XSS,Skirt,Skirt - Noir,XSS,173.0,1,YSEU01,ABS08
APT02,CHB01,2ND-BOX-27,Finished product,Second,YSEU0-XL,Skirt,Skirt - Noir,XL,173.0,2,YSEU01,ABS08
APT02,CHB01,2ND-BOX-27,Finished product,Second,DLAL0-2XL,Dress,Dress - Orange,2XL,173.0,3,DLAL01,ARB08
APT02,CHB01,2ND-BOX-27,Finished product,Second,DLAL0-L,Dress,Dress - Orange,L,173.0,2,DLAL01,ARB08
APT02,CHB01,2ND-BOX-27,Finished product,Second,DLAL0-XS,Dress,Dress - Orange,XS,173.0,2,DLAL01,ARB08
APT02,CHB01,2ND-BOX-27,Finished product,Second,DLAL0-XS,Dress,Dress - Rose,XS,173.0,1,DLAL01,ATO08
APT02,CHB01,2ND-BOX-42,Finished product,Second,DMAI0-XS,Dress,Dress - Gold,XS,173.0,13,DMAI01,FIO08
APT02,CHB01,2ND-BOX-42,Finished product,Second,DMAI0-S,Dress,Dress - Gold,S,173.0,19,DMAI01,FIO08
APT02,CHB01,2ND-BOX-42,Finished product,Second,DMAI0-M,Dress,Dress - Gold,M,173.0,15,DMAI01,FIO08
APT02,CHB01,2ND-BOX-42,Finished product,Second,DMAI0-XL,Dress,Dress - Gold,XL,173.0,4,DMAI01,FIO08
APT02,CHB01,2ND-BOX-36,Finished product,Second,KMIN0-2XL,Kimono,Kimono - Cream,2XL,173.0,13,KMIN01,TIL08
APT02,CHB01,2ND-BOX-36,Finished product,Second,KMIN0-XL,Kimono,Kimono - Cream,XL,173.0,10,KMIN01,TIL08
APT02,CHB01,FST-BOX-24,Finished product,First,DMED0-S,Dress,Dress - Rust,S,173.0,1,DMED01,SCR12
APT02,CHB01,FST-BOX-24,Finished product,First,JUMY0-M,Jumpsuit,Jumpsuit - Copper,M,173.0,1,JUMY01,AYE29
APT02,CHB01,FST-BOX-24,Finished product,First,SAT0--XS,Dress,Dress - Olive,XS,173.0,1,SAT01,AYE29
APT02,CHB01,FST-BOX-24,Finished product,First,DTUB0-3XL,Dress,Dress - Navy,3XL,173.0,1,DTUB01,LUM08
APT02,CHB01,2ND-BOX-38,Finished product,Second,TAID0-2XL,Top,Top - Rust,2XL,173.0,6,TAID01,SOL14
APT02,CHB01,2ND-BOX-38,Finished product,Second,TAID0-3XL,Top,Top - Rust,3XL,173.0,3,TAID01,SOL14
APT02,CHB01,2ND-BOX-35,Finished product,Second,DKON0-3XL,Dress,Dress - Cream,3XL,173.0,10,DKON01,TIL08
APT02,CHB01,2ND-BOX-35,Finished product,Second,DKON0-2XL,Dress,Dress - Cream,2XL,173.0,11,DKON01,TIL08
APT02,CHB01,2ND-BOX-35,Finished product,Second,DKON0-XL,Dress,Dress - Cream,XL,173.0,2,DKON01,TIL08
APT02,CHB01,2ND-BOX-36,Finished product,Second,TLEN0-S,Top,Top - Rust,S,173.0,4,TLEN01,SOL14
APT02,CHB01,2ND-BOX-36,Finished product,Second,TLEN0-L,Top,Top - Rust,L,173.0,1,TLEN01,SOL14
APT02,CHB01,2ND-BOX-36,Finished product,Second,TLEN0-3XL,Top,Top - Rust,3XL,173.0,6,TLEN01,SOL14
APT02,CHB01,2ND-BOX-36,Finished product,Second,TLEN0-XS,Top,Top - Rust,XS,173.0,3,TLEN01,SOL14
APT02,CHB01,2ND-BOX-36,Finished product,Second,TLEN0-XL,Top,Top - Rust,XL,173.0,2,TLEN01,SOL14
APT02,CHB01,2ND-BOX-36,Finished product,Second,TLEN0-2XL,Top,Top - Rust,2XL,173.0,4,TLEN01,SOL14
APT02,CHB01,2ND-BOX-40,Finished product,Second,KAWA0-L,Kimono,Kimono - White,L,173.0,4,KAWA01,ZEN08
APT02,CHB01,2ND-BOX-40,Finished product,Second,KAWA0-XL,Kimono,Kimono - White,XL,173.0,6,KAWA01,ZEN08
APT02,CHB01,2ND-BOX-40,Finished product,Second,KAWA0-2XL,Kimono,Kimono - White,2XL,173.0,1,KAWA01,ZEN08
APT02,CHB01,2ND-BOX-40,Finished product,Second,YLYS0-XS,Skirt,Skirt - Cream,XS,173.0,9,YLYS01,TIL08
APT02,CHB01,2ND-BOX-40,Finished product,Second,YLYS0-2XL,Skirt,Skirt - Cream,2XL,173.0,3,YLYS01,TIL08
APT02,CHB01,2ND-BOX-40,Finished product,Second,YLYS0-3XL,Skirt,Skirt - Cream,3XL,173.0,2,YLYS01,TIL08
APT02,CHB01,2ND-BOX-40,Finished product,Second,YLYS0-XL,Skirt,Skirt - Cream,XL,173.0,2,YLYS01,TIL08
APT02,CHB01,2ND-BOX-40,Finished product,Second,YLYS0-L,Skirt,Skirt - Cream,L,173.0,1,YLYS01,TIL08
APT02,CHB01,2ND-BOX-40,Finished product,Second,YLYS0-M,Skirt,Skirt - Cream,M,173.0,1,YLYS01,TIL08
APT02,CHB01,2ND-BOX-39,Finished product,Second,TZAN0-L,Top,Top - Cream,L,173.0,3,TZAN01,TIL08
APT02,CHB01,2ND-BOX-39,Finished product,Second,TZAN0-3XL,Top,Top - Cream,3XL,173.0,5,TZAN01,TIL08
APT02,CHB01,2ND-BOX-39,Finished product,Second,TZAN0-XS,Top,Top - Cream,XS,173.0,4,TZAN01,TIL08
APT02,CHB01,2ND-BOX-39,Finished product,Second,TZAN0-M,Top,Top - Cream,M,173.0,1,TZAN01,TIL08
APT02,CHB01,2ND-BOX-35,Finished product,Second,DKON0-S,Dress,Dress - Cream,S,173.0,1,DKON01,TIL08
APT02,CHB01,2ND-BOX-39,Finished product,Second,YSEU0-XSS,Skirt,Skirt - Navy,XSS,173.0,8,YSEU01,COS08
APT02,CHB01,2ND-BOX-39,Finished product,Second,YSEU0-ML,Skirt,Skirt - Navy,ML,173.0,1,YSEU01,COS08
APT02,CHB01,2ND-BOX-39,Finished product,Second,YSEU0-XL,Skirt,Skirt - Navy,XL,173.0,5,YSEU01,COS08
APT02,CHB01,2ND-BOX-39,Finished product,Second,YSEU0-3XL,Skirt,Skirt - Navy,3XL,173.0,1,YSEU01,COS08
APT02,CHB01,2ND-BOX-39,Finished product,Second,YSEU0-XSS,Skirt,Skirt - Noir,XSS,173.0,2,YSEU01,HER08
APT02,CHB01,2ND-BOX-39,Finished product,Second,YSEU0-2XL,Skirt,Skirt - Noir,2XL,173.0,2,YSEU01,HER08
APT02,CHB01,2ND-BOX-39,Finished product,Second,YSEU0-3XL,Skirt,Skirt - Noir,3XL,173.0,1,YSEU01,HER08
APT02,CHB01,FST-BOX-23,Finished product,First,DLAL0-L-C,Dress,Dress - Orange,L,171.0,1,DLAL01,ARB08
APT02,CHB01,FST-BOX-23,Finished product,First,DFAR0-L,Dress,Dress - olive,L,173.0,1,DFAR01,ALI08
APT02,CHB01,FST-BOX-23,Finished product,First,DSAT0-XL-C,Dress,Dress - Noir,XL,168.0,1,DSAT01,SIE08
APT02,CHB01,2ND-BOX-28,Finished product,Second,DSAT0-L,Dress,Dress - Vert,L,173.0,3,DSAT01,SAL08
APT02,CHB01,2ND-BOX-28,Finished product,Second,DSAT0-XS,Dress,Dress - Vert,XS,173.0,1,DSAT01,SAL08
APT02,CHB01,2ND-BOX-28,Finished product,Second,DSAT0-M,Dress,Dress - Vert,M,173.0,1,DSAT01,SAL08
APT02,CHB01,2ND-BOX-28,Finished product,Second,DSAT0-XL,Dress,Dress - Vert,XL,173.0,1,DSAT01,SAL08
APT02,CHB01,2ND-BOX-28,Finished product,Second,DSAT0-S,Dress,Dress - Noir,S,173.0,1,DSAT01,SCR08
APT02,CHB01,2ND-BOX-23,Finished product,Second,KMIN0-3XL,Kimono,Kimono - Cream,3XL,173.0,1,KMIN01,ZEN08
APT02,CHB01,2ND-BOX-37,Finished product,Second,PLEE0-XS,Pants,Pants - Cream,XS,173.0,2,PLEE01,ZEN08
APT02,CHB01,2ND-BOX-37,Finished product,Second,PLEE0-M,Pants,Pants - Cream,M,173.0,1,PLEE01,ZEN08
APT02,CHB01,2ND-BOX-37,Finished product,Second,PLEE0-3XL,Pants,Pants - Rose,3XL,173.0,1,PLEE01,ATO08
APT02,CHB01,2ND-BOX-14,Finished product,Second,TSAH1-2XL,Top,Top - Teal,2XL,173.0,4,TSAH11,BAO08
APT02,CHB01,2ND-BOX-14,Finished product,Second,TSAH1-3XL,Top,Top - Teal,3XL,173.0,3,TSAH11,BAO08
APT02,CHB01,2ND-BOX-14,Finished product,Second,TSAH1-L,Top,Top - Teal,L,173.0,1,TSAH11,BAO08
APT02,CHB01,2ND-BOX-39,Finished product,Second,YSEU0-XL,Skirt,Skirt - Gold,XL,173.0,1,YSEU01,FIO08
APT02,CHB01,2ND-BOX-53,Finished product,Second,DOAN0-L,Dress,Dress - Blu,L,173.0,1,DOAN01,ARI08
APT02,CHB01,2ND-BOX-14,Finished product,Second,TEVA0-2XL,Top,Top - Gold,2XL,173.0,8,TEVA01,TEX08
APT02,CHB01,2ND-BOX-37,Finished product,Second,PLEE0-2XL,Pants,Pants - Vert,2XL,173.0,19,PLEE01,SAL08
APT02,CHB01,2ND-BOX-37,Finished product,Second,PLEE0-M,Pants,Pants - Vert,M,173.0,11,PLEE01,SAL08
APT02,CHB01,2ND-BOX-37,Finished product,Second,PLEE0-M-C,Pants,Pants - Vert,M,165.0,1,PLEE01,SAL08
APT02,CHB01,2ND-BOX-37,Finished product,Second,PLEE0-XS,Pants,Pants - Vert,XS,173.0,12,PLEE01,SAL08
APT02,CHB01,2ND-BOX-37,Finished product,Second,PLEE0-S,Pants,Pants - Vert,S,173.0,8,PLEE01,SAL08
APT02,CHB01,2ND-BOX-37,Finished product,Second,PLEE0-L,Pants,Pants - Vert,L,173.0,1,PLEE01,SAL08
APT02,CHB01,2ND-BOX-38,Finished product,Second,PLEE0-3XL,Pants,Pants - Vert,3XL,173.0,7,PLEE01,SAL08
APT02,CHB01,2ND-BOX-38,Finished product,Second,PLEE0-XL,Pants,Pants - Vert,XL,173.0,10,PLEE01,SAL08
APT02,CHB01,2ND-BOX-49,Finished product,Second,DFAN0-XL,Dress,Dress - Vert,XL,173.0,1,DFAN01,SAL08
APT02,CHB01,2ND-BOX-49,Finished product,Second,DFAN0-M,Dress,Dress - Vert,M,173.0,1,DFAN01,SAL08
APT02,CHB01,2ND-BOX-39,Finished product,Second,TREE0-2XL,Top,Top - Vert,2XL,173.0,7,TREE01,SAL08
APT02,CHB01,2ND-BOX-35,Finished product,Second,JUMY0-XS,Jumpsuit,Jumpsuit - Noir,XS,173.0,7,JUMY01,SOL14
APT02,CHB01,FST-BOX-25,Finished product,First,PJAN1-M,Jant,Pants - Blanc,M,173.0,4,PJAN11,RAI08
APT02,CHB01,FST-BOX-25,Finished product,First,PJAN1-L,Jant,Pants - Blanc,L,173.0,2,PJAN11,RAI08
APT02,CHB01,FST-BOX-25,Finished product,First,PJAN1-XL,Jant,Pants - Blanc,XL,173.0,1,PJAN11,RAI08
APT02,CHB01,FST-BOX-25,Finished product,First,KSIR0-M,Kimono,Kimono - Noir,M,173.0,1,KSIR01,ISL12
APT02,CHB01,FST-BOX-25,Finished product,First,KSIR0-2XL,Kimono,Kimono - Noir,2XL,173.0,1,KSIR01,ISL12
APT02,CHB01,2ND-BOX-4,Finished product,Second,PLEE0-L,Pants,Pants - Rose,L,173.0,1,PLEE01,ATO08
APT02,CHB01,FST-BOX-25,Finished product,First,DMAR0-XL,Dress,Dress - Forest,XL,173.0,2,DMAR01,AYE29
APT02,CHB01,FST-BOX-25,Finished product,First,DMAI0-S,Dress,Dress - Olive,S,173.0,10,DMAI01,SOL14
APT02,CHB01,FST-BOX-25,Finished product,First,DMAI0-M,Dress,Dress - Olive,M,173.0,11,DMAI01,SOL14
APT02,CHB01,FST-BOX-25,Finished product,First,DMAI0-L,Dress,Dress - Olive,L,173.0,4,DMAI01,SOL14
APT02,CHB01,FST-BOX-25,Finished product,First,DMAI0-XL,Dress,Dress - Olive,XL,173.0,2,DMAI01,SOL14
APT02,CHB01,FST-BOX-23,Finished product,First,PHAN0-XL,Pants,Pants - Olive,XL,173.0,1,PHAN01,AYE29
APT02,CHB01,2ND-BOX-44,Finished product,Second,DNUR0-3XL,Dress,Dress - Blu,3XL,173.0,5,DNUR01,BAT08
APT02,CHB01,2ND-BOX-44,Finished product,Second,DNUR0-2XL,Dress,Dress - Blu,2XL,173.0,1,DNUR01,BAT08
APT02,CHB01,2ND-BOX-44,Finished product,Second,DNUR0-M,Dress,Dress - Blu,M,173.0,1,DNUR01,BAT08
APT02,CHB01,2ND-BOX-47,Finished product,Second,DLAL0-M,Dress,Dress - Gold,M,173.0,12,DLAL01,SUT08
APT02,CHB01,2ND-BOX-47,Finished product,Second,DLAL0-XS,Dress,Dress - Gold,XS,173.0,3,DLAL01,SUT08
APT02,CHB01,2ND-BOX-47,Finished product,Second,DLAL0-XL,Dress,Dress - Gold,XL,173.0,3,DLAL01,SUT08
APT02,CHB01,2ND-BOX-47,Finished product,Second,DLAL0-2XL,Dress,Dress - Gold,2XL,173.0,3,DLAL01,SUT08
APT02,CHB01,2ND-BOX-47,Finished product,Second,DLAL0-3XL,Dress,Dress - Gold,3XL,173.0,2,DLAL01,SUT08
APT02,CHB01,2ND-BOX-47,Finished product,Second,DLAL0-S,Dress,Dress - Gold,S,173.0,4,DLAL01,SUT08
APT02,CHB01,2ND-BOX-46,Finished product,Second,TSAH0-2XL,Top,Top - rust,2XL,173.0,1,TSAH01,SOL14
APT02,CHB01,2ND-BOX-46,Finished product,Second,DDAL0-XS,Dress,Dress - Fuchsia,XS,173.0,1,DDAL01,ZEE24
APT02,CHB01,2ND-BOX-46,Finished product,Second,KSIR0-2XL,Kimono,Kimono - Noir,2XL,173.0,1,KSIR01,ISL12
APT02,CHB01,2ND-BOX-46,Finished product,Second,DDIA0-XSS,Dress,Dress - Cream,XSS,173.0,1,DDIA01,SOL14
APT02,CHB01,2ND-BOX-46,Finished product,Second,TWAI0-XL,Top,Top - Blanc,XL,173.0,1,TWAI01,SOL16
APT02,CHB01,FST-BOX-24,Finished product,First,JUMY0-XS,Jumpsuit,Jumpsuit - Noir,XS,173.0,2,JUMY01,TUK08
APT02,CHB01,FST-BOX-24,Finished product,First,JUMY0-S,Jumpsuit,Jumpsuit - Noir,S,173.0,3,JUMY01,TUK08
APT02,CHB01,FST-BOX-24,Finished product,First,JUMY0-M,Jumpsuit,Jumpsuit - Noir,M,173.0,4,JUMY01,TUK08
APT02,CHB01,FST-BOX-24,Finished product,First,JUMY0-L,Jumpsuit,Jumpsuit - Noir,L,173.0,2,JUMY01,TUK08
APT02,CHB01,FST-BOX-24,Finished product,First,JUMY0-XL,Jumpsuit,Jumpsuit - Noir,XL,173.0,1,JUMY01,TUK08
APT02,CHB01,2ND-BOX-46,Finished product,Second,PLEE0-S,Pants,Pants - Black,S,173.0,1,PLEE01,SUT08
APT02,CHB01,2ND-BOX-46,Finished product,Second,PLEE1-XS,Pants,Pants - Black,XS,173.0,1,PLEE11,LIN08
APT02,CHB01,2ND-BOX-46,Finished product,Second,DKUD0-3XL,Dress,Dress - Rose,3XL,173.0,1,DKUD01,BAT08
APT02,CHB01,2ND-BOX-46,Finished product,Second,JALA0-S,Jumpsuit,Jumpsuit - Teal,S,173.0,1,JALA01,SOL14
APT02,CHB01,2ND-BOX-46,Finished product,Second,TLEN0-3XL,Top,Top - Cream,3XL,173.0,1,TLEN01,SOL14
APT02,CHB01,2ND-BOX-46,Finished product,Second,PHAN0-XS,Pants,Pants - Vert,XS,173.0,1,PHAN01,ZEE24
APT02,CHB01,2ND-BOX-46,Finished product,Second,DGNO0-M,Dress,Dress - Azul,M,173.0,1,DGNO01,LIN08
APT02,CHB01,2ND-BOX-46,Finished product,Second,JUMY1-XS,Jumpsuit,Jumpsuit - White,XS,173.0,1,JUMY11,SIN08
APT02,CHB01,2ND-BOX-46,Finished product,Second,KMIN0-2XL,Kimono,Kimono - Cream,2XL,173.0,1,KMIN01,TIL08
APT02,CHB01,2ND-BOX-46,Finished product,Second,DLAL0-XS,Dress,Dress - Teal,XS,173.0,1,DLAL01,WAL08
APT02,CHB01,2ND-BOX-46,Finished product,Second,DCOU1-XSS,Dress,Dress - Black,XSS,173.0,1,DCOU11,GUD08
APT02,CHB01,FST-BOX-24,Finished product,First,DSAT0-XS,Dress,Dress - Blue,XS,173.0,6,DSAT01,GYR08
APT02,CHB01,FST-BOX-24,Finished product,First,DSAT0-S,Dress,Dress - Blue,S,173.0,4,DSAT01,GYR08
APT02,CHB01,FST-BOX-24,Finished product,First,DSAT0-M,Dress,Dress - Blue,M,173.0,7,DSAT01,GYR08
APT02,CHB01,FST-BOX-24,Finished product,First,DSAT0-L,Dress,Dress - Blue,L,173.0,9,DSAT01,GYR08
APT02,CHB01,FST-BOX-24,Finished product,First,DSAT0-XL,Dress,Dress - Blue,XL,173.0,9,DSAT01,GYR08
APT02,CHB01,FST-BOX-24,Finished product,First,DSAT0-2XL,Dress,Dress - Blue,2XL,173.0,1,DSAT01,GYR08
APT02,CHB01,FST-BOX-24,Finished product,First,DSAT0-3XL,Dress,Dress - Blue,3XL,173.0,2,DSAT01,GYR08
APT02,CHB01,2ND-BOX-45,Finished product,Second,YSEU0-XSS,Skirt,Skirt - Cream,XSS,173.0,2,YSEU01,ZEN08
APT02,CHB01,2ND-BOX-20,Finished product,Second,YSEU0-XL,Skirt,Skirt - Aqua,XL,173.0,1,YSEU01,PLA08
APT02,CHB01,2ND-BOX-20,Finished product,Second,YSEU0-2XL,Skirt,Skirt - Rose,2XL,173.0,3,YSEU01,ATO08
APT02,CHB01,2ND-BOX-45,Finished product,Second,YSEU0-2XL,Skirt,Skirt - Rose,2XL,173.0,2,YSEU01,BLO08
APT02,CHB01,2ND-BOX-20,Finished product,Second,YSEU0-3XL,Skirt,Skirt - Gold,3XL,173.0,2,YSEU01,FIO08
APT02,CHB01,2ND-BOX-20,Finished product,Second,YSEU0-XL,Skirt,Skirt - Navy,XL,173.0,2,YSEU01,COS08
APT02,CHB01,FST-BOX-26,Finished product,First,OAMY1-OS,Poncho,Poncho - Black,OS,173.0,1,OAMY11,SOK08
APT02,CHB01,FST-BOX-26,Finished product,First,DDAL0-XS,Dress,Dress - Gold,XS,173.0,1,DDAL01,DHA20
APT02,CHB01,FST-BOX-26,Finished product,First,DSAT0-S,Dress,Dress - Noir,S,173.0,2,DSAT01,SIE08
APT02,CHB01,FST-BOX-26,Finished product,First,DSAT0-M,Dress,Dress - Noir,M,173.0,2,DSAT01,SIE08
APT02,CHB01,FST-BOX-26,Finished product,First,DSAT0-L,Dress,Dress - Noir,L,173.0,1,DSAT01,SIE08
APT02,CHB01,FST-BOX-26,Finished product,First,DSAT0-L,Dress,Dress - Teal,L,173.0,1,DSAT01,ZEE24
APT02,CHB01,2ND-BOX-46,Finished product,Second,DMAI0-M,Dress,Dress - Gold,M,173.0,1,DMAI01,FIO08
APT02,CHB01,2ND-BOX-46,Finished product,Second,DOAN0-XS,Dress,Dress - Blu,XS,173.0,1,DOAN01,ARI08
APT02,CHB01,2ND-BOX-46,Finished product,Second,DSAT0-M,Dress,Dress - Blu,M,173.0,1,DSAT01,COS08
APT02,CHB01,2ND-BOX-46,Finished product,Second,DMAI0-XS,Dress,Dress - Mustard,XS,173.0,1,DMAI01,SOL14
APT02,CHB01,2ND-BOX-46,Finished product,Second,TFAT0-2XL,Top,Top - Black,2XL,173.0,1,TFAT01,LIN08
APT02,CHB01,2ND-BOX-46,Finished product,Second,TZAN0-XS,Top,top - Noir,XS,173.0,1,TZAN01,HER08
APT02,CHB01,2ND-BOX-46,Finished product,Second,PJAN0-M,Pants,Pants - Vert,M,173.0,1,PJAN01,ZEE24
APT02,CHB01,2ND-BOX-46,Finished product,Second,DFAR0-XS,Dress,Dress - Vert,XS,173.0,1,DFAR01,ZEE24
APT02,CHB01,2ND-BOX-46,Finished product,Second,PFEK0-S,Shorts,Shorts - Black,S,173.0,1,PFEK01,LIN08
APT02,CHB01,2ND-BOX-49,Finished product,Second,DTUN0-2XL,Dress,Dress - White,2XL,173.0,5,DTUN01,SIN08
APT02,CHB01,2ND-BOX-49,Finished product,Second,DAMA0-2XL,Dress,Dress - Noir,2XL,173.0,3,DAMA01,ISL08
APT02,CHB01,2ND-BOX-49,Finished product,Second,DAMA0-3XL,Dress,Dress - Noir,3XL,173.0,1,DAMA01,ISL08
APT02,CHB01,2ND-BOX-49,Finished product,Second,KMIN0-XL,Kimono,Kimono - Gold,XL,173.0,4,KMIN01,SUT08
APT02,CHB01,2ND-BOX-49,Finished product,Second,KMIN0-2XL,Kimono,Kimono - Gold,2XL,173.0,3,KMIN01,SUT08
APT02,CHB01,2ND-BOX-49,Finished product,Second,KMIN0-3XL,Kimono,Kimono - Vert,3XL,173.0,5,KMIN01,SAL08
APT02,CHB01,2ND-BOX-49,Finished product,Second,DMAI0-XS,Dress,Dress - Rose,XS,173.0,3,DMAI01,BLO08
APT02,CHB01,2ND-BOX-49,Finished product,Second,DMAI0-S,Dress,Dress - Rose,S,173.0,2,DMAI01,BLO08
APT02,CHB01,2ND-BOX-49,Finished product,Second,DMAI0-M,Dress,Dress - Rose,M,173.0,1,DMAI01,BLO08
APT02,CHB01,2ND-BOX-49,Finished product,Second,DMAI0-2XL,Dress,Dress - Cream,2XL,173.0,1,DMAI01,ZEN08
APT02,CHB01,2ND-BOX-49,Finished product,Second,TFAT0-2XL,Top,Top - Black,2XL,173.0,2,TFAT01,LIN08
APT02,CHB01,2ND-BOX-49,Finished product,Second,TWAI0-2XL,Top,Top - Blanc,2XL,173.0,1,TWAI01,SOL16
APT02,CHB01,2ND-BOX-49,Finished product,Second,TWAI0-3XL,Top,Top - Blanc,3XL,173.0,1,TWAI01,SOL16
APT02,CHB01,2ND-BOX-49,Finished product,Second,KSIR0-3XL,Kimono,Kimono - Noir,3XL,173.0,2,KSIR01,ISL12
APT02,CHB01,2ND-BOX-49,Finished product,Second,DAMA0-3XL,Dress,Dress - Rust,3XL,173.0,1,DAMA01,SUT08
APT02,CHB01,2ND-BOX-49,Finished product,Second,TMOR0-XS,Top,Top - Navy,XS,173.0,1,TMOR01,SOL14
APT02,CHB01,2ND-BOX-49,Finished product,Second,TNAK0-3XL,Top,Top - Noir,3XL,173.0,1,TNAK01,HER08
APT02,CHB01,2ND-BOX-49,Finished product,Second,PJAN0-3XL,Pants,Pants - Noir,3XL,173.0,2,PJAN01,ISL08
APT02,CHB01,2ND-BOX-49,Finished product,Second,DMAI0-XS,Dress,Dress - Mustard,XS,173.0,1,DMAI01,SOL14
APT02,CHB01,2ND-BOX-49,Finished product,Second,DKUD0-2XL,Dress,Dress - rust,2XL,173.0,1,DKUD01,SOL14
APT02,CHB01,2ND-BOX-49,Finished product,Second,KMIN0-2XL,Kimono,Kimono - Teal,2XL,173.0,1,KMIN01,BLO08
APT02,CHB01,2ND-BOX-49,Finished product,Second,SNAB0-3XL,Swimsuit,Swimsuit - Rust,3XL,,1,SNAB01,SCR03
APT02,CHB01,2ND-BOX-49,Finished product,Second,SNAB0-2XL,Swimsuit,Swimsuit - Vert,2XL,,1,SNAB01,GAR03
APT02,CHB01,FST-BOX-26,Finished product,First,DSAT0-XS,Dress,Dress - Gold,XS,173.0,1,DSAT01,TEX08
APT02,CHB01,FST-BOX-26,Finished product,First,DSAT0-S,Dress,Dress - Gold,S,173.0,1,DSAT01,TEX08
APT02,CHB01,FST-BOX-26,Finished product,First,DSAT0-M,Dress,Dress - Gold,M,173.0,2,DSAT01,TEX08
APT02,CHB01,FST-BOX-26,Finished product,First,DSAT0-L,Dress,Dress - Gold,L,173.0,2,DSAT01,TEX08
APT02,CHB01,FST-BOX-26,Finished product,First,DSAT0-XL,Dress,Dress - Gold,XL,173.0,7,DSAT01,TEX08
APT02,CHB01,FST-BOX-26,Finished product,First,DSAT0-2XL,Dress,Dress - Gold,2XL,173.0,1,DSAT01,TEX08
APT02,CHB01,FST-BOX-26,Finished product,First,DSAT0-3XL,Dress,Dress - Gold,3XL,173.0,2,DSAT01,TEX08
APT02,CHB01,FST-BOX-26,Finished product,First,DRAM0-M,Dress,Dress - Blanc,M,173.0,1,DRAM01,BAN27
APT01,CHA01,ARM01-NIV02,Finished product,First,SAYL0-S,Swimsuit,Swimsuit - Noir,S,,4,SAYL01,LAV03
APT01,CHA01,ARM01-NIV02,Finished product,First,SAYL0-M,Swimsuit,Swimsuit - Noir,M,,6,SAYL01,LAV03
APT01,CHA01,ARM01-NIV02,Finished product,First,SAYL0-L,Swimsuit,Swimsuit - Noir,L,,4,SAYL01,LAV03
APT01,CHA01,ARM01-NIV02,Finished product,First,SDIO0-3XL,Swimsuit,Swimsuit - Blu,3XL,,3,SDIO01,BAT03
APT01,CHA01,ARM01-NIV02,Finished product,First,SNAB0-2XL,Swimsuit,Swimsuit - Blu,2XL,,1,SNAB01,BAT03
APT01,CHA01,ARM01-NIV02,Finished product,First,SNAB0-3XL,Swimsuit,Swimsuit - Blu,3XL,,1,SNAB01,BAT03
APT01,CHA01,ARM01-NIV03,Finished product,First,SIDY0-L,Swimsuit,Swimsuit - Noir,L,,1,SIDY01,ISL03
APT01,CHA01,ARM01-NIV03,Finished product,First,SNAB0-S,Swimsuit,Swimsuit - Rose,S,,3,SNAB01,ATO03
APT01,CHA01,ARM01-NIV03,Finished product,First,SNAB0-L,Swimsuit,Swimsuit - Rose,L,,2,SNAB01,ATO03
APT01,CHA01,ARM01-NIV04,Finished product,First,SDIO0-S,Swimsuit,Swimsuit - Rose,S,,5,SDIO01,JAR03
APT01,CHA01,ARM01-NIV04,Finished product,First,SDIO0-M,Swimsuit,Swimsuit - Rose,M,,3,SDIO01,JAR03
APT01,CHA01,ARM01-NIV04,Finished product,First,SDIO0-L,Swimsuit,Swimsuit - Rose,L,,4,SDIO01,JAR03
APT01,CHA01,ARM01-NIV04,Finished product,First,SDIO0-XL,Swimsuit,Swimsuit - Rose,XL,,1,SDIO01,JAR03
APT01,CHA01,ARM01-NIV04,Finished product,First,SDIO0-2XL,Swimsuit,Swimsuit - Rose,2XL,,2,SDIO01,JAR03
APT01,CHA01,ARM01-NIV04,Finished product,First,SDIO0-3XL,Swimsuit,Swimsuit - Rose,3XL,,3,SDIO01,JAR03
APT01,CHA01,ARM01-NIV04,Finished product,First,SLEI0-S,Swimsuit,Swimsuit - Rose,S,,6,SLEI01,JAR03
APT01,CHA01,ARM01-NIV04,Finished product,First,SLEI0-2XL,Swimsuit,Swimsuit - Rose,2XL,,2,SLEI01,JAR03
APT01,CHA01,ARM01-NIV04,Finished product,First,SLEI0-3XL,Swimsuit,Swimsuit - Rose,3XL,,2,SLEI01,JAR03
APT01,CHA01,ARM01-NIV04,Finished product,First,SNAB0-S,Swimsuit,Swimsuit - Rose,S,,4,SNAB01,JAR03
APT01,CHA01,ARM01-NIV04,Finished product,First,SNAB0-M,Swimsuit,Swimsuit - Rose,M,,6,SNAB01,JAR03
APT01,CHA01,ARM01-NIV04,Finished product,First,SNAB0-L,Swimsuit,Swimsuit - Rose,L,,3,SNAB01,JAR03
APT02,CHB01,2ND-BOX-50,Finished product,Second,DSAT0-XL,Dress,Dress - Vert,XL,173.0,24,DSAT01,SAL08
APT02,CHB01,2ND-BOX-50,Finished product,Second,DSAT0-S,Dress,Dress - Vert,S,173.0,19,DSAT01,SAL08
APT02,CHB01,2ND-BOX-50,Finished product,Second,DSAT0-L,Dress,Dress - Vert,L,173.0,2,DSAT01,SAL08
APT02,CHB01,2ND-BOX-50,Finished product,Second,DSAT0-XS,Dress,Dress - Vert,XS,173.0,13,DSAT01,SAL08
APT01,CHA01,ARM01-NIV04,Finished product,First,SNAB0-2XL,Swimsuit,Swimsuit - Rose,2XL,,2,SNAB01,JAR03
APT01,CHA01,ARM01-NIV04,Finished product,First,SNAB0-3XL,Swimsuit,Swimsuit - Rose,3XL,,3,SNAB01,JAR03
APT01,CHA01,ARM02-NIV00,Finished product,First,SNAB0-3XL,Swimsuit,Swimsuit - Noir,3XL,,3,SNAB01,HER03
APT01,CHA01,ARM02-NIV00,Finished product,First,SNIA0-S,Swimsuit,Swimsuit - Rose,S,,4,SNIA01,ABS03
APT01,CHA01,ARM02-NIV00,Finished product,First,SNIA0-M,Swimsuit,Swimsuit - Rose,M,,3,SNIA01,ABS03
APT01,CHA01,ARM02-NIV00,Finished product,First,SNIA0-L,Swimsuit,Swimsuit - Rose,L,,3,SNIA01,ABS03
APT01,CHA01,ARM02-NIV00,Finished product,First,SNIA0-2XL,Swimsuit,Swimsuit - Rose,2XL,,5,SNIA01,ABS03
APT01,CHA01,ARM02-NIV00,Finished product,First,SNYR0-S,Swimsuit,Swimsuit - Navy,S,,3,SNYR01,RAZ03
APT01,CHA01,ARM02-NIV00,Finished product,First,SNYR0-L,Swimsuit,Swimsuit - Navy,L,,1,SNYR01,RAZ03
APT02,CHB01,2ND-BOX-50,Finished product,Second,DSAT0-3XL,Dress,Dress - Vert,3XL,173.0,4,DSAT01,SAL08
APT02,CHB01,2ND-BOX-51,Finished product,Second,DSAT0-2XL,Dress,Dress - Vert,2XL,173.0,19,DSAT01,SAL08
APT02,CHB01,2ND-BOX-51,Finished product,Second,DSAT0-XL,Dress,Dress - Noir,XL,173.0,3,DSAT01,SCR08
APT02,CHB01,2ND-BOX-51,Finished product,Second,DMAI0-S,Dress,Dress - Gold,S,173.0,8,DMAI01,SUT08
APT02,CHB01,FST-BOX-25,Finished product,First,DDAL0-2XL,Dress,Dress - Blu,2XL,173.0,1,DDAL01,ZAH23
APT02,CHB01,2ND-BOX-51,Finished product,Second,DFAN0-S,Dress,Dress - Cream,S,173.0,1,DFAN01,TIL08
APT02,CHB01,2ND-BOX-51,Finished product,Second,DFAN0-XS,Dress,Dress - Cream,XS,173.0,1,DFAN01,TIL08
APT02,CHB01,2ND-BOX-51,Finished product,Second,KMIN0-XL,Kimono,Kimono - Vert,XL,173.0,1,KMIN01,SAL08
APT02,CHB01,2ND-BOX-51,Finished product,Second,KBOU0-OS,Kimono,Kimono - Teal,OS,173.0,1,KBOU01,BWA08
APT02,CHB01,2ND-BOX-51,Finished product,Second,DYAL0-S,Dress,Dress - Teal,S,173.0,1,DYAL01,BLO08
APT02,CHB01,2ND-BOX-51,Finished product,Second,KMIN0-2XL,Kimono,Kimono - Noir,2XL,173.0,1,KMIN01,HER08
APT02,CHB01,2ND-BOX-51,Finished product,Second,TZAN0-XS,Top,top - Cream,XS,173.0,1,TZAN01,TIL08
APT02,CHB01,2ND-BOX-51,Finished product,Second,YSEU0-XSS,Skirt,Skirt - Cream,XSS,173.0,1,YSEU01,TIL08
APT02,CHB01,2ND-BOX-52,Finished product,Second,DMAI0-XL,Dress,Dress - White,XL,173.0,14,DMAI01,SIN08
APT02,CHB01,2ND-BOX-52,Finished product,Second,DLAL0-XL,Dress,Dress - Gold,XL,173.0,1,DLAL01,SUT08
APT02,CHB01,2ND-BOX-52,Finished product,Second,DLAL0-L,Dress,Dress - Gold,L,173.0,3,DLAL01,SUT08
APT02,CHB01,FST-BOX-27,Finished product,First,DMAI0-M,Dress,Dress - Coral,M,173.0,18,DMAI01,SOL18
APT02,CHB01,FST-BOX-27,Finished product,First,DMAI0-L,Dress,Dress - Coral,L,173.0,6,DMAI01,SOL18
APT02,CHB01,FST-BOX-27,Finished product,First,DMAI0-XL,Dress,Dress - Coral,XL,173.0,2,DMAI01,SOL18
APT02,CHB01,FST-BOX-27,Finished product,First,DMAI0-S,Dress,Dress - Coral,S,173.0,12,DMAI01,SOL18
APT02,CHB01,FST-BOX-27,Finished product,First,DMAI0-XS,Dress,Dress - Coral,XS,173.0,3,DMAI01,SOL18
APT02,CHB01,FST-BOX-27,Finished product,First,DMAI0-2XL,Dress,Dress - Coral,2XL,173.0,1,DMAI01,SOL18
APT01,CHA01,ARM02-NIV01,Finished product,First,SDIO0-S,Swimsuit,Swimsuit - Rose,S,,4,SDIO01,BLO03
APT01,CHA01,ARM02-NIV01,Finished product,First,SDIO0-M,Swimsuit,Swimsuit - Rose,M,,3,SDIO01,BLO03
APT01,CHA01,ARM02-NIV01,Finished product,First,SDIO0-L,Swimsuit,Swimsuit - Rose,L,,9,SDIO01,BLO03
APT01,CHA01,ARM02-NIV01,Finished product,First,SDIO0-XL,Swimsuit,Swimsuit - Rose,XL,,1,SDIO01,BLO03
APT01,CHA01,ARM02-NIV01,Finished product,First,SDIO0-2XL,Swimsuit,Swimsuit - Rose,2XL,,1,SDIO01,BLO03
APT01,CHA01,ARM02-NIV01,Finished product,First,SDIO0-3XL,Swimsuit,Swimsuit - Rose,3XL,,3,SDIO01,BLO03
APT01,CHA01,ARM02-NIV01,Finished product,First,SNAB0-S,Swimsuit,Swimsuit - Rose,S,,5,SNAB01,BLO03
APT01,CHA01,ARM02-NIV01,Finished product,First,SNAB0-L,Swimsuit,Swimsuit - Rose,L,,2,SNAB01,BLO03
APT01,CHA01,ARM02-NIV01,Finished product,First,SNAB0-2XL,Swimsuit,Swimsuit - Rose,2XL,,2,SNAB01,BLO03
APT01,CHA01,ARM02-NIV01,Finished product,First,SNAB0-3XL,Swimsuit,Swimsuit - Rose,3XL,,3,SNAB01,BLO03
APT01,CHA01,ARM02-NIV01,Finished product,First,SLEI0-S,Swimsuit,Swimsuit - Rose,S,,5,SLEI01,BLO03
APT01,CHA01,ARM02-NIV01,Finished product,First,SLEI0-M,Swimsuit,Swimsuit - Rose,M,,5,SLEI01,BLO03
APT01,CHA01,ARM02-NIV01,Finished product,First,SLEI0-L,Swimsuit,Swimsuit - Rose,L,,1,SLEI01,BLO03
APT01,CHA01,ARM02-NIV01,Finished product,First,SLEI0-2XL,Swimsuit,Swimsuit - Rose,2XL,,2,SLEI01,BLO03
APT01,CHA01,ARM02-NIV01,Finished product,First,SLEI0-3XL,Swimsuit,Swimsuit - Rose,3XL,,1,SLEI01,BLO03
APT01,CHA01,ARM02-NIV02,Finished product,First,SIDY0-3XL,Swimsuit,Swimsuit - Rose,3XL,,3,SIDY01,BAT03
APT01,CHA01,ARM02-NIV02,Finished product,First,SINF0-S,Swimsuit,Swimsuit - Blu,S,,4,SINF01,SWI03
APT01,CHA01,ARM02-NIV02,Finished product,First,SINF0-M,Swimsuit,Swimsuit - Blu,M,,5,SINF01,SWI03
APT01,CHA01,ARM02-NIV02,Finished product,First,SLEI0-L,Swimsuit,Swimsuit - Teal,L,,5,SLEI01,BLO03
APT01,CHA01,ARM02-NIV02,Finished product,First,SLEI0-2XL,Swimsuit,Swimsuit - Teal,2XL,,1,SLEI01,BLO03
APT01,CHA01,ARM02-NIV02,Finished product,First,SLEI0-3XL,Swimsuit,Swimsuit - Teal,3XL,,2,SLEI01,BLO03
APT01,CHA01,ARM02-NIV03,Finished product,First,SNAB0-L,Swimsuit,Swimsuit - Mustard,L,,8,SNAB01,JAR03
APT01,CHA01,ARM02-NIV03,Finished product,First,SNAB0-M,Swimsuit,Swimsuit - Mustard,M,,4,SNAB01,JAR03
APT01,CHA01,ARM02-NIV03,Finished product,First,SNAB0-3XL,Swimsuit,Swimsuit - Mustard,3XL,,1,SNAB01,JAR03
APT01,CHA01,ARM02-NIV03,Finished product,First,SMAA0-L,Swimsuit,Swimsuit - Noir,L,,10,SMAA01,HER03
APT02,CHB01,2ND-BOX-52,Finished product,Second,DMAR0-L,Dress,Dress - Blu,L,173.0,1,DMAR01,GYR08
APT02,CHB01,2ND-BOX-52,Finished product,Second,DMAR0-M,Dress,Dress - Blu,M,173.0,1,DMAR01,GYR08
APT02,CHB01,2ND-BOX-52,Finished product,Second,DMAR0-2XL,Dress,Dress - Blu,2XL,173.0,1,DMAR01,GYR08
APT02,CHB01,2ND-BOX-52,Finished product,Second,PLEE0-XL,Pants,Pants - Gold,XL,173.0,1,PLEE01,DHA20
APT02,CHB01,2ND-BOX-52,Finished product,Second,DMAY0-L,Dress,Dress - Gold,L,173.0,1,DMAY01,FIO08
APT02,CHB01,2ND-BOX-52,Finished product,Second,SINF0-L,Swimsuit,Swimsuit - Blu,L,,1,SINF01,SWI03
APT02,CHB01,2ND-BOX-52,Finished product,Second,SINF0-M,Swimsuit,Swimsuit - Blu,M,,1,SINF01,SWI03
APT02,CHB01,2ND-BOX-52,Finished product,Second,SNAB0-S,Swimsuit,Swimsuit - Rose,S,,1,SNAB01,BLO03
APT02,CHB01,2ND-BOX-52,Finished product,Second,SNAB0-L,Swimsuit,Swimsuit - Rose,L,,2,SNAB01,BLO03
APT02,CHB01,2ND-BOX-52,Finished product,Second,SAYL0-L,Swimsuit,Swimsuit - Noir,L,,1,SAYL01,LAV03
APT02,CHB01,2ND-BOX-52,Finished product,Second,SAYL0-M,Swimsuit,Swimsuit - Noir,M,,1,SAYL01,LAV03
APT02,CHB01,2ND-BOX-52,Finished product,Second,SIDY0-L,Swimsuit,Swimsuit - Noir,L,,1,SIDY01,ISL03
APT02,CHB01,2ND-BOX-51,Finished product,Second,KSIR0-S,Kimono,Kimono - Blu,S,,1,KSIR01,BAT08
APT02,CHB01,2ND-BOX-51,Finished product,Second,DMAI0-L,Dress,Dress - Gold,L,,1,DMAI01,FIO08
APT02,CHB01,2ND-BOX-51,Finished product,Second,DMAI0-S,Dress,Dress - Gold,S,,1,DMAI01,FIO08
APT01,CHA01,ARM02-NIV03,Finished product,First,SMAA0-M,Swimsuit,Swimsuit - Noir,M,,10,SMAA01,HER03
APT01,CHA01,ARM02-NIV03,Finished product,First,SMAA0-S,Swimsuit,Swimsuit - Noir,S,,10,SMAA01,HER03
APT01,CHA01,ARM02-NIV03,Finished product,First,SMAA0-XL,Swimsuit,Swimsuit - Noir,XL,,3,SMAA01,HER03
APT01,CHA01,ARM02-NIV04,Finished product,First,SARA0-M,Swimsuit,Swimsuit - Orange,M,,10,SARA01,BEL03
APT01,CHA01,ARM02-NIV04,Finished product,First,SARA0-S,Swimsuit,Swimsuit - Orange,S,,10,SARA01,BEL03
APT01,CHA01,ARM02-NIV04,Finished product,First,SARA0-L,Swimsuit,Swimsuit - Orange,L,,5,SARA01,BEL03
APT01,CHA01,ARM02-NIV04,Finished product,First,SAYL0-S,Swimsuit,Swimsuit - Orange,S,,6,SAYL01,BEL03
APT01,CHA01,ARM02-NIV04,Finished product,First,SAYL0-M,Swimsuit,Swimsuit - Orange,M,,2,SAYL01,BEL03
APT01,CHA01,ARM02-NIV04,Finished product,First,SAYL0-2XL,Swimsuit,Swimsuit - Orange,2XL,,4,SAYL01,BEL03
APT01,CHA01,ARM02-NIV04,Finished product,First,SNAB0-L,Swimsuit,Swimsuit - Blue,L,,10,SNAB01,KAI03
APT01,CHA01,ARM02-NIV04,Finished product,First,SNAB0-M,Swimsuit,Swimsuit - Blue,M,,4,SNAB01,KAI03
APT01,CHA01,ARM02-NIV04,Finished product,First,SNAB0-S,Swimsuit,Swimsuit - Blue,S,,16,SNAB01,KAI03
APT01,CHA01,ARM03-NIV00,Finished product,First,SIDY0-L,Swimsuit,Swimsuit - Aqua,L,,9,SIDY01,PLA03
APT01,CHA01,ARM03-NIV00,Finished product,First,SIDY0-S,Swimsuit,Swimsuit - Aqua,S,,2,SIDY01,PLA03
APT01,CHA01,ARM03-NIV00,Finished product,First,SLEI0-M,Swimsuit,Swimsuit - Aqua,M,,4,SLEI01,PLA03
APT01,CHA01,ARM03-NIV00,Finished product,First,SLEI0-S,Swimsuit,Swimsuit - Aqua,S,,2,SLEI01,PLA03
APT01,CHA01,ARM03-NIV00,Finished product,First,SNAB0-L,Swimsuit,Swimsuit - Aqua,L,,6,SNAB01,PLA03
APT02,CHB01,FST-BOX-27,Finished product,First,DSAT0-XS,Dress,Dress - Noir,XS,173.0,3,DSAT01,SCR08
APT02,CHB01,FST-BOX-27,Finished product,First,DSAT0-S,Dress,Dress - Noir,S,173.0,3,DSAT01,SCR08
APT02,CHB01,FST-BOX-27,Finished product,First,DSAT0-M,Dress,Dress - Noir,M,173.0,2,DSAT01,SCR08
APT02,CHB01,FST-BOX-27,Finished product,First,DSAT0-L,Dress,Dress - Noir,L,173.0,1,DSAT01,SCR08
APT02,CHB01,FST-BOX-27,Finished product,First,DSAT0-XL,Dress,Dress - Noir,XL,173.0,4,DSAT01,SCR08
APT02,CHB01,FST-BOX-27,Finished product,First,DSAT0-2XL,Dress,Dress - Noir,2XL,173.0,1,DSAT01,SCR08
APT02,CHB01,FST-BOX-28,Finished product,First,DMAI0-XS,Dress,Dress - Cream,XS,173.0,1,DMAI01,SOL14
APT02,CHB01,FST-BOX-28,Finished product,First,DMAI0-S,Dress,Dress - Cream,S,173.0,12,DMAI01,SOL14
APT02,CHB01,FST-BOX-28,Finished product,First,DMAI0-M,Dress,Dress - Cream,M,173.0,16,DMAI01,SOL14
APT02,CHB01,FST-BOX-28,Finished product,First,DMAI0-L,Dress,Dress - Cream,L,173.0,4,DMAI01,SOL14
APT02,CHB01,FST-BOX-28,Finished product,First,DMAI0-XL,Dress,Dress - Cream,XL,173.0,2,DMAI01,SOL14
APT02,CHB01,FST-BOX-28,Finished product,First,DMAI0-2XL,Dress,Dress - Cream,2XL,173.0,1,DMAI01,SOL14
APT02,CHB01,FST-BOX-28,Finished product,First,DMAI0-3XL,Dress,Dress - Cream,3XL,173.0,1,DMAI01,SOL14
APT01,CHA01,ARM03-NIV02,Finished product,First,SAYL0-M,Swimsuit,Swimsuit - Vert,M,,8,SAYL01,BEL03
APT01,CHA01,ARM03-NIV02,Finished product,First,SAYL0-L,Swimsuit,Swimsuit - Vert,L,,6,SAYL01,BEL03
APT01,CHA01,ARM03-NIV02,Finished product,First,SAYL0-S,Swimsuit,Swimsuit - Vert,S,,9,SAYL01,BEL03
APT01,CHA01,ARM03-NIV02,Finished product,First,SAYL0-2XL,Swimsuit,Swimsuit - Vert,2XL,,4,SAYL01,BEL03
APT01,CHA01,ARM03-NIV02,Finished product,First,SDIO0-S,Swimsuit,Swimsuit - Orange,S,,3,SDIO01,ARB03
APT01,CHA01,ARM03-NIV02,Finished product,First,SDIO0-3XL,Swimsuit,Swimsuit - Orange,3XL,,2,SDIO01,ARB03
APT01,CHA01,ARM03-NIV03,Finished product,First,SCAY0-L,Swimsuit,Swimsuit - Blu,L,,5,SCAY01,ARI03
APT01,CHA01,ARM03-NIV03,Finished product,First,SCAY0-M,Swimsuit,Swimsuit - Blu,M,,3,SCAY01,ARI03
APT01,CHA01,ARM03-NIV03,Finished product,First,SCAY0-S,Swimsuit,Swimsuit - Blu,S,,3,SCAY01,ARI03
APT01,CHA01,ARM03-NIV03,Finished product,First,SLEI0-L,Swimsuit,Swimsuit - Blu,L,,5,SLEI01,ARI03
APT01,CHA01,ARM03-NIV03,Finished product,First,SLEI0-S,Swimsuit,Swimsuit - Blu,S,,4,SLEI01,ARI03
APT01,CHA01,ARM03-NIV03,Finished product,First,SINF0-S,Swimsuit,Swimsuit - blue,S,,3,SINF01,SOL03
APT01,CHA01,ARM03-NIV04,Finished product,First,SAYL0-S,Swimsuit,Swimsuit - Vert,S,,5,SAYL01,NAR03
APT01,CHA01,ARM03-NIV04,Finished product,First,SAYL0-L,Swimsuit,Swimsuit - Vert,L,,7,SAYL01,NAR03
APT01,CHA01,ARM03-NIV04,Finished product,First,SAYL0-M,Swimsuit,Swimsuit - Vert,M,,7,SAYL01,NAR03
APT01,CHA01,ARM03-NIV04,Finished product,First,SAYL0-2XL,Swimsuit,Swimsuit - Vert,2XL,,5,SAYL01,NAR03
APT01,CHA01,ARM03-NIV04,Finished product,First,SAYL0-XL,Swimsuit,Swimsuit - Vert,XL,,4,SAYL01,NAR03
APT01,CHA01,ARM03-NIV04,Finished product,First,SARA0-M,Swimsuit,Swimsuit - Vert,M,,9,SARA01,NAR03
APT01,CHA01,ARM03-NIV04,Finished product,First,SARA0-S,Swimsuit,Swimsuit - Vert,S,,9,SARA01,NAR03
APT01,CHA01,ARM03-NIV04,Finished product,First,SARA0-L,Swimsuit,Swimsuit - Vert,L,,2,SARA01,NAR03
APT01,CHA01,ARM03-NIV01,Finished product,First,SNIA0-2XL,Swimsuit,Swimsuit - Vert,2XL,,5,SNIA01,NAR03
APT01,CHA01,ARM03-NIV01,Finished product,First,SNIA0-XL,Swimsuit,Swimsuit - Vert,XL,,3,SNIA01,NAR03
APT01,CHA01,ARM03-NIV01,Finished product,First,SNIA0-S,Swimsuit,Swimsuit - Vert,S,,5,SNIA01,NAR03
APT01,CHA01,ARM03-NIV01,Finished product,First,SNIA0-L,Swimsuit,Swimsuit - Vert,L,,6,SNIA01,NAR03
APT01,CHA01,ARM03-NIV01,Finished product,First,SNIA0-M,Swimsuit,Swimsuit - Vert,M,,1,SNIA01,NAR03
APT02,CHB01,2ND-BOX-53,Finished product,Second,PLEE0-S,Pants,Pants - Gold,S,173.0,5,PLEE01,SUT08
APT02,CHB01,2ND-BOX-53,Finished product,Second,PLEE0-M,Pants,Pants - Gold,M,173.0,2,PLEE01,SUT08
APT02,CHB01,2ND-BOX-53,Finished product,Second,PLEE0-XS,Pants,Pants - Gold,XS,173.0,2,PLEE01,SUT08
APT02,CHB01,2ND-BOX-53,Finished product,Second,PLEE0-2XL,Pants,Pants - Gold,2XL,173.0,2,PLEE01,SUT08
APT02,CHB01,2ND-BOX-53,Finished product,Second,PLEE0-L,Pants,Pants - Teal,L,173.0,3,PLEE01,BLO08
APT02,CHB01,2ND-BOX-53,Finished product,Second,PLEE0-M,Pants,Pants - Teal,M,173.0,1,PLEE01,BLO08
APT02,CHB01,2ND-BOX-53,Finished product,Second,PLEE0-3XL,Pants,Pants - Teal,3XL,173.0,1,PLEE01,BLO08
APT02,CHB01,2ND-BOX-53,Finished product,Second,PLEE0-S,Pants,Pants - Teal,S,173.0,1,PLEE01,BLO08
APT02,CHB01,2ND-BOX-53,Finished product,Second,PLEE0-XS,Pants,Pants - Teal,XS,173.0,1,PLEE01,BLO08
APT02,CHB01,2ND-BOX-53,Finished product,Second,PLEE0-M,Pants,Pants - Cream,M,173.0,2,PLEE01,TIL08
APT02,CHB01,2ND-BOX-53,Finished product,Second,PLEE0-S,Pants,Pants - Cream,S,173.0,1,PLEE01,TIL08
APT02,CHB01,2ND-BOX-53,Finished product,Second,PLEE0-XS,Pants,Pants - Cream,XS,173.0,1,PLEE01,TIL08
APT02,CHB01,2ND-BOX-53,Finished product,Second,PLEE0-2XL,Pants,Pants - Noir,2XL,173.0,2,PLEE01,HER08
APT02,CHB01,2ND-BOX-53,Finished product,Second,PLEE0-L,Pants,Pants - Vert,L,173.0,1,PLEE01,SAL08
APT02,CHB01,2ND-BOX-53,Finished product,Second,PLEE0-XS,Pants,Pants - Vert,XS,173.0,1,PLEE01,SAL08
APT02,CHB01,2ND-BOX-53,Finished product,Second,PLEE0-XL,Pants,pants - Noir,XL,173.0,1,PLEE01,SOL14
APT02,CHB01,2ND-BOX-53,Finished product,Second,PLEE0-XS,Pants,pants - Noir,XS,173.0,1,PLEE01,SOL14
APT02,CHB01,2ND-BOX-52,Finished product,Second,TZAN0-L,Top,top - Cream,L,173.0,1,TZAN01,TIL08
APT02,CHB01,2ND-BOX-52,Finished product,Second,TZAN0-S,Top,top - Blu,S,173.0,1,TZAN01,LAV08
APT02,CHB01,2ND-BOX-52,Finished product,Second,DSAT0-S,Dress,Dress - Noir,S,173.0,1,DSAT01,LAV08
APT02,CHB01,2ND-BOX-53,Finished product,Second,PLEE0-XS,Pants,Pants - Rust,XS,173.0,1,PLEE01,SUT08
APT02,CHB01,2ND-BOX-52,Finished product,Second,KMIN0-ML,Kimono,Kimono - Noir,ML,173.0,1,KMIN01,HER08
APT02,CHB01,2ND-BOX-52,Finished product,Second,KMIN0-2XL,Kimono,Kimono - Noir,2XL,173.0,1,KMIN01,HER08
APT02,CHB01,2ND-BOX-53,Finished product,Second,JUMY0-XS,Jumpsuit,Jumpsuit - Noir,XS,173.0,5,JUMY01,TUK08
APT02,CHB01,2ND-BOX-53,Finished product,Second,JUMY0-2XL,Jumpsuit,Jumpsuit - Noir,2XL,173.0,1,JUMY01,TUK08
APT02,CHB01,2ND-BOX-53,Finished product,Second,DMAY0-XS-C,Dress,Dress - Blanc,XS,183.0,1,DMAY01,SOL14
APT02,CHB01,2ND-BOX-53,Finished product,Second,DSAT0-2XL,Dress,Dress - Navy,2XL,173.0,1,DSAT01,SOL14
APT02,CHB01,2ND-BOX-53,Finished product,Second,KAWA0-XS,Kimono,Kimono - Mustard,XS,173.0,1,KAWA01,JAR08
APT02,CHB01,2ND-BOX-53,Finished product,Second,KAWA0-L,Kimono,Kimono - White,L,173.0,1,KAWA01,ZEN08
APT02,CHB01,2ND-BOX-53,Finished product,Second,DMAI0-S,Dress,Dress - White,S,173.0,1,DMAI01,ZEN08
APT02,CHB01,2ND-BOX-53,Finished product,Second,DLAL0-XL,Dress,Dress - Gold,XL,173.0,1,DLAL01,SUT08
APT02,CHB01,2ND-BOX-53,Finished product,Second,DMAD0-XL,Dress,Dress - Rust,XL,173.0,1,DMAD01,SCR12
APT02,CHB01,2ND-BOX-53,Finished product,Second,XMOU0-S,Headwrap,Headwrap - Teal,S,,1,XMOU01,BLO08
APT02,CHB01,2ND-BOX-53,Finished product,Second,XMOU0-S,Headwrap,Headwrap - Gold,S,,2,XMOU01,SUT08
APT02,CHB01,2ND-BOX-53,Finished product,Second,XMOU0-S,Headwrap,Headwrap - Blanc,S,,3,XMOU01,ARP08
APT02,CHB01,2ND-BOX-53,Finished product,Second,XMOU0-S,Headwrap,Headwrap - Rose,S,,1,XMOU01,BLO08
APT02,CHB01,2ND-BOX-53,Finished product,Second,XMOU0-S,Headwrap,Headwrap - Noir,S,,1,XMOU01,SCR08
APT02,CHB01,2ND-BOX-53,Finished product,Second,XMOU0-S,Headwrap,Headwrap - Noir,S,,1,XMOU01,IMA08
APT02,CHB01,2ND-BOX-53,Finished product,Second,XMOU0-S,Headwrap,Headwrap - Blu,S,,1,XMOU01,SUT08
APT02,CHB01,2ND-BOX-53,Finished product,Second,XMOU0-S,Headwrap,Headwrap - Red,S,,1,XMOU01,ZAR08
APT02,CHB01,2ND-BOX-53,Finished product,Second,XMOU0-S,Headwrap,Headwrap - Noir,S,,2,XMOU01,ISL08
APT02,CHB01,2ND-BOX-53,Finished product,Second,XMOU0-S,Headwrap,Headwrap - Mustard,S,,2,XMOU01,JAR08
APT02,CHB01,2ND-BOX-53,Finished product,Second,XMOU0-S,Headwrap,Headwrap - Blu,S,,1,XMOU01,ARI08
APT02,CHB01,2ND-BOX-53,Finished product,Second,XMOU0-S,Headwrap,Headwrap - Vert,S,,1,XMOU01,SAL08
APT02,CHB01,2ND-BOX-53,Finished product,Second,XMOU0-S,Headwrap,Headwrap - Noir,S,,1,XMOU01,TUK08
APT02,CHB01,2ND-BOX-53,Finished product,Second,XMOU0-S,Headwrap,Headwrap - Orange,S,,1,XMOU01,PAL08
APT02,CHB01,2ND-BOX-53,Finished product,Second,XMOU0-S,Headwrap,Headwrap - Olive,S,,1,XMOU01,AYE29
APT02,CHB01,2ND-BOX-53,Finished product,Second,XMOU0-S,Headwrap,Headwrap - Rose,S,,1,XMOU01,ABS08
APT02,CHB01,2ND-BOX-53,Finished product,Second,XMOU0-S,Headwrap,Headwrap - Rust,S,,1,XMOU01,DHA20
APT02,CHB01,2ND-BOX-54,Finished product,Second,DSAT0-M,Dress,Dress - Blu,M,173.0,1,DSAT01,SUT08
APT02,CHB01,2ND-BOX-52,Finished product,Second,DSAT0-S-C,Dress,Dress - Noir,S,158.0,1,DSAT01,LAV08
APT02,CHB01,2ND-BOX-54,Finished product,Second,JKAI0-S,Jumpsuit,Jumpsuit - Rose,S,173.0,1,JKAI01,ATO08
APT02,CHB01,2ND-BOX-54,Finished product,Second,DSAT0-M-C,Dress,Dress - Rose,M,176.0,1,DSAT01,ATO08
APT02,CHB01,2ND-BOX-54,Finished product,Second,DSAT0-XS,Dress,Dress - Blu,XS,173.0,2,DSAT01,COS08
APT02,CHB01,2ND-BOX-54,Finished product,Second,DSAT0-M-C,Dress,Dress - Vert,M,158.0,1,DSAT01,SAL08
APT02,CHB01,2ND-BOX-54,Finished product,Second,PLEE1-3XL,Pants,Pants - Black,3XL,173.0,1,PLEE11,LIN08
APT02,CHB01,2ND-BOX-54,Finished product,Second,DSAT0-3XL,Dress,Dress - Orange,3XL,173.0,1,DSAT01,PAL08
APT02,CHB01,2ND-BOX-54,Finished product,Second,DSAT0-S,Dress,Dress - Vert,S,173.0,1,DSAT01,SAL08
APT02,CHB01,2ND-BOX-54,Finished product,Second,DMAI0-XS,Dress,Dress - Gold,XS,173.0,1,DMAI01,FIO08
APT02,CHB01,2ND-BOX-54,Finished product,Second,DMAI0-XL,Dress,Dress - Gold,XL,173.0,1,DMAI01,FIO08
APT02,CHB01,2ND-BOX-54,Finished product,Second,DMAI0-2XL,Dress,Dress - Mustard,2XL,173.0,2,DMAI01,JAR08
APT02,CHB01,2ND-BOX-54,Finished product,Second,DMAI0-2XL,Dress,Dress - Gold,2XL,173.0,1,DMAI01,SUT08
APT02,CHB01,2ND-BOX-54,Finished product,Second,DMAI0-,Dress,Dress - Mustard,,173.0,1,DMAI01,SOL14
APT02,CHB01,2ND-BOX-54,Finished product,Second,DMAI0-S,Dress,Dress - Olive,S,173.0,1,DMAI01,AYE29
APT02,CHB01,2ND-BOX-54,Finished product,Second,DDAL0-2XL,Dress,Dress - Orange,2XL,173.0,1,DDAL01,BAL22
APT02,CHB01,2ND-BOX-54,Finished product,Second,DNAI0-M,Dress,Dress - Noir,M,173.0,1,DNAI01,LAV08
APT02,CHB01,2ND-BOX-54,Finished product,Second,TSAH1-L,Top,Top - Teal,L,173.0,1,TSAH11,BAO08
APT02,CHB01,2ND-BOX-54,Finished product,Second,TNAK0-XS,Top,Top - Cream,XS,173.0,1,TNAK01,SOL14
APT02,CHB01,2ND-BOX-54,Finished product,Second,DLAL0-XS,Dress,Dress - Gold,XS,173.0,1,DLAL01,SUT08
APT02,CHB01,2ND-BOX-54,Finished product,Second,PLEE0-3XL,Pants,Pants - Gold,3XL,173.0,1,PLEE01,SUT08
APT02,CHB01,2ND-BOX-54,Finished product,Second,PLEE0-XL,Pants,Pants - Noir,XL,173.0,1,PLEE01,SOL14
APT02,CHB01,2ND-BOX-54,Finished product,Second,TLEN0-2XL,Top,Top - Rust,2XL,173.0,1,TLEN01,SOL14
APT02,CHB01,2ND-BOX-54,Finished product,Second,PLEE0-XL,Pants,Pants - Rust,XL,173.0,1,PLEE01,SOL14
APT02,CHB01,2ND-BOX-54,Finished product,Second,PLEE0-XS,Pants,Pants - Cream,XS,173.0,1,PLEE01,SOL14
APT02,CHB01,2ND-BOX-54,Finished product,Second,PLEE0-S,Pants,Pants - Gold,S,173.0,1,PLEE01,DHA20
APT02,CHB01,2ND-BOX-54,Finished product,Second,TWAI0-3XL,Top,Top - Blanc,3XL,173.0,1,TWAI01,SOL16
APT02,CHB01,2ND-BOX-54,Finished product,Second,DSAT0-L,Dress,Dress - Vert,L,173.0,1,DSAT01,SAL08
APT02,CHB01,2ND-BOX-54,Finished product,Second,DDAL0-S,Dress,Dress - Vert,S,173.0,1,DDAL01,ZEE24
APT02,CHB01,2ND-BOX-54,Finished product,Second,DNAI0-XL,Dress,Dress - Mustard,XL,173.0,1,DNAI01,ZEE24
APT02,CHB01,2ND-BOX-54,Finished product,Second,TFAT0-2XL,Top,Top - Black,2XL,173.0,1,TFAT01,LIN08
APT02,CHB01,2ND-BOX-54,Finished product,Second,PJAN0-S,Pants,Pants - Noir,S,173.0,1,PJAN01,ISL08
APT02,CHB01,2ND-BOX-54,Finished product,Second,PJAN0-XS,Pants,Pants - Vert,XS,173.0,1,PJAN01,PAL08
APT02,CHB01,2ND-BOX-54,Finished product,Second,PJAN0-M,Pants,Pants - Blu,M,173.0,1,PJAN01,FRO08
APT02,CHB01,2ND-BOX-54,Finished product,Second,TRIT0-XS,Top,Top - Noir,XS,173.0,1,TRIT01,ALI08
APT02,CHB01,FST-BOX-29,Finished product,First,DMAI0-S,Dress,Dress - Navy,S,173.0,8,DMAI01,SOL14
APT02,CHB01,FST-BOX-29,Finished product,First,DMAI0-M,Dress,Dress - Navy,M,173.0,14,DMAI01,SOL14
APT02,CHB01,FST-BOX-29,Finished product,First,DMAI0-L,Dress,Dress - Navy,L,173.0,5,DMAI01,SOL14
APT02,CHB01,FST-BOX-29,Finished product,First,DMAI0-2XL,Dress,Dress - Navy,2XL,173.0,1,DMAI01,SOL14
APT02,CHB01,FST-BOX-29,Finished product,First,DMAI0-3XL,Dress,Dress - Navy,3XL,173.0,1,DMAI01,SOL14
APT02,CHB01,FST-BOX-30,Finished product,First,DMAI0-XS,Dress,Dress - Rust,XS,173.0,2,DMAI01,SOL14
APT02,CHB01,FST-BOX-30,Finished product,First,DMAI0-S,Dress,Dress - Rust,S,173.0,8,DMAI01,SOL14
APT02,CHB01,FST-BOX-30,Finished product,First,DMAI0-M,Dress,Dress - Rust,M,173.0,14,DMAI01,SOL14
APT02,CHB01,FST-BOX-30,Finished product,First,DMAI0-L,Dress,Dress - Rust,L,173.0,4,DMAI01,SOL14
APT02,CHB01,FST-BOX-30,Finished product,First,DMAI0-XL,Dress,Dress - Rust,XL,173.0,1,DMAI01,SOL14
APT02,CHB01,FST-BOX-30,Finished product,First,DMAI0-2XL,Dress,Dress - Rust,2XL,173.0,1,DMAI01,SOL14
APT02,CHB01,FST-BOX-30,Finished product,First,DMAI0-3XL,Dress,Dress - Rust,3XL,173.0,1,DMAI01,SOL14
APT02,CHB01,FST-BOX-23,Finished product,First,DTUB0-S-C,Dress,Dress - Blu,S,165.0,1,DTUB01,SKY08
APT02,CHB01,FST-BOX-30,Finished product,First,DMAI0-XS,Dress,Dress - Mustard,XS,173.0,1,DMAI01,SOL14
APT02,CHB01,FST-BOX-30,Finished product,First,DMAI0-S,Dress,Dress - Mustard,S,173.0,12,DMAI01,SOL14
APT02,CHB01,FST-BOX-30,Finished product,First,DMAI0-M,Dress,Dress - Mustard,M,173.0,14,DMAI01,SOL14
APT02,CHB01,FST-BOX-28,Finished product,First,DMAI0-L,Dress,Dress - Mustard,L,173.0,5,DMAI01,SOL14
APT02,CHB01,FST-BOX-28,Finished product,First,DMAI0-XL,Dress,Dress - Mustard,XL,173.0,2,DMAI01,SOL14
APT02,CHB01,FST-BOX-28,Finished product,First,DMAI0-2XL,Dress,Dress - Mustard,2XL,173.0,1,DMAI01,SOL14
APT02,CHB01,FST-BOX-28,Finished product,First,DMAI0-3XL,Dress,Dress - Mustard,3XL,173.0,1,DMAI01,SOL14
APT02,CHB01,2ND-BOX-30,Finished product,Second,DMAR0-S,Dress,Dress - Blue,S,173.0,1,DMAR01,GYR08
APT02,CHB01,2ND-BOX-40,Finished product,Second,DMAY0-2XL-C,Dress,Dress - Gold,2XL,160.0,1,DMAY01,FIO08
APT02,CHB01,2ND-BOX-12,Finished product,Second,DMAY0-2XL-C,Dress,Dress - Gold,2XL,165.0,20,DMAY01,FIO08
APT02,CHB01,2ND-BOX-46,Finished product,Second,XMOU0-S,Headwrap,Headwrap - Blu,S,173.0,1,XMOU01,COS08
APT02,CHB01,2ND-BOX-46,Finished product,Second,KSIR0-XS,Kimono,Kimono - Aqua,XS,173.0,1,KSIR01,PLA12
APT02,CHB01,2ND-BOX-53,Finished product,Second,DMED0-XL,Dress,Dress - Rust,XL,173.0,1,DMED01,SCR12
APT02,CHB01,FST-BOX-12,Finished product,First,OWRA1-OS,Cape,Cape - Blue,OS,173.0,1,OWRA11,SOL17
APT02,CHB01,FST-BOX-8,Finished product,First,OWRA1-OS,Cape,Cape - Blue,OS,173.0,2,OWRA11,SOL17
APT02,CHB01,FST-BOX-21,Finished product,First,OAMY1-OS,Poncho,Poncho - Teal,OS,173.0,1,OAMY11,BAO08
APT02,CHB01,FST-BOX-21,Finished product,First,OWRA1-OS,Cape,Cape - Blue,OS,173.0,1,OWRA11,SOL17
APT02,CHB01,FST-BOX-20,Finished product,First,DSAT0-XL,Dress,Dress - Navy,XL,173.0,10,DSAT01,SOL14
APT02,CHB01,FST-BOX-20,Finished product,First,DSAT0-3XL,Dress,Dress - Navy,3XL,173.0,2,DSAT01,SOL14
APT02,CHB01,FST-BOX-20,Finished product,First,DSAT0-M,Dress,Dress - Navy,M,173.0,1,DSAT01,SOL14
APT02,CHB01,2ND-BOX-36,Finished product,Second,KMIN0-3XL,Kimono,Kimono - Cream,3XL,173.0,6,KMIN01,TIL08
APT02,CHB01,2ND-BOX-44,Finished product,Second,DMAI0-2XL,Dress,Dress - White,2XL,173.0,3,DMAI01,ZEN08
APT02,CHB01,2ND-BOX-44,Finished product,Second,DMAI0-S,Dress,Dress - White,S,173.0,1,DMAI01,ZEN08
APT02,CHB01,2ND-BOX-44,Finished product,Second,DMAI0-XL,Dress,Dress - White,XL,173.0,1,DMAI01,ZEN08
APT02,CHB01,2ND-BOX-44,Finished product,Second,DMAI0-3XL,Dress,Dress - White,3XL,173.0,2,DMAI01,ZEN08
APT02,CHB01,2ND-BOX-30,Finished product,Second,DLAL0-L,Dress,Dress - Gold,L,173.0,20,DLAL01,SUT08
APT02,CHB01,2ND-BOX-43,Finished product,Second,DMAY0-XL,Dress,Dress - Gold,XL,173.0,21,DMAY01,FIO08
APT02,CHB01,2ND-BOX-47,Finished product,Second,DMAY0-L,Dress,Dress - Gold,L,173.0,15,DMAY01,FIO08
APT02,CHB01,2ND-BOX-47,Finished product,Second,DMAY0-M,Dress,Dress - Gold,M,173.0,10,DMAY01,FIO08
APT02,CHB01,2ND-BOX-47,Finished product,Second,DMAY0-2XL,Dress,Dress - Gold,2XL,173.0,9,DMAY01,TEX08
APT02,CHB01,2ND-BOX-33,Finished product,Second,DMAI0-3XL,Dress,Dress - Gold,3XL,173.0,1,DMAI01,SUT08
APT02,CHB01,2ND-BOX-33,Finished product,Second,DMAI0-2XL,Dress,Dress - Gold,2XL,173.0,1,DMAI01,SUT08
APT02,CHB01,2ND-BOX-33,Finished product,Second,DMAI0-S,Dress,Dress - Gold,S,173.0,1,DMAI01,SUT08
APT02,CHB01,2ND-BOX-33,Finished product,Second,DMAI0-M,Dress,Dress - Gold,M,173.0,1,DMAI01,SUT08
APT02,CHB01,2ND-BOX-33,Finished product,Second,DMAI0-XL,Dress,Dress - Gold,XL,173.0,1,DMAI01,SUT08
APT02,CHB01,2ND-BOX-53,Finished product,Second,DFAN0-S,Dress,Dress - Cream,S,173.0,6,DFAN01,TIL08
APT02,CHB01,2ND-BOX-53,Finished product,Second,DFAN0-L,Dress,Dress - Cream,L,173.0,1,DFAN01,TIL08
APT02,CHB01,2ND-BOX-3,Finished product,Second,DMAY0-XS,Dress,Dress - Gold,XS,173.0,7,DMAY01,TEX08
APT02,CHB01,2ND-BOX-3,Finished product,Second,DMAY0-XL,Dress,Dress - Gold,XL,173.0,1,DMAY01,TEX08
APT02,CHB01,2ND-BOX-3,Finished product,Second,DMAY0-S,Dress,Dress - Gold,S,173.0,2,DMAY01,TEX08
APT02,CHB01,2ND-BOX-3,Finished product,Second,DMAY0-3XL,Dress,Dress - Gold,3XL,173.0,2,DMAY01,TEX08
APT02,CHB01,2ND-BOX-3,Finished product,Second,DMAY0-L,Dress,Dress - Gold,L,173.0,2,DMAY01,TEX08
APT02,CHB01,2ND-BOX-14,Finished product,Second,TSAH1-XL,Top,Top - Teal,XL,173.0,7,TSAH11,BAO08
APT02,CHB01,2ND-BOX-14,Finished product,Second,TEVA0-S,Top,Top - Gold,S,173.0,4,TEVA01,TEX08
APT02,CHB01,2ND-BOX-53,Finished product,Second,DFAN0-XS,Dress,Dress - Cream,XS,173.0,5,DFAN01,TIL08
APT02,CHB01,2ND-BOX-53,Finished product,Second,DFAN0-XL,Dress,Dress - Cream,XL,173.0,9,DFAN01,TIL08
APT02,CHB01,2ND-BOX-39,Finished product,Second,TZAN0-2XL,Top,Top - Cream,2XL,173.0,3,TZAN01,TIL08
APT02,CHB01,2ND-BOX-11,Finished product,Second,DSAT0-M,Dress,Dress - Teal,M,173.0,1,DSAT01,BLO08
APT02,CHB01,FST-BOX-25,Finished product,First,PJAN0-XS,Pants,Pants - Navy,XS,173.0,1,PJAN01,ULA08
APT02,CHB01,FST-BOX-25,Finished product,First,PLEE0-M,Pants,Pants - Ivory,M,173.0,10,PLEE01,LUZ08
APT02,CHB01,FST-BOX-25,Finished product,First,PLEE0-L,Pants,Pants - Ivory,L,173.0,6,PLEE01,LUZ08
APT02,CHB01,2ND-BOX-16,Finished product,Second,PLEE1-2XL,Pants,Pants - Black,2XL,173.0,2,PLEE11,LIN08
APT02,CHB01,FST-BOX-20,Finished product,First,PLEE0-XS,Pants,Pants - Ivory,XS,173.0,3,PLEE01,LUZ08
APT02,CHB01,FST-BOX-20,Finished product,First,PLEE0-S,Pants,Pants - Ivory,S,173.0,8,PLEE01,LUZ08
APT02,CHB01,FST-BOX-20,Finished product,First,DFAR0-XS,Dress,Dress - Blu,XS,173.0,4,DFAR01,COS08
APT02,CHB01,FST-BOX-20,Finished product,First,DFAR0-S,Dress,Dress - Blu,S,173.0,4,DFAR01,COS08
APT02,CHB01,FST-BOX-20,Finished product,First,DFAR0-M,Dress,Dress - Blu,M,173.0,4,DFAR01,COS08
APT02,CHB01,FST-BOX-20,Finished product,First,DFAR0-L,Dress,Dress - Blu,L,173.0,4,DFAR01,COS08
APT02,CHB01,FST-BOX-20,Finished product,First,DFAR0-XL,Dress,Dress - Blu,XL,173.0,2,DFAR01,COS08
APT02,CHB01,FST-BOX-26,Finished product,First,KBOU0-OS,Kimono,Kimono - Teal,OS,173.0,33,KBOU01,BAO08
APT02,CHB01,FST-BOX-20,Finished product,First,DFAR0-XS,Dress,Dress - Vert,XS,173.0,4,DFAR01,PAL08
APT02,CHB01,FST-BOX-20,Finished product,First,DFAR0-S,Dress,Dress - Vert,S,173.0,4,DFAR01,PAL08
APT02,CHB01,FST-BOX-20,Finished product,First,DFAR0-M,Dress,Dress - Vert,M,173.0,3,DFAR01,PAL08
APT02,CHB01,FST-BOX-20,Finished product,First,DFAR0-L,Dress,Dress - Vert,L,173.0,3,DFAR01,PAL08
APT02,CHB01,FST-BOX-20,Finished product,First,DFAR0-XL,Dress,Dress - Vert,XL,173.0,2,DFAR01,PAL08
APT02,CHB01,FST-BOX-20,Finished product,First,DFAR0-XS,Dress,Dress - Blu,XS,173.0,4,DFAR01,RAY08
APT02,CHB01,FST-BOX-20,Finished product,First,DFAR0-S,Dress,Dress - Blu,S,173.0,4,DFAR01,RAY08
APT02,CHB01,FST-BOX-20,Finished product,First,DFAR0-M,Dress,Dress - Blu,M,173.0,4,DFAR01,RAY08
APT02,CHB01,FST-BOX-20,Finished product,First,DFAR0-XL,Dress,Dress - Blu,XL,173.0,2,DFAR01,RAY08
APT02,CHB01,2ND-BOX-22,Finished product,Second,DAMA0-S,Dress,Dress - Noir,S,173.0,2,DAMA01,ISL08
APT02,CHB01,2ND-BOX-39,Finished product,Second,DSAT0-S,Dress,Dress - Noir,S,173.0,1,DSAT01,SCR08
APT02,CHB01,2ND-BOX-20,Finished product,Second,PLEE0-XS,Pants,Pants - Blu,XS,173.0,1,PLEE01,COS08
APT02,CHB01,2ND-BOX-20,Finished product,Second,PLEE0-XL,Pants,Pants - Cream,XL,173.0,1,PLEE01,ZEN08
APT02,CHB01,2ND-BOX-20,Finished product,Second,DDAL0-L,Dress,Dress - Rose,L,173.0,1,DDAL01,ABS08
APT02,CHB01,2ND-BOX-20,Finished product,Second,DDAL0-XS,Dress,Dress - Rose,XS,173.0,1,DDAL01,ABS08
APT02,CHB01,2ND-BOX-20,Finished product,Second,YSEU0-ML,Skirt,Skirt - Cream,ML,173.0,10,YSEU01,TIL08
APT02,CHB01,2ND-BOX-20,Finished product,Second,YSEU0-2XL,Skirt,Skirt - Cream,2XL,173.0,6,YSEU01,TIL08
APT02,CHB01,2ND-BOX-20,Finished product,Second,YSEU0-XL,Skirt,Skirt - Cream,XL,173.0,5,YSEU01,TIL08
APT02,CHB01,2ND-BOX-20,Finished product,Second,YSEU0-XSS,Skirt,Skirt - Cream,XSS,173.0,3,YSEU01,TIL08
APT02,CHB01,2ND-BOX-20,Finished product,Second,YSEU0-3XL,Skirt,Skirt - Cream,3XL,173.0,1,YSEU01,TIL08
APT02,CHB01,2ND-BOX-52,Finished product,Second,DSAT0-XL,Dress,Dress - Blue,XL,173.0,1,DSAT01,YRA08
APT02,CHB01,2ND-BOX-52,Finished product,Second,DSAT0-3XL,Dress,Dress - Noir,3XL,173.0,1,DSAT01,SCR08
APT02,CHB01,2ND-BOX-52,Finished product,Second,DSAT0-S,Dress,Dress - Ivory,S,173.0,1,DSAT01,LUZ08
APT02,CHB01,2ND-BOX-52,Finished product,Second,DSAT0-M,Dress,Dress - Noir,M,173.0,1,DSAT01,LAV08
APT02,CHB01,2ND-BOX-52,Finished product,Second,DSAT0-M,Dress,Dress - White,M,173.0,1,DSAT01,ZEN08
APT02,CHB01,2ND-BOX-52,Finished product,Second,DSAT0-L,Dress,Dress - White,L,173.0,1,DSAT01,ZEN08
APT02,CHB01,2ND-BOX-52,Finished product,Second,DSAT0-L,Dress,Dress - Vert,L,173.0,2,DSAT01,SAL08
APT02,CHB01,2ND-BOX-52,Finished product,Second,DSAT0-S,Dress,Dress - Vert,S,173.0,3,DSAT01,SAL08
APT02,CHB01,2ND-BOX-52,Finished product,Second,DSAT0-XS,Dress,Dress - Vert,XS,173.0,3,DSAT01,SAL08
APT02,CHB01,2ND-BOX-52,Finished product,Second,DSAT0-M,Dress,Dress - Vert,M,173.0,2,DSAT01,SAL08
APT02,CHB01,2ND-BOX-52,Finished product,Second,DSAT0-XL,Dress,Dress - Vert,XL,173.0,2,DSAT01,SAL08
APT02,CHB01,2ND-BOX-38,Finished product,Second,DMAI0-M,Dress,Dress - Noir,M,173.0,4,DMAI01,HER08
APT02,CHB01,2ND-BOX-38,Finished product,Second,DMAI0-XS,Dress,Dress - Noir,XS,173.0,4,DMAI01,HER08
APT02,CHB01,2ND-BOX-38,Finished product,Second,DMAI0-L,Dress,Dress - Noir,L,173.0,4,DMAI01,HER08
APT02,CHB01,2ND-BOX-38,Finished product,Second,DMAI0-XL,Dress,Dress - Noir,XL,173.0,2,DMAI01,HER08
APT02,CHB01,2ND-BOX-26,Finished product,Second,DMAI0-L,Dress,Dress - White,L,173.0,2,DMAI01,ZEN08
APT02,CHB01,2ND-BOX-23,Finished product,Second,DEDE0-XS,Dress,Dress - Gold,XS,173.0,1,DEDE01,DHA20
APT02,CHB01,2ND-BOX-23,Finished product,Second,DAMA0-XS,Dress,Dress - Rust,XS,173.0,1,DAMA01,SUT08
APT02,CHB01,2ND-BOX-23,Finished product,Second,KMIN1-ML,Kimono,Kimono - Yellow,ML,173.0,1,KMIN11,ANA08
APT02,CHB01,2ND-BOX-23,Finished product,Second,DFAR0-L,Dress,Dress - Vert,L,173.0,1,DFAR01,NAR08
APT02,CHB01,2ND-BOX-23,Finished product,Second,DDIA0-S,Dress,Dress - Noir,S,173.0,1,DDIA01,SOL14
APT02,CHB01,2ND-BOX-40,Finished product,Second,YSEU0-ML,Skirt,Skirt - Cream,ML,173.0,1,YSEU01,TIL08
APT02,CHB01,2ND-BOX-40,Finished product,Second,YSEU0-ML,Skirt,Skirt - Teal,ML,173.0,1,YSEU01,BLO08
APT02,CHB01,2ND-BOX-40,Finished product,Second,YSEU0-ML,Skirt,Skirt - Navy,ML,173.0,1,YSEU01,COS08
APT02,CHB01,2ND-BOX-40,Finished product,Second,YSEU0-XSS,Skirt,Skirt - Noir,XSS,173.0,1,YSEU01,ABS08
APT02,CHB01,2ND-BOX-40,Finished product,Second,YSEU0-XSS,Skirt,Skirt - Navy,XSS,173.0,1,YSEU01,COS08
APT02,CHB01,2ND-BOX-40,Finished product,Second,YSEU0-XSS,Skirt,Skirt - Teal,XSS,173.0,1,YSEU01,BLO08
APT02,CHB01,2ND-BOX-46,Finished product,Second,YLYS0-XS,Skirt,Skirt - Cream,XS,173.0,1,YLYS01,TIL08
APT02,CHB01,2ND-BOX-46,Finished product,Second,YLYS0-S,Skirt,Skirt - Cream,S,173.0,1,YLYS01,TIL08
APT02,CHB01,2ND-BOX-46,Finished product,Second,YLYS0-L,Skirt,Skirt - Cream,L,173.0,1,YLYS01,TIL08
APT02,CHB01,2ND-BOX-46,Finished product,Second,PLEE0-3XL,Pants,Pants - Noir,3XL,173.0,1,PLEE01,SOL14
APT02,CHB01,2ND-BOX-46,Finished product,Second,PLEE0-S,Pants,Pants - Rust,S,173.0,1,PLEE01,SOL14
APT02,CHB01,2ND-BOX-46,Finished product,Second,PLEE0-XS,Pants,Pants - Black,XS,173.0,1,PLEE01,SOK08
APT02,CHB01,2ND-BOX-46,Finished product,Second,PLEE1-M,Pants,Pants - Coral,M,173.0,1,PLEE11,LIN12
APT02,CHB01,2ND-BOX-40,Finished product,Second,TLEN0-L,Top,Top - Rust,L,173.0,1,TLEN01,SOL14
APT02,CHB01,2ND-BOX-13,Finished product,Second,YSEU0-2XL,Skirt,Skirt - Cream,2XL,173.0,8,YSEU01,TIL08
APT02,CHB01,2ND-BOX-13,Finished product,Second,YSEU0-ML,Skirt,Skirt - Cream,ML,173.0,16,YSEU01,TIL08
APT02,CHB01,2ND-BOX-13,Finished product,Second,YSEU0-3XL,Skirt,Skirt - Cream,3XL,173.0,5,YSEU01,TIL08
APT02,CHB01,2ND-BOX-13,Finished product,Second,YSEU0-XL,Skirt,Skirt - Cream,XL,173.0,8,YSEU01,TIL08
APT02,CHB01,2ND-BOX-13,Finished product,Second,YSEU0-XSS,Skirt,Skirt - Cream,XSS,173.0,1,YSEU01,TIL08
APT02,CHB01,2ND-BOX-19,Finished product,Second,YSEU0-XSS,Skirt,Skirt - Noir,XSS,173.0,1,YSEU01,ABS08
APT02,CHB01,2ND-BOX-19,Finished product,Second,YSEU0-2XL,Skirt,Skirt - Noir,2XL,173.0,1,YSEU01,ABS08
APT02,CHB01,2ND-BOX-27,Finished product,Second,TZAN0-M,Top,Top - Cream,M,173.0,1,TZAN01,TIL08
APT02,CHB01,2ND-BOX-27,Finished product,Second,TZAN0-3XL,Top,Top - Cream,3XL,173.0,6,TZAN01,TIL08
APT02,CHB01,2ND-BOX-27,Finished product,Second,TNAK0-M,Top,Top - Noir,M,173.0,2,TNAK01,HER08
APT02,CHB01,2ND-BOX-27,Finished product,Second,TNAK0-XL,Top,Top - Noir,XL,173.0,2,TNAK01,HER08
APT02,CHB01,2ND-BOX-13,Finished product,Second,DMAI0-M,Dress,Dress - Noir,M,173.0,1,DMAI01,HER08
APT02,CHB01,2ND-BOX-13,Finished product,Second,DMAI0-XL,Dress,Dress - Noir,XL,173.0,1,DMAI01,HER08
APT02,CHB01,2ND-BOX-13,Finished product,Second,DMAI0-XS,Dress,Dress - Noir,XS,173.0,1,DMAI01,HER08
APT02,CHB01,2ND-BOX-13,Finished product,Second,DMAI0-2XL,Dress,Dress - Cream,2XL,173.0,2,DMAI01,ZEN08
APT02,CHB01,2ND-BOX-13,Finished product,Second,DMAI0-XS,Dress,Dress - Cream,XS,173.0,1,DMAI01,ZEN08
APT02,CHB01,2ND-BOX-13,Finished product,Second,DMAI0-S,Dress,Dress - White,S,173.0,1,DMAI01,ZEN08
APT02,CHB01,2ND-BOX-13,Finished product,Second,DMAI0-L,Dress,Dress - Noir,L,173.0,1,DMAI01,SCR08
APT02,CHB01,2ND-BOX-13,Finished product,Second,DMAI0-S,Dress,Dress - Mustard,S,173.0,1,DMAI01,JAR08
APT02,CHB01,2ND-BOX-13,Finished product,Second,DMAI0-S,Dress,Dress - Gold,S,173.0,2,DMAI01,SUT08
APT02,CHB01,2ND-BOX-13,Finished product,Second,DMAI0-M,Dress,Dress - Noir,M,173.0,1,DMAI01,SOL14
APT02,CHB01,2ND-BOX-27,Finished product,Second,TZAN0-S,Top,Top - Blu,S,173.0,1,TZAN01,SUT08
APT02,CHB01,2ND-BOX-25,Finished product,Second,YLYS0-S,Skirt,Skirt - Cream,S,173.0,28,YLYS01,TIL08
APT02,CHB01,2ND-BOX-25,Finished product,Second,YLYS0-XS,Skirt,Skirt - Cream,XS,173.0,13,YLYS01,TIL08
APT02,CHB01,2ND-BOX-25,Finished product,Second,YLYS0-L,Skirt,Skirt - Cream,L,173.0,5,YLYS01,TIL08
APT02,CHB01,2ND-BOX-25,Finished product,Second,YLYS0-XL,Skirt,Skirt - Cream,XL,173.0,6,YLYS01,TIL08
APT02,CHB01,2ND-BOX-25,Finished product,Second,YLYS0-M,Skirt,Skirt - Cream,M,173.0,2,YLYS01,TIL08
APT02,CHB01,2ND-BOX-13,Finished product,Second,DMAI0-XS,Dress,Dress - Gold,XS,173.0,2,DMAI01,SUT08
APT02,CHB01,2ND-BOX-13,Finished product,Second,DMAI0-L,Dress,Dress - Gold,L,173.0,1,DMAI01,SUT08
APT02,CHB01,2ND-BOX-13,Finished product,Second,DMAI0-2XL,Dress,Dress - White,2XL,173.0,2,DMAI01,SIN08
APT02,CHB01,2ND-BOX-13,Finished product,Second,DMAI0-XL,Dress,Dress - White,XL,173.0,1,DMAI01,SIN08
APT02,CHB01,2ND-BOX-13,Finished product,Second,DMAI0-M,Dress,Dress - White,M,173.0,1,DMAI01,ZEN08
APT02,CHB01,2ND-BOX-13,Finished product,Second,DMAI0-M,Dress,Dress - Gold,M,173.0,1,DMAI01,FIO08
APT02,CHB01,2ND-BOX-25,Finished product,Second,DSAT0-XS,Dress,Dress - Vert,XS,173.0,2,DSAT01,SAL08
APT02,CHB01,2ND-BOX-25,Finished product,Second,DSAT0-3XL,Dress,Dress - Vert,3XL,173.0,1,DSAT01,SAL08
APT02,CHB01,2ND-BOX-25,Finished product,Second,DSAT0-S,Dress,Dress - Vert,S,173.0,1,DSAT01,SAL08
APT02,CHB01,2ND-BOX-25,Finished product,Second,DSAT0-S,Dress,Dress - Blue,S,173.0,1,DSAT01,YRA08
APT02,CHB01,2ND-BOX-25,Finished product,Second,DSAT0-XS,Dress,Dress - Noir,XS,173.0,1,DSAT01,SCR08
APT02,CHB01,2ND-BOX-25,Finished product,Second,DSAT0-XS,Dress,Dress - Blu,XS,173.0,1,DSAT01,COS08
APT02,CHB01,2ND-BOX-25,Finished product,Second,DSAT0-XS,Dress,Dress - Rose,XS,173.0,1,DSAT01,ATO08
APT02,CHB01,2ND-BOX-25,Finished product,Second,DSAT0-XS,Dress,Dress - Rust,XS,173.0,1,DSAT01,SUT08
APT02,CHB01,2ND-BOX-25,Finished product,Second,DSAT0-M,Dress,Dress - Blu,M,173.0,1,DSAT01,SUT08
APT02,CHB01,2ND-BOX-25,Finished product,Second,DSAT0-L,Dress,Dress - Vert,L,173.0,1,DSAT01,SAL08
APT02,CHB01,2ND-BOX-55,Finished product,Second,YSEU0-ML,Skirt,Skirt - Cream,ML,173.0,31,YSEU01,TIL08
APT02,CHB01,2ND-BOX-55,Finished product,Second,YSEU0-2XL,Skirt,Skirt - Cream,2XL,173.0,5,YSEU01,TIL08
APT02,CHB01,2ND-BOX-55,Finished product,Second,YSEU0-XL,Skirt,Skirt - Cream,XL,173.0,2,YSEU01,TIL08
APT02,CHB01,2ND-BOX-55,Finished product,Second,YSEU0-XSS,Skirt,Skirt - Cream,XSS,173.0,1,YSEU01,TIL08
APT02,CHB01,2ND-BOX-55,Finished product,Second,YSEU0-XSS,Skirt,Skirt - Navy,XSS,173.0,15,YSEU01,COS08
APT02,CHB01,2ND-BOX-55,Finished product,Second,YSEU0-XL,Skirt,Skirt - Rose,XL,173.0,3,YSEU01,ATO08
APT02,CHB01,2ND-BOX-55,Finished product,Second,YSEU0-XSS,Skirt,Skirt - Gold,XSS,173.0,1,YSEU01,FIO08
APT02,CHB01,2ND-BOX-55,Finished product,Second,YSEU0-XL,Skirt,Skirt - Gold,XL,173.0,7,YSEU01,FIO08
APT02,CHB01,2ND-BOX-55,Finished product,Second,YSEU0-ML,Skirt,Skirt - Teal,ML,173.0,1,YSEU01,BLO08
APT02,CHB01,2ND-BOX-55,Finished product,Second,YSEU0-XSS,Skirt,Skirt - Teal,XSS,173.0,2,YSEU01,BLO08
APT02,CHB01,2ND-BOX-55,Finished product,Second,YSEU0-XL,Skirt,Skirt - noir,XL,173.0,2,YSEU01,ABS08
APT02,CHB01,2ND-BOX-55,Finished product,Second,YSEU0-XSS,Skirt,Skirt - noir,XSS,173.0,2,YSEU01,ABS08
APT02,CHB01,2ND-BOX-55,Finished product,Second,YSEU0-XL,Skirt,Skirt - Aqua,XL,173.0,2,YSEU01,PLA08
APT02,CHB01,FST-BOX-23,Finished product,First,TLAM0-S,Top,Top - Wine,S,,1,TLAM01,AYE29
APT02,CHB01,2ND-BOX-27,Finished product,Second,DLAL0-S,Dress,Dress - Noir,S,173.0,1,DLAL01,ALI08
APT02,CHB01,2ND-BOX-27,Finished product,Second,DAMA0-M,Dress,Dress - Aqua,M,173.0,1,DAMA01,PLA08
APT02,CHB01,2ND-BOX-27,Finished product,Second,PJAN0-XS,Pants,Pants - Noir,XS,173.0,1,PJAN01,HER08
APT02,CHB01,2ND-BOX-27,Finished product,Second,DMAR0-L,Dress,Dress - Blu,L,173.0,1,DMAR01,GYR08
APT02,CHB01,2ND-BOX-27,Finished product,Second,TAJA0-XL,Top,Top - Gold,XL,173.0,1,TAJA01,FIO08
APT02,CHB01,2ND-BOX-27,Finished product,Second,TZAN0-XS,Top,Top - Noir,XS,173.0,1,TZAN01,IMA08
APT02,CHB01,2ND-BOX-27,Finished product,Second,KMIN1-XSS,Kimono,Kimono - Yellow,XSS,173.0,1,KMIN11,ANA08
APT02,CHB01,2ND-BOX-51,Finished product,Second,TNAK0-M,Top,Top - Noir,M,173.0,1,TNAK01,HER08
APT02,CHB01,2ND-BOX-51,Finished product,Second,DFAR0-S,Dress,Dress - Blanc,S,173.0,1,DFAR01,KHE28
APT02,CHB01,2ND-BOX-51,Finished product,Second,DAMA0-XS,Dress,Dress - Teal,XS,173.0,1,DAMA01,BAO08
APT02,CHB01,2ND-BOX-51,Finished product,Second,TZAN0-XL,Top,Top - Noir,XL,173.0,1,TZAN01,SOL14
APT02,CHB01,2ND-BOX-51,Finished product,Second,KMIN0-XSS,Kimono,Kimono - Teal,XSS,173.0,3,KMIN01,BLO08
APT02,CHB01,2ND-BOX-32,Finished product,Second,DFAN0-S,Dress,Dress - Cream,S,173.0,2,DFAN01,TIL08
APT02,CHB01,2ND-BOX-32,Finished product,Second,DFAN0-XS,Dress,Dress - Cream,XS,173.0,3,DFAN01,TIL08
APT02,CHB01,2ND-BOX-32,Finished product,Second,DFAN0-XL,Dress,Dress - Cream,XL,173.0,1,DFAN01,TIL08
APT02,CHB01,2ND-BOX-32,Finished product,Second,DFAN0-2XL,Dress,Dress - Cream,2XL,173.0,3,DFAN01,TIL08
APT02,CHB01,2ND-BOX-32,Finished product,Second,DFAN0-L,Dress,Dress - Cream,L,173.0,2,DFAN01,TIL08
APT02,CHB01,2ND-BOX-32,Finished product,Second,DFAN0-M,Dress,Dress - Cream,M,173.0,1,DFAN01,TIL08
APT02,CHB01,2ND-BOX-25,Finished product,Second,JUMY0-S,Jumpsuit,Jumpsuit - Noir,S,173.0,2,JUMY01,TUK08
APT02,CHB01,2ND-BOX-25,Finished product,Second,JUMY0-2XL,Jumpsuit,Jumpsuit - Noir,2XL,173.0,2,JUMY01,TUK08
APT02,CHB01,2ND-BOX-25,Finished product,Second,JUMY0-XS,Jumpsuit,Jumpsuit - Noir,XS,173.0,1,JUMY01,TUK08
APT02,CHB01,2ND-BOX-25,Finished product,Second,JUMYO-XL,Jumpsuit,Jumpsuit - Vert,XL,173.0,1,JUMYO1,SAL08
APT02,CHB01,2ND-BOX-25,Finished product,Second,KMIN0-XSS,Kimono,Kimono - Noir,XSS,173.0,1,KMIN01,HER08
APT02,CHB01,FST-BOX-26,Finished product,First,PLEE0-XL,Pants,Pants - Ivory,XL,173.0,7,PLEE01,LUZ08
APT02,CHB01,FST-BOX-26,Finished product,First,PLEE0-L,Pants,Pants - Ivory,L,173.0,3,PLEE01,LUZ08
APT02,CHB01,FST-BOX-26,Finished product,First,PLEE0-2XL,Pants,Pants - Ivory,2XL,173.0,2,PLEE01,LUZ08
APT02,CHB01,FST-BOX-26,Finished product,First,PLEE0-3XL,Pants,Pants - Ivory,3XL,173.0,1,PLEE01,LUZ08
APT02,CHB01,FST-BOX-26,Finished product,First,PLEE0-M,Pants,Pants - Ivory,M,173.0,1,PLEE01,LUZ08
APT02,CHB01,FST-BOX-29,Finished product,First,DSAT0-M,Dress,Dress - Ivory,M,173.0,8,DSAT01,LUZ08
APT02,CHB01,FST-BOX-29,Finished product,First,DSAT0-S,Dress,Dress - Ivory,S,173.0,3,DSAT01,LUZ08
APT02,CHB01,FST-BOX-29,Finished product,First,DSAT0-L,Dress,Dress - Ivory,L,173.0,4,DSAT01,LUZ08
APT02,CHB01,FST-BOX-29,Finished product,First,DSAT0-XL,Dress,Dress - Ivory,XL,173.0,1,DSAT01,LUZ08
APT02,CHB01,FST-BOX-29,Finished product,First,DMAI0-XS,Dress,Dress - Olive,XS,173.0,1,DMAI01,AYE29
APT02,CHB01,FST-BOX-29,Finished product,First,DMAI0-S,Dress,Dress - Olive,S,173.0,1,DMAI01,AYE29
APT02,CHB01,FST-BOX-29,Finished product,First,DTUB0-3XL,Dress,Dress - Blu,3XL,173.0,1,DTUB01,SKY08
APT02,CHB01,FST-BOX-29,Finished product,First,KMIN0-ML,Kimono,kimono - teal,ML,,1,KMIN01,ZEP08
APT02,CHB01,FST-BOX-29,Finished product,First,DDIA0-L-C,Dress,Dress - Rust,L,175.0,1,DDIA01,SOL14
APT02,CHB01,2ND-BOX-52,Finished product,Second,JUMY0-L,Jumpsuit,Jumpsuit - Noir,L,173.0,1,JUMY01,SOL14
APT02,CHB01,2ND-BOX-52,Finished product,Second,JUMY0-XL,Jumpsuit,Jumpsuit - Noir,XL,173.0,1,JUMY01,SOL14
APT02,CHB01,2ND-BOX-52,Finished product,Second,JUMY1-M,Jumpsuit,Jumpsuit - White,M,173.0,1,JUMY11,SIN08
APT02,CHB01,2ND-BOX-5,Finished product,Second,PLEE0-L,Pants,Pants - Rose,L,173.0,1,PLEE01,ATO08
APT02,CHB01,2ND-BOX-5,Finished product,Second,PLEE0-S,Pants,Pants - Rose,S,173.0,1,PLEE01,ATO08
APT02,CHB01,2ND-BOX-5,Finished product,Second,PLEE0-XS,Pants,Pants - Rose,XS,173.0,1,PLEE01,ATO08
APT02,CHB01,2ND-BOX-5,Finished product,Second,PLEE0-M,Pants,Pants - Black,M,173.0,2,PLEE01,SOK08
APT02,CHB01,2ND-BOX-5,Finished product,Second,PLEE0-S,Pants,Pants - Noir,S,173.0,1,PLEE01,HER08
APT02,CHB01,2ND-BOX-5,Finished product,Second,PLEE0-M,Pants,Pants - Noir,M,173.0,2,PLEE01,HER08
APT02,CHB01,2ND-BOX-5,Finished product,Second,PLEE0-S,Pants,Pants - Black,S,173.0,1,PLEE01,SOK08
APT02,CHB01,2ND-BOX-25,Finished product,Second,JUMY0-XS,Jumpsuit,Jumpsuit - Blue,XS,173.0,2,JUMY01,YRA08
APT02,CHB01,2ND-BOX-25,Finished product,Second,JUMY0-L,Jumpsuit,Jumpsuit - Noir,L,173.0,2,JUMY01,TUK08
APT02,CHB01,2ND-BOX-5,Finished product,Second,PLEE1-L,Pants,Pants - Black,L,173.0,1,PLEE11,LIN08
APT02,CHB01,2ND-BOX-4,Finished product,Second,PLEE0-XS,Pants,Pants - Black,XS,173.0,1,PLEE01,SUT08
APT02,CHB01,2ND-BOX-4,Finished product,Second,PLEE0-2XL,Pants,Pants - Rust,2XL,173.0,1,PLEE01,SUT08
APT02,CHB01,2ND-BOX-4,Finished product,Second,PLEE0-2XL,Pants,Pants - Noir,2XL,173.0,1,PLEE01,TUK08
APT02,CHB01,2ND-BOX-4,Finished product,Second,PLEE0-XS,Pants,Pants - Gold,XS,173.0,1,PLEE01,DHA20
APT02,CHB01,2ND-BOX-4,Finished product,Second,PLEE0-XL,Pants,Pants - Noir,XL,173.0,1,PLEE01,SOL14
APT02,CHB01,2ND-BOX-55,Finished product,Second,YSEU0-2XL,Skirt,Skirt - Gold,2XL,173.0,4,YSEU01,FIO08
APT02,CHB01,2ND-BOX-55,Finished product,Second,YSEU0-ML,Skirt,Skirt - Gold,ML,173.0,2,YSEU01,FIO08
APT02,CHB01,2ND-BOX-40,Finished product,Second,DMAY0-2XL,Dress,Dress - Gold,2XL,173.0,1,DMAY01,FIO08
APT02,CHB01,2ND-BOX-40,Finished product,Second,DMAY0-L,Dress,Dress - Gold,L,173.0,2,DMAY01,FIO08
APT02,CHB01,2ND-BOX-40,Finished product,Second,DMAY0-XL,Dress,Dress - Gold,XL,173.0,3,DMAY01,FIO08
APT02,CHB01,2ND-BOX-40,Finished product,Second,DMAY0-2XL,Dress,Dress - Mustard,2XL,173.0,1,DMAY01,SOL14
APT02,CHB01,2ND-BOX-53,Finished product,Second,DFAN0-2XL,Dress,Dress - Cream,2XL,173.0,3,DFAN01,TIL08
APT02,CHB01,2ND-BOX-53,Finished product,Second,DFAN0-L,Dress,Dress - Vert,L,173.0,5,DFAN01,SAL08
APT02,CHB01,2ND-BOX-53,Finished product,Second,DFAN0-M,Dress,Dress - Vert,M,173.0,3,DFAN01,SAL08
APT02,CHB01,2ND-BOX-53,Finished product,Second,DFAN0-XS,Dress,Dress - Vert,XS,173.0,1,DFAN01,SAL08
APT02,CHB01,2ND-BOX-53,Finished product,Second,DFAN0-2XL,Dress,Dress - Vert,2XL,173.0,1,DFAN01,SAL08
APT02,CHB01,FST-BOX-27,Finished product,First,PLEE0-XS,Pants,Pants - Teal,XS,173.0,1,PLEE01,TOY08
APT02,CHB01,FST-BOX-27,Finished product,First,PLEE0-S,Pants,Pants - Teal,S,173.0,4,PLEE01,TOY08
APT02,CHB01,FST-BOX-27,Finished product,First,PLEE0-M,Pants,Pants - Teal,M,173.0,6,PLEE01,TOY08
APT02,CHB01,FST-BOX-27,Finished product,First,PLEE0-L,Pants,Pants - Teal,L,173.0,4,PLEE01,TOY08
APT02,CHB01,FST-BOX-27,Finished product,First,PLEE0-XL,Pants,Pants - Teal,XL,173.0,2,PLEE01,TOY08
APT02,CHB01,FST-BOX-20,Finished product,First,DFAR0-L,Dress,Dress - Blu,L,173.0,4,DFAR01,RAY08
APT02,CHB01,FST-BOX-24,Finished product,First,PLEE0-XS,Pants,Pants - Blu,XS,173.0,1,PLEE01,RAY08
APT02,CHB01,FST-BOX-24,Finished product,First,PLEE0-S,Pants,Pants - Blu,S,173.0,1,PLEE01,RAY08
APT02,CHB01,FST-BOX-24,Finished product,First,PLEE0-M,Pants,Pants - Blu,M,173.0,4,PLEE01,RAY08
APT02,CHB01,2ND-BOX-55,Finished product,Second,TAID0-2XL,Top,Top - Rust,2XL,173.0,3,TAID01,SOL14
APT02,CHB01,2ND-BOX-55,Finished product,Second,TAID0-L,Top,Top - Rust,L,173.0,4,TAID01,SOL14
APT02,CHB01,2ND-BOX-56,Finished product,Second,DLAL0-2XL,Dress,Dress - Gold,2XL,173.0,12,DLAL01,SUT08
APT02,CHB01,2ND-BOX-56,Finished product,Second,DLAL0-M,Dress,Dress - Gold,M,173.0,7,DLAL01,SUT08
APT02,CHB01,2ND-BOX-56,Finished product,Second,DLAL0-L,Dress,Dress - Gold,L,173.0,10,DLAL01,SUT08
APT02,CHB01,2ND-BOX-56,Finished product,Second,DLAL0-XS,Dress,Dress - Gold,XS,173.0,16,DLAL01,SUT08
APT02,CHB01,2ND-BOX-56,Finished product,Second,DLAL0-XL,Dress,Dress - Gold,XL,173.0,7,DLAL01,SUT08
APT02,CHB01,2ND-BOX-56,Finished product,Second,DLAL0-3XL,Dress,Dress - Gold,3XL,173.0,1,DLAL01,SUT08
APT02,CHB01,2ND-BOX-56,Finished product,Second,DLAL0-S,Dress,Dress - Gold,S,173.0,1,DLAL01,SUT08
APT02,CHB01,2ND-BOX-57,Finished product,Second,JUMY0-XL,Jumpsuit,Jumpsuit - Blue,XL,173.0,21,JUMY01,YRA08
APT02,CHB01,2ND-BOX-57,Finished product,Second,JUMY0-S,Jumpsuit,Jumpsuit - Blue,S,173.0,12,JUMY01,YRA08
APT02,CHB01,2ND-BOX-57,Finished product,Second,JUMY0-3XL,Jumpsuit,Jumpsuit - Blue,3XL,173.0,7,JUMY01,YRA08
APT02,CHB01,2ND-BOX-57,Finished product,Second,JUMY0-M,Jumpsuit,Jumpsuit - Blue,M,173.0,5,JUMY01,YRA08
APT02,CHB01,2ND-BOX-57,Finished product,Second,JUMY0-XS,Jumpsuit,Jumpsuit - Blue,XS,173.0,2,JUMY01,YRA08
APT02,CHB01,2ND-BOX-57,Finished product,Second,JUMY0-2XL,Jumpsuit,Jumpsuit - Blue,2XL,173.0,1,JUMY01,YRA08
APT02,CHB01,FST-BOX-24,Finished product,First,PLEE0-L,Pants,Pants - Blu,L,173.0,1,PLEE01,RAY08
APT02,CHB01,FST-BOX-24,Finished product,First,JUMY0-XS,Jumpsuit,Jumpsuit - Rose,XS,173.0,1,JUMY01,ABS08
APT02,CHB01,FST-BOX-24,Finished product,First,JUMY0-S,Jumpsuit,Jumpsuit - Rose,S,173.0,1,JUMY01,ABS08
APT02,CHB01,FST-BOX-24,Finished product,First,JUMY0-M,Jumpsuit,Jumpsuit - Rose,M,173.0,3,JUMY01,ABS08
APT02,CHB01,FST-BOX-24,Finished product,First,JUMY0-L,Jumpsuit,Jumpsuit - Rose,L,173.0,2,JUMY01,ABS08
APT02,CHB01,FST-BOX-24,Finished product,First,JUMY0-XL,Jumpsuit,Jumpsuit - Rose,XL,173.0,1,JUMY01,ABS08
APT02,CHB01,2ND-BOX-23,Finished product,Second,DSAT0-XS,Dress,Dress - Blu,XS,173.0,1,DSAT01,SUT08
APT02,CHB01,2ND-BOX-23,Finished product,Second,DSAT0-M,Dress,Dress - Blu,M,173.0,1,DSAT01,SUT08
APT02,CHB01,2ND-BOX-23,Finished product,Second,DSAT0-XS,Dress,Dress - Noir,XS,173.0,2,DSAT01,HER08
APT02,CHB01,2ND-BOX-23,Finished product,Second,DSAT0-XS,Dress,Dress - Noir,XS,173.0,1,DSAT01,SCR08
APT02,CHB01,2ND-BOX-23,Finished product,Second,DSAT0-XS,Dress,Dress - Rust,XS,173.0,1,DSAT01,SUT08
APT02,CHB01,2ND-BOX-23,Finished product,Second,DSAT0-XS,Dress,Dress - Orange,XS,173.0,1,DSAT01,PAL08
APT02,CHB01,2ND-BOX-23,Finished product,Second,DSAT0-XL,Dress,Dress - Orange,XL,173.0,1,DSAT01,PAL08
APT02,CHB01,2ND-BOX-58,Finished product,Second,DLAL0-2XL,Dress,Dress - Gold,2XL,173.0,12,DLAL01,SUT08
APT02,CHB01,2ND-BOX-58,Finished product,Second,DLAL0-3XL,Dress,Dress - Gold,3XL,173.0,6,DLAL01,SUT08
APT02,CHB01,FST-BOX-20,Finished product,First,PLEE0-XS,Pants,Pants - Teal,XS,173.0,1,PLEE01,PET08
APT02,CHB01,FST-BOX-20,Finished product,First,PLEE0-S,Pants,Pants - Teal,S,173.0,1,PLEE01,PET08
APT02,CHB01,FST-BOX-20,Finished product,First,PLEE0-M,Pants,Pants - Teal,M,173.0,3,PLEE01,PET08
APT02,CHB01,FST-BOX-20,Finished product,First,PLEE0-L,Pants,Pants - Teal,L,173.0,2,PLEE01,PET08
APT02,CHB01,2ND-BOX-58,Finished product,Second,DLAL0-L,Dress,Dress - Gold,L,173.0,4,DLAL01,SUT08
APT02,CHB01,2ND-BOX-58,Finished product,Second,DLAL0-XL,Dress,Dress - Gold,XL,173.0,2,DLAL01,SUT08
APT02,CHB01,2ND-BOX-58,Finished product,Second,DLAL0-M,Dress,Dress - Gold,M,173.0,1,DLAL01,SUT08
APT02,CHB01,2ND-BOX-58,Finished product,Second,JUMY0-XL,Jumpsuit,Jumpsuit - Blue,XL,173.0,6,JUMY01,YRA08
APT02,CHB01,2ND-BOX-58,Finished product,Second,JUMY0-S,Jumpsuit,Jumpsuit - Blue,S,173.0,7,JUMY01,YRA08
APT02,CHB01,2ND-BOX-58,Finished product,Second,JUMY0-L,Jumpsuit,Jumpsuit - Blue,L,173.0,2,JUMY01,YRA08
APT02,CHB01,2ND-BOX-58,Finished product,Second,JUMY0-2XL,Jumpsuit,Jumpsuit - Blue,2XL,173.0,1,JUMY01,YRA08
APT02,CHB01,2ND-BOX-58,Finished product,Second,JUMY0-3XL,Jumpsuit,Jumpsuit - Blue,3XL,173.0,1,JUMY01,YRA08
APT02,CHB01,2ND-BOX-58,Finished product,Second,PLEE0-M,Pants,Pants - Black,M,173.0,11,PLEE01,SOK08
APT02,CHB01,2ND-BOX-58,Finished product,Second,PLEE0-XS,Pants,Pants - Black,XS,173.0,7,PLEE01,SOK08
APT02,CHB01,2ND-BOX-58,Finished product,Second,PLEE0-XL,Pants,Pants - Black,XL,173.0,2,PLEE01,SOK08
APT02,CHB01,2ND-BOX-58,Finished product,Second,PLEE0-L,Pants,Pants - Black,L,173.0,4,PLEE01,SOK08
APT02,CHB01,2ND-BOX-58,Finished product,Second,PLEE0-2XL,Pants,Pants - Black,2XL,173.0,1,PLEE01,SOK08
APT02,CHB01,2ND-BOX-58,Finished product,Second,DSAT0-XS,Dress,Dress - Gold,XS,173.0,1,DSAT01,FIO08
APT02,CHB01,2ND-BOX-58,Finished product,Second,DSAT0-L,Dress,Dress - Blu,L,173.0,1,DSAT01,ATO08
APT02,CHB01,2ND-BOX-58,Finished product,Second,DSAT0-XL,Dress,Dress - Rust,XL,173.0,1,DSAT01,SUT08
APT02,CHB01,2ND-BOX-58,Finished product,Second,DSAT0-M,Dress,Dress - Vert,M,173.0,1,DSAT01,SAL08
APT02,CHB01,FST-BOX-31,Finished product,First,DNAI0-S,Dress,Dress - Teal,S,173.0,6,DNAI01,ZEE24
APT02,CHB01,FST-BOX-31,Finished product,First,DNAI0-M,Dress,Dress - Teal,M,173.0,9,DNAI01,ZEE24
APT02,CHB01,FST-BOX-31,Finished product,First,DNAI0-L,Dress,Dress - Teal,L,173.0,2,DNAI01,ZEE24
APT02,CHB01,FST-BOX-31,Finished product,First,DNAI0-XL,Dress,Dress - Teal,XL,173.0,1,DNAI01,ZEE24
APT02,CHB01,FST-BOX-31,Finished product,First,DSAT0-XS,Dress,Dress - Cream,XS,173.0,1,DSAT01,LAV08
APT02,CHB01,FST-BOX-31,Finished product,First,DSAT0-S,Dress,Dress - Cream,S,173.0,6,DSAT01,LAV08
APT02,CHB01,FST-BOX-31,Finished product,First,DSAT0-M,Dress,Dress - Cream,M,173.0,10,DSAT01,LAV08
APT02,CHB01,FST-BOX-31,Finished product,First,DSAT0-L,Dress,Dress - Cream,L,173.0,4,DSAT01,LAV08
APT02,CHB01,FST-BOX-31,Finished product,First,DSAT0-M,Dress,Dress - Ivory,M,173.0,2,DSAT01,LUZ08
APT02,CHB01,FST-BOX-31,Finished product,First,DSAT0-L,Dress,Dress - Ivory,L,173.0,1,DSAT01,LUZ08
APT02,CHB01,FST-BOX-31,Finished product,First,DMAI0-XS,Dress,Dress - Blu,XS,173.0,1,DMAI01,ARI08
APT02,CHB01,FST-BOX-31,Finished product,First,DMAI0-M,Dress,Dress - Blu,M,173.0,4,DMAI01,ARI08
APT02,CHB01,FST-BOX-31,Finished product,First,DMAI0-L,Dress,Dress - Blu,L,173.0,1,DMAI01,ARI08
APT02,CHB01,FST-BOX-31,Finished product,First,DMAI0-XL,Dress,Dress - Blu,XL,173.0,1,DMAI01,ARI08
APT02,CHB01,FST-BOX-31,Finished product,First,DFAR0-S,Dress,Dress - Vert,S,173.0,1,DFAR01,NAR08
APT02,CHB01,FST-BOX-31,Finished product,First,DFAR0-M,Dress,Dress - Vert,M,173.0,4,DFAR01,NAR08
APT02,CHB01,FST-BOX-31,Finished product,First,DFAR0-L,Dress,Dress - Vert,L,173.0,1,DFAR01,NAR08
APT02,CHB01,FST-BOX-31,Finished product,First,KMIN0-XSS,Kimono,Kimono - Blu,XSS,,7,KMIN01,TOI41
APT02,CHB01,FST-BOX-31,Finished product,First,KMIN0-ML,Kimono,Kimono - Blu,ML,,6,KMIN01,TOI41
APT02,CHB01,FST-BOX-31,Finished product,First,DSAT0-M,Dress,Dress - Noir,M,173.0,2,DSAT01,PET08
APT02,CHB01,FST-BOX-31,Finished product,First,TIKA0-XS,Skirt,Shirt - Blanc,XS,173.0,2,TIKA01,BEA27
APT02,CHB01,FST-BOX-31,Finished product,First,TIKA0-S,Skirt,Shirt - Blanc,S,173.0,2,TIKA01,BEA27
APT02,CHB01,FST-BOX-31,Finished product,First,TIKA0-M,Skirt,Shirt - Blanc,M,173.0,7,TIKA01,BEA27
APT02,CHB01,2ND-BOX-59,Finished product,Second,JUMY0-XL,Jumpsuit,Jumpsuit - Noir,XL,173.0,7,JUMY01,SOL14
APT02,CHB01,2ND-BOX-59,Finished product,Second,JUMY0-S,Jumpsuit,Jumpsuit - Noir,S,173.0,13,JUMY01,SOL14
APT02,CHB01,2ND-BOX-59,Finished product,Second,JUMY0-L,Jumpsuit,Jumpsuit - Noir,L,173.0,6,JUMY01,SOL14
APT02,CHB01,2ND-BOX-12,Finished product,Second,DMAY0-2XL,Dress,Dress - Gold,2XL,173.0,1,DMAY01,FIO08
APT02,CHB01,2ND-BOX-25,Finished product,Second,JUMY0-M,Jumpsuit,Jumpsuit - Noir,M,173.0,1,JUMY01,TUK08
APT02,CHB01,2ND-BOX-25,Finished product,Second,JUMYO-3XL,Jumpsuit,Jumpsuit - Vert,3XL,173.0,1,JUMYO1,SAL08
APT02,CHB01,2ND-BOX-59,Finished product,Second,JUMY0-M,Jumpsuit,Jumpsuit - Noir,M,173.0,2,JUMY01,SOL14
APT02,CHB01,2ND-BOX-59,Finished product,Second,JUMY0-2XL,Jumpsuit,Jumpsuit - Noir,2XL,173.0,2,JUMY01,SOL14
APT02,CHB01,2ND-BOX-59,Finished product,Second,JUMY0-XS,Jumpsuit,Jumpsuit - Teal,XS,173.0,2,JUMY01,SOL14
APT02,CHB01,2ND-BOX-59,Finished product,Second,JUMY0-XS,Jumpsuit,Jumpsuit - Teal,XS,173.0,1,JUMY01,ZEE24
APT02,CHB01,2ND-BOX-59,Finished product,Second,JUMY0-M,Jumpsuit,Jumpsuit - Rust,M,173.0,1,JUMY01,SOL14
APT02,CHB01,2ND-BOX-59,Finished product,Second,JUMY0-XS,Jumpsuit,Jumpsuit - Rust,XS,173.0,1,JUMY01,SOL14
APT02,CHB01,2ND-BOX-59,Finished product,Second,JUMYO-XS,Jumpsuit,Jumpsuit - Vert,XS,173.0,1,JUMYO1,SAL08
APT02,CHB01,2ND-BOX-60,Finished product,Second,PLEE0-M,Pants,Pants - Black,M,173.0,15,PLEE01,SOK08
APT02,CHB01,2ND-BOX-60,Finished product,Second,PLEE0-S,Pants,Pants - Black,S,173.0,12,PLEE01,SOK08
APT02,CHB01,2ND-BOX-60,Finished product,Second,PLEE0-L,Pants,Pants - Black,L,173.0,5,PLEE01,SOK08
APT02,CHB01,2ND-BOX-60,Finished product,Second,JUMY0-M,Jumpsuit,Jumpsuit - Noir,M,173.0,4,JUMY01,TUK08
APT02,CHB01,2ND-BOX-60,Finished product,Second,JUMY0-XL,Jumpsuit,Jumpsuit - Noir,XL,173.0,4,JUMY01,TUK08
APT02,CHB01,2ND-BOX-60,Finished product,Second,JUMY0-XS,Jumpsuit,Jumpsuit - Noir,XS,173.0,2,JUMY01,TUK08
APT02,CHB01,2ND-BOX-60,Finished product,Second,JUMY0-L,Jumpsuit,Jumpsuit - Noir,L,173.0,2,JUMY01,TUK08
APT02,CHB01,2ND-BOX-60,Finished product,Second,DLAL0-XS,Dress,Dress - Teal,XS,173.0,2,DLAL01,WAL08
APT02,CHB01,2ND-BOX-60,Finished product,Second,DLAL0-L,Dress,Dress - Teal,L,173.0,2,DLAL01,WAL08
APT02,CHB01,2ND-BOX-60,Finished product,Second,DLAL0-S,Dress,Dress - Noir,S,173.0,3,DLAL01,ALI08
APT02,CHB01,2ND-BOX-60,Finished product,Second,DSAT0-3XL,Dress,Dress - Cream,3XL,173.0,1,DSAT01,TIL08
APT02,CHB01,2ND-BOX-60,Finished product,Second,DSAT0-L,Dress,Dress - Cream,L,173.0,1,DSAT01,TIL08
APT02,CHB01,2ND-BOX-60,Finished product,Second,DSAT0-2XL,Dress,Dress - Blu,2XL,173.0,1,DSAT01,BAT08
APT02,CHB01,2ND-BOX-60,Finished product,Second,TNAK0-L,Top,Top - Noir,L,173.0,1,TNAK01,ISL08
APT02,CHB01,2ND-BOX-60,Finished product,Second,DLAL0-S,Dress,Dress - Teal,S,173.0,1,DLAL01,WAL08
APT02,CHB01,2ND-BOX-60,Finished product,Second,DLAL0-S,Dress,Dress - Orange,S,173.0,1,DLAL01,ARB08
APT02,CHB01,2ND-BOX-60,Finished product,Second,DLAL0-3XL,Dress,Dress - Gold,3XL,173.0,3,DLAL01,SUT08
APT02,CHB01,2ND-BOX-60,Finished product,Second,DLAL0-XS,Dress,Dress - Gold,XS,173.0,3,DLAL01,SUT08
APT02,CHB01,2ND-BOX-60,Finished product,Second,DLAL0-M,Dress,Dress - Gold,M,173.0,7,DLAL01,SUT08
APT02,CHB01,2ND-BOX-60,Finished product,Second,DLAL0-XL,Dress,Dress - Gold,XL,173.0,3,DLAL01,SUT08
APT02,CHB01,2ND-BOX-60,Finished product,Second,DLAL0-3XL,Dress,Dress - Blu,3XL,173.0,1,DLAL01,COS08
APT02,CHB01,2ND-BOX-60,Finished product,Second,PLEE0-XS,Pants,Pants - Cream,XS,173.0,10,PLEE01,TIL08
APT02,CHB01,2ND-BOX-60,Finished product,Second,PLEE0-S,Pants,Pants - Cream,S,173.0,13,PLEE01,TIL08
APT02,CHB01,2ND-BOX-60,Finished product,Second,PLEE0-M,Pants,Pants - Cream,M,173.0,7,PLEE01,TIL08
APT02,CHB01,2ND-BOX-60,Finished product,Second,PLEE0-XL,Pants,Pants - Cream,XL,173.0,3,PLEE01,TIL08
APT02,CHB01,2ND-BOX-60,Finished product,Second,PLEE0-L,Pants,Pants - Vert,L,173.0,10,PLEE01,SAL08
APT02,CHB01,2ND-BOX-60,Finished product,Second,PLEE0-2XL,Pants,Pants - Vert,2XL,173.0,1,PLEE01,SAL08
APT02,CHB01,2ND-BOX-60,Finished product,Second,PLEE0-S,Pants,Pants - Gold,S,173.0,3,PLEE01,TEX08
APT02,CHB01,2ND-BOX-60,Finished product,Second,PLEE0-XS,Pants,Pants - Gold,XS,173.0,1,PLEE01,TEX08
APT02,CHB01,2ND-BOX-60,Finished product,Second,PLEE1-XS,Pants,Pants - Black,XS,173.0,3,PLEE11,LIN08
APT02,CHB01,2ND-BOX-60,Finished product,Second,PLEE0-XS,Pants,Pants - Rose,XS,173.0,1,PLEE01,ATO08
APT02,CHB01,2ND-BOX-60,Finished product,Second,PLEE0-L,Pants,Pants - Rose,L,173.0,1,PLEE01,ATO08
APT02,CHB01,2ND-BOX-60,Finished product,Second,PLEE0-XS,Pants,Pants - Black,XS,173.0,1,PLEE01,SUT08
APT02,CHB01,2ND-BOX-60,Finished product,Second,PLEE0-M,Pants,Pants - Gold,M,173.0,5,PLEE01,SUT08
APT02,CHB01,2ND-BOX-60,Finished product,Second,PLEE0-S,Pants,Pants - Gold,S,173.0,2,PLEE01,SUT08
APT02,CHB01,2ND-BOX-60,Finished product,Second,PLEE0-L,Pants,Pants - Noir,L,173.0,2,PLEE01,SOL14
APT02,CHB01,2ND-BOX-60,Finished product,Second,PLEE0-3XL,Pants,Pants - Noir,3XL,173.0,1,PLEE01,SOL14
APT02,CHB01,2ND-BOX-60,Finished product,Second,PLEE0-XS,Pants,Pants - Noir,XS,173.0,1,PLEE01,SOL14
APT02,CHB01,2ND-BOX-60,Finished product,Second,PLEE0-M,Pants,Pants - Rust,M,173.0,1,PLEE01,SOL14
APT02,CHB01,2ND-BOX-60,Finished product,Second,PLEE0-L,Pants,Pants - Rust,L,173.0,1,PLEE01,SOL14
APT02,CHB01,2ND-BOX-60,Finished product,Second,PLEE0-2XL,Pants,Pants - Rust,2XL,173.0,1,PLEE01,SOL14
APT02,CHB01,2ND-BOX-60,Finished product,Second,PLEE0-S,Pants,Pants - Cream,S,173.0,1,PLEE01,GAR08
APT02,CHB01,2ND-BOX-60,Finished product,Second,PLEE0-2XL,Pants,Pants - Rust,2XL,173.0,1,PLEE01,SUT08
APT02,CHB01,2ND-BOX-60,Finished product,Second,PLEE0-XS,Pants,Pants - Blu,XS,173.0,2,PLEE01,BAT08
APT02,CHB01,2ND-BOX-60,Finished product,Second,PLEE0-3XL,Pants,Pants - Cream,3XL,173.0,1,PLEE01,ZEN08
APT02,CHB01,2ND-BOX-60,Finished product,Second,PLEE0-2XL,Pants,Pants - Rose,2XL,173.0,1,PLEE01,BLO08
APT02,CHB01,2ND-BOX-60,Finished product,Second,PLEE0-L,Pants,Pants - White,L,173.0,1,PLEE01,ZEN08
APT02,CHB01,2ND-BOX-60,Finished product,Second,PLEE0-L,Pants,Pants - Teal,L,173.0,1,PLEE01,BLO08
APT02,CHB01,2ND-BOX-60,Finished product,Second,PLEE0-XS,Pants,Pants - Blu,XS,173.0,1,PLEE01,SUT08
APT02,CHB01,2ND-BOX-60,Finished product,Second,PLEE1-M,Pants,Pants - Azul,M,173.0,1,PLEE11,LIN08
APT02,CHB01,2ND-BOX-25,Finished product,Second,JUMY0-XL,Jumpsuit,Jumpsuit - Blue,XL,173.0,1,JUMY01,YRA08
APT02,CHB01,2ND-BOX-25,Finished product,Second,JUMY0-M,Jumpsuit,Jumpsuit - Blue,M,173.0,1,JUMY01,YRA08
APT02,CHB01,2ND-BOX-25,Finished product,Second,JUMY0-M,Jumpsuit,Jumpsuit - Teal,M,173.0,1,JUMY01,WAL08
APT02,CHB01,2ND-BOX-25,Finished product,Second,JUMY0-S,Jumpsuit,Jumpsuit - Teal,S,173.0,1,JUMY01,WAL08
APT02,CHB01,2ND-BOX-25,Finished product,Second,JUMY0-XL,Jumpsuit,Jumpsuit - Rust,XL,173.0,1,JUMY01,SOL14
APT02,CHB01,2ND-BOX-62,Finished product,Second,PLEE0-M,Pants,Pants - Gold,M,173.0,13,PLEE01,SUT08
APT02,CHB01,2ND-BOX-62,Finished product,Second,PLEE0-S,Pants,Pants - Gold,S,173.0,12,PLEE01,SUT08
APT02,CHB01,2ND-BOX-62,Finished product,Second,PLEE0-2XL,Pants,Pants - Gold,2XL,173.0,4,PLEE01,SUT08
APT02,CHB01,2ND-BOX-62,Finished product,Second,PLEE0-3XL,Pants,Pants - Gold,3XL,173.0,2,PLEE01,SUT08
APT02,CHB01,2ND-BOX-62,Finished product,Second,PLEE0-L,Pants,Pants - Gold,L,173.0,5,PLEE01,SUT08
APT02,CHB01,2ND-BOX-62,Finished product,Second,PLEE0-XS,Pants,Pants - Black,XS,173.0,2,PLEE01,SOK08
APT02,CHB01,2ND-BOX-62,Finished product,Second,PLEE0-S,Pants,Pants - Black,S,173.0,2,PLEE01,SOK08
APT02,CHB01,2ND-BOX-62,Finished product,Second,PLEE0-L,Pants,Pants - Black,L,173.0,2,PLEE01,SOK08
APT02,CHB01,2ND-BOX-62,Finished product,Second,PLEE0-M,Pants,Pants - Black,M,173.0,2,PLEE01,SOK08
APT02,CHB01,2ND-BOX-62,Finished product,Second,PLEE0-S,Pants,Pants - Gold,S,173.0,4,PLEE01,TEX08
APT02,CHB01,2ND-BOX-62,Finished product,Second,PLEE0-XS,Pants,Pants - Gold,XS,173.0,3,PLEE01,TEX08
APT02,CHB01,2ND-BOX-62,Finished product,Second,PLEE1-3XL,Pants,Pants - Black,3XL,173.0,1,PLEE11,LIN08
APT02,CHB01,2ND-BOX-62,Finished product,Second,PLEE1-XS,Pants,Pants - Black,XS,173.0,1,PLEE11,LIN08
APT02,CHB01,2ND-BOX-62,Finished product,Second,PLEE1-XL,Pants,Pants - Black,XL,173.0,1,PLEE11,LIN08
APT02,CHB01,2ND-BOX-62,Finished product,Second,PLEE1-S,Pants,Pants - Black,S,173.0,1,PLEE11,LIN08
APT02,CHB01,2ND-BOX-62,Finished product,Second,PLEE0-L,Pants,Pants - Vert,L,173.0,6,PLEE01,SAL08
APT02,CHB01,2ND-BOX-62,Finished product,Second,PLEE0-M,Pants,Pants - Rust,M,173.0,2,PLEE01,SOL14
APT02,CHB01,2ND-BOX-62,Finished product,Second,PLEE0-S,Pants,Pants - Rust,S,173.0,2,PLEE01,SOL14
APT02,CHB01,2ND-BOX-62,Finished product,Second,PLEE0-XS,Pants,Pants - Black,XS,173.0,2,PLEE01,SUT08
APT02,CHB01,2ND-BOX-62,Finished product,Second,PLEE0-L,Pants,Pants - Noir,L,173.0,1,PLEE01,SOL14
APT02,CHB01,2ND-BOX-62,Finished product,Second,PLEE0-M,Pants,Pants - Cream,M,173.0,1,PLEE01,TIL08
APT02,CHB01,2ND-BOX-62,Finished product,Second,PLEE0-XS,Pants,Pants - Blu,XS,173.0,1,PLEE01,ATO08
APT02,CHB01,2ND-BOX-62,Finished product,Second,PLEE0-S,Pants,Pants - Noir,S,173.0,1,PLEE01,HER08
APT02,CHB01,2ND-BOX-25,Finished product,Second,JUMY0-XL,Jumpsuit,Jumpsuit - Noir,XL,173.0,1,JUMY01,SOL14
APT02,CHB01,FST-BOX-31,Finished product,First,PJAN0-M,Pants,Pants - Navy,M,173.0,1,PJAN01,SOR08
APT02,CHB01,FST-BOX-31,Finished product,First,TINA0-M,Top,Top - Navy,M,,1,TINA01,SOR08
APT02,CHB01,FST-BOX-31,Finished product,First,PJAN0-S,Pants,Pants - Navy,S,173.0,1,PJAN01,ULA08
APT02,CHB01,FST-BOX-31,Finished product,First,XMOU0-OS,Headwrap,Top - Navy,OS,,1,XMOU01,ULA08
APT02,CHB01,FST-BOX-31,Finished product,First,DSAT0-3XL-C,Dress,Dress - Olive,3XL,186.0,1,DSAT01,ALI08
APT02,CHB01,2ND-BOX-63,Finished product,Second,KMIN0-2XL,Kimono,Kimono - Vert,2XL,173.0,10,KMIN01,SAL08
APT02,CHB01,2ND-BOX-63,Finished product,Second,KMIN0-XSS,Kimono,Kimono - Vert,XSS,173.0,3,KMIN01,SAL08
APT02,CHB01,2ND-BOX-63,Finished product,Second,KMIN0-XL,Kimono,Kimono - Cream,XL,173.0,1,KMIN01,TIL08
APT02,CHB01,2ND-BOX-63,Finished product,Second,KMIN0-3XL,Kimono,Kimono - Cream,3XL,173.0,1,KMIN01,TIL08
APT02,CHB01,2ND-BOX-63,Finished product,Second,KMIN0-2XL,Kimono,Kimono - Cream,2XL,173.0,2,KMIN01,TIL08
APT02,CHB01,2ND-BOX-63,Finished product,Second,KMIN0-XSS,Kimono,Kimono - Cream,XSS,173.0,2,KMIN01,TIL08
APT02,CHB01,2ND-BOX-63,Finished product,Second,KMIN0-XSS,Kimono,Kimono - Teal,XSS,173.0,13,KMIN01,BLO08
APT02,CHB01,2ND-BOX-63,Finished product,Second,KMIN1-ML,Kimono,Kimono - Yellow,ML,173.0,13,KMIN11,ANA08
APT02,CHB01,2ND-BOX-63,Finished product,Second,KMIN1-3XL,Kimono,Kimono - Yellow,3XL,173.0,4,KMIN11,ANA08
APT02,CHB01,2ND-BOX-63,Finished product,Second,KMIN0-XL,Kimono,Kimono - Noir,XL,173.0,2,KMIN01,HER08
APT02,CHB01,2ND-BOX-63,Finished product,Second,KMIN0-2XL,Kimono,Kimono - Noir,2XL,173.0,1,KMIN01,HER08
APT02,CHB01,2ND-BOX-63,Finished product,Second,KMIN0-XSS,Kimono,Kimono - Rose,XSS,173.0,3,KMIN01,ATO08
APT02,CHB01,2ND-BOX-63,Finished product,Second,KMIN0-XL,Kimono,Kimono - Rose,XL,173.0,1,KMIN01,ATO08
APT02,CHB01,2ND-BOX-63,Finished product,Second,KMIN0-XSS,Kimono,Kimono - Gold,XSS,173.0,1,KMIN01,SUT08
APT02,CHB01,2ND-BOX-63,Finished product,Second,KMIN0-2XL,Kimono,Kimono - Cream,2XL,173.0,2,KMIN01,ZEN08
APT02,CHB01,2ND-BOX-63,Finished product,Second,KMIN0-XSS,Kimono,Kimono - White,XSS,173.0,1,KMIN01,NDA08
APT02,CHB01,2ND-BOX-64,Finished product,Second,DFAN0-L,Dress,Dress - Cream,L,173.0,1,DFAN01,TIL08
APT02,CHB01,2ND-BOX-64,Finished product,Second,DFAN0-M,Dress,Dress - Cream,M,173.0,1,DFAN01,TIL08
APT02,CHB01,2ND-BOX-64,Finished product,Second,DFAN0-3XL,Dress,Dress - Cream,3XL,173.0,1,DFAN01,TIL08
APT02,CHB01,2ND-BOX-64,Finished product,Second,DFAN0-S,Dress,Dress - Cream,S,173.0,1,DFAN01,TIL08
APT02,CHB01,2ND-BOX-64,Finished product,Second,DFAN0-2XL,Dress,Dress - Cream,2XL,173.0,1,DFAN01,TIL08
APT02,CHB01,2ND-BOX-64,Finished product,Second,DLAL0-XL,Dress,Dress - Gold,XL,173.0,9,DLAL01,SUT08
APT02,CHB01,2ND-BOX-64,Finished product,Second,DLAL0-M,Dress,Dress - Gold,M,173.0,3,DLAL01,SUT08
APT02,CHB01,2ND-BOX-64,Finished product,Second,DLAL0-XS,Dress,Dress - Gold,XS,173.0,6,DLAL01,SUT08
APT02,CHB01,2ND-BOX-64,Finished product,Second,DMAR0-3XL,Dress,Dress - Blu,3XL,173.0,2,DMAR01,GYR08
APT02,CHB01,2ND-BOX-64,Finished product,Second,DMAR0-XL,Dress,Dress - Blu,XL,173.0,1,DMAR01,GYR08
APT02,CHB01,2ND-BOX-64,Finished product,Second,DMAR0-L,Dress,Dress - Blu,L,173.0,1,DMAR01,GYR08
APT02,CHB01,2ND-BOX-64,Finished product,Second,DMAR0-2XL,Dress,Dress - Blu,2XL,173.0,1,DMAR01,GYR08
APT02,CHB01,2ND-BOX-64,Finished product,Second,DMAR0-XS,Dress,Dress - Blu,XS,173.0,7,DMAR01,GYR08
APT02,CHB01,2ND-BOX-64,Finished product,Second,DMAR0-XS,Dress,Dress - Cream,XS,173.0,1,DMAR01,GAR08
APT02,CHB01,2ND-BOX-64,Finished product,Second,DMAR0-S,Dress,Dress - Cream,S,173.0,1,DMAR01,GAR08
APT02,CHB01,2ND-BOX-62,Finished product,Second,PLEE0-2XL,Pants,Pants - Vert,2XL,173.0,1,PLEE01,SAL08
APT02,CHB01,2ND-BOX-62,Finished product,Second,PLEE0-2XL,Pants,Pants - Rust,2XL,173.0,1,PLEE01,SOL14
APT02,CHB01,2ND-BOX-62,Finished product,Second,PLEE0-XL,Pants,Pants - Noir,XL,173.0,1,PLEE01,SOL14
APT02,CHB01,2ND-BOX-62,Finished product,Second,PLEE0-XS,Pants,Pants - Gold,XS,173.0,1,PLEE01,SUT08
APT02,CHB01,2ND-BOX-62,Finished product,Second,PLEE0-XS,Pants,Pants - Cream,XS,173.0,2,PLEE01,TIL08
APT02,CHB01,2ND-BOX-64,Finished product,Second,YSEU0-XSS,Skirt,Skirt - Noir,XSS,173.0,1,YSEU01,HER08
APT02,CHB01,2ND-BOX-64,Finished product,Second,YSEU0-XL,Skirt,Skirt - Noir,XL,173.0,2,YSEU01,HER08
APT02,CHB01,2ND-BOX-64,Finished product,Second,YSEU0-XSS,Skirt,Skirt - Teal,XSS,173.0,2,YSEU01,BLO08
APT02,CHB01,2ND-BOX-64,Finished product,Second,YSEU0-ML,Skirt,Skirt - Teal,ML,173.0,1,YSEU01,BLO08
APT02,CHB01,2ND-BOX-64,Finished product,Second,YSEU0-ML,Skirt,Skirt - Blu,ML,173.0,1,YSEU01,SUT08
APT02,CHB01,2ND-BOX-64,Finished product,Second,YSEU0-XL,Skirt,Skirt - Rose,XL,173.0,1,YSEU01,ATO08
APT02,CHB01,2ND-BOX-64,Finished product,Second,YSEU0-ML,Skirt,Skirt - Noir,ML,173.0,1,YSEU01,IMA08
APT02,CHB01,2ND-BOX-64,Finished product,Second,YSEU0-XL,Skirt,Skirt - Noir,XL,173.0,1,YSEU01,IMA08
APT02,CHB01,2ND-BOX-64,Finished product,Second,YSEU0-ML,Skirt,Skirt - Noir,ML,173.0,1,YSEU01,ABS08
APT02,CHB01,2ND-BOX-25,Finished product,Second,JUMYO-M,Jumpsuit,Jumpsuit - Vert,M,173.0,1,JUMYO1,SAL08
APT02,CHB01,2ND-BOX-25,Finished product,Second,JUMY1-S,Jumpsuit,Jumpsuit - White,S,173.0,1,JUMY11,SIN08
APT02,CHB01,2ND-BOX-39,Finished product,Second,TREE0-3XL,Top,Top - Vert,3XL,173.0,1,TREE01,SAL08
APT02,CHB01,2ND-BOX-62,Finished product,Second,PLEE0-2XL,Pants,Pants - Noir,2XL,173.0,1,PLEE01,IMA08
APT02,CHB01,2ND-BOX-62,Finished product,Second,PLEE0-2XL,Pants,Pants - Black,2XL,173.0,1,PLEE01,GUD08
APT02,CHB01,2ND-BOX-62,Finished product,Second,PLEE0-2XL,Pants,Pants - Mustard,2XL,173.0,2,PLEE01,SOL14
APT02,CHB01,2ND-BOX-62,Finished product,Second,DLAL0-XS,Dress,Dress - Gold,XS,173.0,1,DLAL01,SUT08
APT02,CHB01,2ND-BOX-65,Finished product,Second,DLAL0-XS,Dress,Dress - Gold,XS,173.0,8,DLAL01,SUT08
APT02,CHB01,2ND-BOX-65,Finished product,Second,DLAL0-M,Dress,Dress - Gold,M,173.0,5,DLAL01,SUT08
APT02,CHB01,2ND-BOX-65,Finished product,Second,DLAL0-L,Dress,Dress - Gold,L,173.0,9,DLAL01,SUT08
APT02,CHB01,2ND-BOX-65,Finished product,Second,DLAL0-XL,Dress,Dress - Gold,XL,173.0,6,DLAL01,SUT08
APT02,CHB01,2ND-BOX-64,Finished product,Second,YSEU0-2XL,Skirt,Skirt - aqua,2XL,173.0,1,YSEU01,PLA08
APT02,CHB01,2ND-BOX-65,Finished product,Second,DYAL0-XL,Dress,Dress - Teal,XL,173.0,5,DYAL01,SOL14
APT02,CHB01,2ND-BOX-23,Finished product,Second,DSAT0-L,Dress,Dress - Vert,L,173.0,1,DSAT01,PAL08
APT02,CHB01,2ND-BOX-23,Finished product,Second,DSAT0-M,Dress,Dress - Blanc,M,173.0,1,DSAT01,DHA20
APT02,CHB01,2ND-BOX-65,Finished product,Second,KBOU0-OS,Kimono,Kimono - Teal,OS,173.0,1,KBOU01,BWA08
APT02,CHB01,2ND-BOX-65,Finished product,Second,JLEA0-L,Jumpsuit,Jumpsuit - Noir,L,173.0,1,JLEA01,HER08
APT02,CHB01,2ND-BOX-65,Finished product,Second,JLEA0-2XL,Jumpsuit,Jumpsuit - Noir,2XL,173.0,1,JLEA01,HER08
APT02,CHB01,FST-BOX-31,Finished product,First,DMED0-XL,Dress,Dress - Rust,XL,173.0,1,DMED01,SCR12
APT02,CHB01,FST-BOX-31,Finished product,First,DTUB0-2XL,Dress,Dress - Navy,2XL,173.0,1,DTUB01,LUM08
APT02,CHB01,2ND-BOX-55,Finished product,Second,TREE0-S,Top,Top - Vert,S,,1,TREE01,SAL08
APT02,CHB01,2ND-BOX-55,Finished product,Second,TZAN0-M,Top,Top - Cream,M,,1,TZAN01,TIL08
APT02,CHB01,2ND-BOX-55,Finished product,Second,TZAN0-3XL,Top,Top - Cream,3XL,,1,TZAN01,TIL08
APT02,CHB01,2ND-BOX-55,Finished product,Second,JUMY0-L,Jumpsuit,Jumpsuit - Rose,L,173.0,1,JUMY01,ABS08
APT02,CHB01,2ND-BOX-55,Finished product,Second,DSAT0-M,Dress,Dress - Vert,M,173.0,1,DSAT01,SAL08
APT02,CHB01,2ND-BOX-55,Finished product,Second,DSAT0-L,Dress,Dress - Vert,L,173.0,1,DSAT01,SAL08
APT02,CHB01,FST-BOX-28,Finished product,First,TZAN0-M,Top,Top - Gold,M,,1,TZAN01,DHA20
APT02,CHB01,FST-BOX-28,Finished product,First,DNAI0-L,Dress,Dress - Gold,L,173.0,1,DNAI01,DHA20
APT02,CHB01,FST-BOX-28,Finished product,First,PJAN0-S,Pants,Pants - Rose,S,173.0,1,PJAN01,SAN08
APT02,CHB01,FST-BOX-28,Finished product,First,DSAT0-L-C,Dress,Dress - Gold,L,176.0,1,DSAT01,TEX08
APT02,CHB01,FST-BOX-28,Finished product,First,DSAT0-M-C,Dress,Dress - Gold,M,176.0,1,DSAT01,TEX08
APT02,CHB01,FST-BOX-28,Finished product,First,DSAT0-L-C,Dress,Dress - Rose,L,176.0,1,DSAT01,PLA08
APT02,CHB01,FST-BOX-28,Finished product,First,DSAT0-L-C,Dress,Dress - Gold,L,178.0,1,DSAT01,DHA20
APT02,CHB01,FST-BOX-28,Finished product,First,DTUB0-M,Dress,Dress - Blu,M,173.0,1,DTUB01,AUR08
APT02,CHB01,FST-BOX-28,Finished product,First,YSEU0-XSS,Skirt,Skirt - Olive,XSS,173.0,1,YSEU01,ALI08
APT02,CHB01,2ND-BOX-55,Finished product,Second,TFAT0-S,Top,Top - Mustard,S,,1,TFAT01,JAR08
APT02,CHB01,FST-BOX-28,Finished product,First,YLYS0-M,Skirt,Skirt - Rust,M,173.0,1,YLYS01,DHA20
APT02,CHB01,FST-BOX-28,Finished product,First,PLEE0-XS,Pants,Pants - Blu,XS,173.0,1,PLEE01,COS08
APT02,CHB01,2ND-BOX-24,Finished product,Second,DMAI0-M,Dress,Dress - White,M,173.0,3,DMAI01,SIN08
APT02,CHB01,2ND-BOX-24,Finished product,Second,DMAI0-M-C,Dress,Dress - White,M,171.0,2,DMAI01,SIN08
APT02,CHB01,2ND-BOX-24,Finished product,Second,DMAI0-L-C,Dress,Dress - White,L,170.0,1,DMAI01,SIN08
APT02,CHB01,2ND-BOX-24,Finished product,Second,DMAI0-XL-C,Dress,Dress - White,XL,170.0,1,DMAI01,SIN08
APT02,CHB01,2ND-BOX-24,Finished product,Second,DMAI0-M-C,Dress,Dress - White,M,170.0,2,DMAI01,SIN08
APT02,CHB01,2ND-BOX-24,Finished product,Second,DMAI0-XS-C,Dress,Dress - White,XS,166.0,1,DMAI01,SIN08
APT02,CHB01,2ND-BOX-24,Finished product,Second,DMAI0-M-C,Dress,Dress - White,M,168.0,2,DMAI01,SIN08
APT02,CHB01,2ND-BOX-24,Finished product,Second,DMAI0-L-C,Dress,Dress - White,L,171.0,1,DMAI01,SIN08
APT02,CHB01,2ND-BOX-24,Finished product,Second,DMAI0-M-C,Dress,Dress - White,M,169.0,1,DMAI01,SIN08
APT02,CHB01,2ND-BOX-24,Finished product,Second,DMAI0-2XL-C,Dress,Dress - White,2XL,170.0,1,DMAI01,SIN08
APT02,CHB01,2ND-BOX-24,Finished product,Second,DMAI0-XS-C,Dress,Dress - White,XS,165.0,1,DMAI01,SIN08
APT02,CHB01,2ND-BOX-54,Finished product,Second,DMAI0-L-C,Dress,Dress - Noir,L,169.0,1,DMAI01,SCR08
APT02,CHB01,2ND-BOX-54,Finished product,Second,DMAI0-L-C,Dress,Dress - Noir,L,170.0,2,DMAI01,SCR08
APT02,CHB01,2ND-BOX-54,Finished product,Second,DMAI0-M-C,Dress,Dress - Noir,M,171.0,1,DMAI01,SCR08
APT02,CHB01,2ND-BOX-54,Finished product,Second,DMAI0-XS-C,Dress,Dress - Noir,XS,170.0,1,DMAI01,SCR08
APT02,CHB01,2ND-BOX-54,Finished product,Second,DMAI0-M-C,Dress,Dress - Gold,M,172.0,1,DMAI01,SUT08
APT02,CHB01,2ND-BOX-54,Finished product,Second,DMAI0-S,Dress,Dress - Gold,S,173.0,1,DMAI01,SUT08
APT02,CHB01,2ND-BOX-54,Finished product,Second,DMAI0-L,Dress,Dress - Gold,L,173.0,1,DMAI01,SUT08
APT02,CHB01,2ND-BOX-54,Finished product,Second,DMAI0-S-C,Dress,Dress - Gold,S,172.0,1,DMAI01,SUT08
APT02,CHB01,2ND-BOX-55,Finished product,Second,DLAL0-S,Dress,Dress - Noir,S,173.0,1,DLAL01,ALI08
APT02,CHB01,2ND-BOX-55,Finished product,Second,TSAR0-S,Top,top - Navy,S,173.0,2,TSAR01,COS08
APT02,CHB01,FST-BOX-23,Finished product,First,PJAN0-M,Pants,Pants - Yellow,M,173.0,1,PJAN01,ROC08
APT02,CHB01,FST-BOX-32,Finished product,First,OAMY1-OS,Poncho,Poncho - Red,OS,173.0,10,OAMY11,ZAR08
APT02,CHB01,FST-BOX-32,Finished product,First,OAMY1-OS,Poncho,Poncho - black,OS,173.0,2,OAMY11,SUT08
APT02,CHB01,2ND-BOX-50,Finished product,Second,DLAL0-L,Dress,Dress - gold,L,173.0,18,DLAL01,SUT08
APT02,CHB01,2ND-BOX-42,Finished product,Second,DMAI0-M,Dress,Dress - gold,M,173.0,9,DMAI01,SUT08
APT02,CHB01,2ND-BOX-51,Finished product,Second,DMAY0-2XL-C,Dress,Dress - Gold,2XL,168.0,5,DMAY01,FIO08
APT02,CHB01,2ND-BOX-40,Finished product,Second,DMAY0-XS,Dress,Dress - Gold,XS,173.0,1,DMAY01,FIO08
APT02,CHB01,2ND-BOX-55,Finished product,Second,DLAL0-S,Dress,Dress - gold,S,173.0,2,DLAL01,SUT08
APT02,CHB01,2ND-BOX-55,Finished product,Second,DLAL0-M,Dress,Dress - gold,M,173.0,2,DLAL01,SUT08
APT02,CHB01,2ND-BOX-55,Finished product,Second,DLAL0-XL,Dress,Dress - gold,XL,173.0,1,DLAL01,SUT08
APT02,CHB01,2ND-BOX-27,Finished product,Second,TREE0-3XL,Top,Top - Vert,3XL,173.0,3,TREE01,SAL08
APT02,CHB01,2ND-BOX-3,Finished product,Second,DMAY0-XL-C,Dress,Dress - Gold,XL,180.0,1,DMAY01,TEX08
APT02,CHB01,2ND-BOX-54,Finished product,Second,DMAY0-XL-C,Dress,Dress - Noir,XL,175.0,1,DMAY01,SOL14
APT02,CHB01,2ND-BOX-54,Finished product,Second,DMAI0-M,Dress,Dress - Mustard,M,173.0,1,DMAI01,SOL14
APT02,CHB01,FST-BOX-23,Finished product,First,PJAN0-M,Pants,Pants - Navy,M,173.0,1,PJAN01,SOR08
APT02,CHB01,FST-BOX-23,Finished product,First,PLEE0-XS,Pants,Pants - Noir,XS,173.0,1,PLEE01,ZEE24
APT02,CHB01,FST-BOX-23,Finished product,First,OAMY1-OS,Poncho,Poncho - Rust,OS,173.0,1,OAMY11,CHI08
APT02,CHB01,FST-BOX-33,Finished product,First,DYAL0-L,Dress,Dress - blue,L,173.0,35,DYAL01,GYR08
APT02,CHB01,FST-BOX-33,Finished product,First,DYAL0-M,Dress,Dress - blue,M,173.0,15,DYAL01,GYR08
APT02,CHB01,FST-BOX-33,Finished product,First,DYAL0-XL,Dress,Dress - blue,XL,173.0,6,DYAL01,GYR08
APT02,CHB01,FST-BOX-23,Finished product,First,PHAN0-S-C,Pants,Pants - rose,S,171.0,1,PHAN01,PLA08
APT02,CHB01,2ND-BOX-51,Finished product,Second,DMAI0-XS,Dress,Dress - Gold,XS,173.0,1,DMAI01,SUT08
APT02,CHB01,2ND-BOX-51,Finished product,Second,DMAI0-S,Dress,Dress - White,S,173.0,1,DMAI01,SIN08
APT02,CHB01,FST-BOX-29,Finished product,First,DSAT0-3XL-C,Dress,Dress - Rust,3XL,170.0,1,DSAT01,CHI08
APT02,CHB01,2ND-BOX-63,Finished product,Second,DTUN0-2XL,Dress,Dress - White,2XL,173.0,4,DTUN01,SIN08
APT02,CHB01,2ND-BOX-63,Finished product,Second,DTUN0-XS,Dress,Dress - White,XS,173.0,1,DTUN01,SIN08
APT02,CHB01,2ND-BOX-63,Finished product,Second,DTUN0-S,Dress,Dress - White,S,173.0,1,DTUN01,SIN08
APT02,CHB01,2ND-BOX-22,Finished product,Second,JALA0-2XL,Jumpsuit,Jumpsuit - Teal,2XL,173.0,1,JALA01,WAL08
APT02,CHB01,2ND-BOX-22,Finished product,Second,JALA0-3XL,Jumpsuit,Jumpsuit - Noir,3XL,173.0,1,JALA01,SOL09
APT02,CHB01,2ND-BOX-54,Finished product,Second,DMAI0-XS,Dress,Dress - White,XS,173.0,1,DMAI01,SIN08
APT02,CHB01,2ND-BOX-54,Finished product,Second,DMAI0-3XL,Dress,Dress - White,3XL,173.0,1,DMAI01,SIN08
APT02,CHB01,2ND-BOX-54,Finished product,Second,DMAI0-M,Dress,Dress - Gold,M,173.0,1,DMAI01,SUT08
